gene	cpm
YAL001C	21.19905231
YAL002W	27.45922261
YAL003W	2243.946186
YAL005C	1426.868118
YAL007C	150.4118854
YAL008W	38.21126281
YAL009W	33.10983359
YAL010C	17.55824192
YAL011W	11.87696576
YAL012W	458.7592312
YAL013W	34.8848456
YAL014C	51.51513378
YAL015C	32.37442719
YAL016W	177.6862896
YAL017W	75.9672846
YAL018C	4.7383959
YAL019W	68.26708587
YAL020C	31.45812899
YAL021C	62.85499944
YAL022C	39.41801365
YAL023C	151.4087268
YAL024C	20.21686097
YAL025C	116.9124048
YAL026C	59.30998307
YAL027W	31.04432202
YAL028W	11.5263237
YAL029C	79.1669332
YAL030W	78.56631138
YAL031C	19.21274473
YAL032C	35.00936168
YAL033W	87.47061762
YAL034C	39.75019684
YAL034W-A	30.69455075
YAL035W	235.5218309
YAL036C	142.2033365
YAL037C-A	2.687346775
YAL037W	34.4921424
YAL038W	6516.649249
YAL039C	136.7540944
YAL040C	79.87312137
YAL041W	43.99838839
YAL042W	176.3415203
YAL043C	45.07710546
YAL044C	361.9912447
YAL044W-A	78.5523324
YAL046C	84.66564454
YAL047C	20.0980619
YAL048C	1.404263678
YAL049C	111.3701341
YAL051W	29.82789918
YAL053W	155.1565152
YAL054C	28.38746847
YAL055W	21.85949885
YAL056W	53.16446644
YAL058W	19.90378288
YAL059W	96.02452937
YAL060W	116.1675061
YAL061W	28.3408556
YAL062W	7.217542356
YAL063C	16.30592613
YAL063C-A	6.61720956
YAL064C-A	0.30389161
YAL064W	4.075339304
YAL064W-B	0.4494565179
YAL065C	1.188694516
YAL067C	3.1892978
YAL068C	0.5779903986
YAR002C-A	193.4103569
YAR002W	61.39791502
YAR003W	19.34252907
YAR007C	73.88814004
YAR008W	26.14013927
YAR014C	69.9796496
YAR015W	91.25966511
YAR018C	26.30916654
YAR019C	18.34922706
YAR020C	15.99471877
YAR023C	6.430643228
YAR027W	124.6146744
YAR028W	38.74065955
YAR029W	16.67565019
YAR031W	14.51041076
YAR033W	26.36164358
YAR035C-A	0.5682380816
YAR035W	10.72802297
YAR042W	26.49827765
YAR050W	10.89250118
YAR064W	0.1425098878
YAR068W	0.6775179729
YAR071W	0.5762083384
YBL001C	316.1800815
YBL002W	641.6971474
YBL003C	1177.126361
YBL004W	157.4875784
YBL005W	11.04457307
YBL006C	87.53216046
YBL007C	114.3066134
YBL008W	30.18167135
YBL008W-A	0.4378523542
YBL009W	29.30301768
YBL010C	15.53118234
YBL011W	60.9927343
YBL013W	0.6191420945
YBL014C	31.86770989
YBL015W	31.36225807
YBL016W	88.223786
YBL017C	116.1774834
YBL018C	44.86773403
YBL019W	13.6575845
YBL020W	62.90961898
YBL021C	31.46926492
YBL022C	181.6255716
YBL023C	36.28832734
YBL024W	120.2775535
YBL025W	20.86328614
YBL026W	142.1767458
YBL027W	2527.806945
YBL028C	180.814673
YBL029C-A	89.94650692
YBL029W	17.69281321
YBL030C	572.4086478
YBL031W	16.30729157
YBL032W	70.39175575
YBL033C	65.18409304
YBL034C	23.98186017
YBL035C	17.0189221
YBL036C	131.1173912
YBL037W	30.6988563
YBL038W	80.94724281
YBL039C	189.4939314
YBL039W-B	33.11746362
YBL040C	131.0534152
YBL041W	367.9764028
YBL042C	90.41278632
YBL043W	22.18316161
YBL044W	4.851010467
YBL045C	203.7366787
YBL046W	41.36598975
YBL047C	109.6481607
YBL048W	4.569674428
YBL049W	10.85781141
YBL050W	131.1301638
YBL051C	64.1841522
YBL052C	25.14982104
YBL054W	73.19128439
YBL055C	49.74314743
YBL056W	116.8641862
YBL057C	80.05098477
YBL058W	205.9755932
YBL059C-A	54.58567755
YBL059W	29.78357233
YBL060W	22.2344562
YBL061C	68.73096995
YBL063W	11.26019105
YBL064C	148.6685124
YBL066C	18.15624522
YBL067C	61.65919571
YBL068W	104.4932367
YBL069W	55.51998109
YBL071C	3.494238113
YBL071C-B	4.478752314
YBL071W-A	54.33126142
YBL072C	2821.601476
YBL074C	1.843097218
YBL075C	44.39828397
YBL076C	384.630004
YBL078C	108.839015
YBL079W	98.83714443
YBL080C	15.06977683
YBL081W	37.79584461
YBL082C	44.46695428
YBL084C	25.02951965
YBL085W	57.88867311
YBL086C	31.58175252
YBL087C	1609.767
YBL088C	29.08931164
YBL089W	20.69406981
YBL090W	68.14354864
YBL091C	89.52610731
YBL091C-A	19.1432593
YBL092W	3943.867894
YBL093C	63.53246278
YBL095W	34.48860662
YBL097W	5.336965913
YBL098W	89.0900361
YBL099W	272.0070088
YBL100W-C	3.317931311
YBL101C	48.13088468
YBL102W	98.5125877
YBL103C	24.61366249
YBL104C	29.13345692
YBL105C	36.53089976
YBL106C	13.623646
YBL107C	86.70500193
YBL108C-A	0.37221189
YBL111C	0.04368527017
YBL112C	0.04328219066
YBL113C	31.2359709
YBR001C	32.348357
YBR002C	71.64827315
YBR003W	56.86842119
YBR004C	98.24112708
YBR005W	167.5424515
YBR006W	60.67928894
YBR007C	47.20045276
YBR008C	33.67730511
YBR009C	1411.621714
YBR010W	1657.940263
YBR011C	1004.611269
YBR013C	0
YBR014C	83.79669503
YBR015C	130.7104282
YBR016W	132.8183845
YBR017C	98.99697249
YBR018C	8.462775411
YBR021W	28.87230174
YBR022W	50.97275621
YBR023C	96.97195344
YBR024W	17.6245079
YBR025C	740.430068
YBR026C	92.52975485
YBR027C	0.4060598614
YBR028C	23.21475849
YBR029C	138.1867836
YBR030W	33.07152488
YBR031W	1785.677484
YBR032W	6.687500888
YBR033W	3.515887221
YBR034C	149.2934991
YBR035C	157.0924778
YBR036C	132.8368757
YBR037C	33.69143191
YBR038W	53.65931069
YBR039W	289.7656824
YBR040W	11.82123877
YBR041W	67.63654887
YBR042C	75.95318566
YBR043C	26.08923678
YBR044C	36.98298104
YBR045C	8.472774889
YBR046C	15.31101755
YBR047W	17.49592173
YBR048W	1330.248188
YBR049C	46.9616222
YBR050C	8.779808655
YBR052C	113.7828097
YBR053C	37.58053451
YBR054W	232.1498965
YBR055C	38.34473427
YBR056W	75.80756172
YBR056W-A	459.4970237
YBR057C	34.26391529
YBR058C	75.69539564
YBR058C-A	226.5996734
YBR059C	61.52400223
YBR060C	33.20788749
YBR061C	73.9996625
YBR062C	73.54483716
YBR063C	28.65136909
YBR065C	3.966348087
YBR066C	48.28653171
YBR067C	144.4897218
YBR068C	395.4887196
YBR069C	104.965501
YBR070C	36.06819239
YBR071W	118.9577723
YBR072C-A	9.292580306
YBR072W	60.95704647
YBR073W	86.20458544
YBR074W	55.82721451
YBR076W	2.883689699
YBR077C	36.06793544
YBR078W	655.529432
YBR079C	276.3999551
YBR080C	65.9270643
YBR081C	36.7512852
YBR082C	927.2458557
YBR083W	44.18506549
YBR084C-A	2458.530421
YBR084W	185.7865676
YBR085C-A	636.799204
YBR085W	10.19655693
YBR086C	149.4344909
YBR087W	97.81075206
YBR088C	157.967338
YBR089C-A	219.2279296
YBR090C	1.494181817
YBR091C	75.58919886
YBR092C	147.657168
YBR093C	40.38058621
YBR094W	40.24545017
YBR095C	30.45283589
YBR096W	173.2511664
YBR097W	17.40058859
YBR098W	14.8214697
YBR101C	215.2923403
YBR102C	20.36340659
YBR103W	42.10677144
YBR104W	57.30498702
YBR105C	45.11887874
YBR106W	576.4450881
YBR107C	8.852274315
YBR108W	30.546976
YBR109C	508.386939
YBR110W	60.36888753
YBR111C	172.7435605
YBR111W-A	95.89130404
YBR112C	63.91980514
YBR114W	40.30658517
YBR115C	100.8207257
YBR117C	5.695566264
YBR118W	9744.304658
YBR119W	335.1538798
YBR120C	43.65175148
YBR121C	506.1761304
YBR122C	118.685422
YBR123C	25.42120505
YBR125C	63.4139787
YBR126C	197.842703
YBR126W-A	313.0578932
YBR127C	408.4755692
YBR128C	3.249978264
YBR129C	46.65567946
YBR130C	73.93135762
YBR131W	13.49613041
YBR132C	30.90577773
YBR133C	39.36837956
YBR135W	81.4929195
YBR136W	30.28652057
YBR137W	88.21045225
YBR138C	14.9184139
YBR139W	59.15881061
YBR140C	64.94263856
YBR141C	18.40523574
YBR142W	77.62320674
YBR143C	423.5345757
YBR144C	8.251893298
YBR145W	23.99860785
YBR146W	96.41497019
YBR147W	4.728005756
YBR148W	10.78026196
YBR149W	193.8980656
YBR150C	22.62914217
YBR151W	114.2344127
YBR152W	0.2408862273
YBR153W	39.39573087
YBR154C	292.4986657
YBR155W	47.54240932
YBR156C	15.7744239
YBR157C	20.80115675
YBR158W	138.8937744
YBR159W	192.0853496
YBR160W	70.35044912
YBR161W	25.50478605
YBR162C	353.5677913
YBR162W-A	453.3124464
YBR163W	31.01813965
YBR164C	159.9082195
YBR165W	30.27372525
YBR166C	83.74299165
YBR167C	40.87396741
YBR168W	19.47063166
YBR169C	73.58673149
YBR170C	41.48535647
YBR171W	148.0224738
YBR172C	85.31439437
YBR173C	238.0851788
YBR175W	37.57064298
YBR176W	25.74545207
YBR177C	101.9765672
YBR179C	27.50279978
YBR180W	6.907396177
YBR181C	1445.561116
YBR182C	42.85137387
YBR182C-A	7.079410376
YBR183W	76.65066113
YBR184W	15.89582006
YBR185C	48.3771093
YBR186W	0.5501845332
YBR187W	114.1765544
YBR188C	29.28040673
YBR189W	1878.64723
YBR191W	2233.993589
YBR192W	51.75919001
YBR193C	27.68172214
YBR194W	37.19148626
YBR195C	34.51771103
YBR196C	1268.387427
YBR196C-A	22.43897927
YBR196C-B	2.513721248
YBR197C	15.00876815
YBR198C	40.20313183
YBR199W	120.048415
YBR200W	54.35654412
YBR200W-A	3.330127767
YBR201C-A	15.01420584
YBR201W	29.26144764
YBR202W	34.15769838
YBR203W	21.60446791
YBR204C	31.20288243
YBR205W	87.10026483
YBR207W	56.9783829
YBR208C	74.94644503
YBR209W	1.414593632
YBR210W	69.05702295
YBR211C	24.37192321
YBR212W	81.48868986
YBR213W	15.32589511
YBR214W	87.08345348
YBR215W	17.40701669
YBR216C	18.57013038
YBR217W	22.68703857
YBR218C	189.0136771
YBR219C	4.312363444
YBR220C	32.78101721
YBR221C	429.3639697
YBR221W-A	0.4092144575
YBR222C	67.87134078
YBR223C	9.024773588
YBR225W	15.18288758
YBR227C	43.47298982
YBR228W	17.30066109
YBR229C	31.73538109
YBR230C	171.4336629
YBR230W-A	36.91646539
YBR231C	35.30983026
YBR233W	24.72851273
YBR233W-A	33.54262554
YBR234C	162.1767397
YBR235W	28.39468747
YBR236C	47.08982404
YBR237W	29.62193271
YBR238C	43.34884317
YBR239C	16.7184912
YBR240C	10.96128952
YBR241C	13.63051073
YBR242W	88.44483754
YBR243C	25.69633745
YBR244W	47.18642092
YBR245C	52.31416462
YBR246W	59.63763424
YBR247C	101.8581491
YBR248C	70.43076998
YBR249C	490.6215002
YBR250W	7.888032598
YBR251W	98.61689744
YBR252W	146.2873551
YBR253W	73.24453389
YBR254C	48.468237
YBR255C-A	60.26427874
YBR255W	19.71281431
YBR256C	167.9375491
YBR257W	28.33516262
YBR258C	24.59692014
YBR259W	16.98921434
YBR260C	34.524416
YBR261C	70.89372795
YBR262C	120.6257861
YBR263W	165.5856553
YBR264C	33.82364075
YBR265W	55.79328847
YBR266C	3.073994305
YBR267W	96.35870713
YBR268W	138.164855
YBR269C	72.09890548
YBR270C	12.8299852
YBR271W	37.1656062
YBR272C	47.13245641
YBR273C	92.47175329
YBR274W	30.57799281
YBR275C	26.1861167
YBR276C	77.92073315
YBR278W	34.22555637
YBR279W	54.64718977
YBR280C	20.62517271
YBR281C	36.86732532
YBR282W	157.6756696
YBR283C	275.8518794
YBR284W	41.48499865
YBR285W	18.83885665
YBR286W	300.4313099
YBR287W	169.9301162
YBR288C	78.0534405
YBR289W	33.05915602
YBR290W	88.20678041
YBR291C	38.38733746
YBR292C	1.418673418
YBR293W	31.13159854
YBR294W	5.973067747
YBR295W	59.64221424
YBR296C	8.303942696
YBR296C-A	2.702061112
YBR297W	22.76833836
YBR298C	14.60166614
YBR298C-A	0.5332450143
YBR299W	4.453273522
YBR301W	3.845528346
YBR302C	43.58074836
YCL001W	137.7272585
YCL001W-A	0.1985008253
YCL001W-B	3.363336664
YCL002C	34.20787858
YCL004W	10.92644778
YCL005W	35.26319157
YCL005W-A	255.0167807
YCL008C	52.74055062
YCL009C	271.4309188
YCL010C	2.151410078
YCL011C	176.4054894
YCL012C	64.31147912
YCL014W	36.7813065
YCL016C	29.85034758
YCL017C	90.69353006
YCL018W	167.1368701
YCL021W-A	60.4659947
YCL024W	24.08673716
YCL025C	100.5753258
YCL026C-A	6.535583565
YCL026C-B	9.068185836
YCL027W	17.73430436
YCL028W	86.3034028
YCL029C	28.34029857
YCL030C	90.66592395
YCL031C	194.2064037
YCL032W	51.40498163
YCL033C	94.57891081
YCL034W	61.33593709
YCL035C	298.5661278
YCL036W	38.36441738
YCL037C	19.98932174
YCL038C	30.07452359
YCL039W	52.7208224
YCL040W	188.9240781
YCL042W	0.8952223797
YCL043C	507.1554622
YCL044C	164.3453197
YCL045C	100.8692266
YCL047C	34.96707375
YCL048W	5.702756693
YCL048W-A	10.31701978
YCL049C	111.1989209
YCL050C	289.6784903
YCL051W	29.54312635
YCL052C	56.89842945
YCL054W	97.48951437
YCL054W-A	0.2936572782
YCL055W	57.28659796
YCL056C	33.8683622
YCL057C-A	191.171123
YCL057W	98.24590687
YCL058C	3.343938427
YCL058W-A	92.10195739
YCL059C	158.6491019
YCL061C	14.87857896
YCL063W	15.87654695
YCL064C	101.6962454
YCL066W	1.454731511
YCL067C	8.824891491
YCL068C	0.04448007595
YCL069W	0
YCL073C	0.1074554644
YCR001W	0.3236667053
YCR002C	110.0544763
YCR003W	76.78056925
YCR004C	140.125712
YCR005C	265.7633508
YCR006C	1.946011657
YCR007C	24.43195905
YCR008W	66.67299488
YCR009C	166.5468108
YCR010C	16.4736594
YCR011C	51.27162832
YCR012W	5700.214861
YCR014C	39.83258809
YCR015C	44.18483615
YCR016W	93.73796146
YCR017C	77.94881604
YCR018C	89.97609516
YCR019W	33.15271731
YCR020C	27.79548813
YCR020C-A	66.61053642
YCR020W-B	58.18559667
YCR021C	227.9957958
YCR022C	11.0794687
YCR023C	30.04334811
YCR024C	18.2011089
YCR024C-A	17.84741003
YCR024C-B	1114.726131
YCR025C	5.725321472
YCR026C	35.38310776
YCR027C	16.44060911
YCR028C	6.102701893
YCR028C-A	255.3346377
YCR030C	61.45349877
YCR031C	2393.48241
YCR032W	19.34449033
YCR033W	52.81008199
YCR034W	164.7019847
YCR035C	84.64136412
YCR036W	86.35482184
YCR037C	41.57247365
YCR038C	12.15428461
YCR039C	53.59814494
YCR040W	19.62498663
YCR041W	10.99658964
YCR042C	35.48208581
YCR043C	169.1012632
YCR044C	51.77492903
YCR045C	1.849848869
YCR046C	105.5463033
YCR047C	52.53881921
YCR048W	60.71763623
YCR050C	1.156545411
YCR051W	106.8727469
YCR052W	68.7252763
YCR053W	375.9093573
YCR054C	33.31130047
YCR057C	100.2180851
YCR059C	59.03403257
YCR060W	122.4178916
YCR061W	80.78896553
YCR063W	7.77389114
YCR065W	27.79555889
YCR066W	25.5627788
YCR067C	55.49728022
YCR068W	1.083236501
YCR069W	68.23259672
YCR071C	99.11669929
YCR072C	48.32951706
YCR073C	27.05326257
YCR073W-A	64.15949406
YCR075C	18.95829255
YCR075W-A	53.31858436
YCR076C	20.81425663
YCR077C	92.3499688
YCR079W	25.97242164
YCR081W	1.43357737
YCR082W	184.6992597
YCR083W	104.8173891
YCR084C	104.5623298
YCR085W	4.328466958
YCR086W	25.82517148
YCR087C-A	138.0452515
YCR088W	90.75168327
YCR089W	31.41814447
YCR090C	121.2264265
YCR091W	5.805967284
YCR092C	23.64262474
YCR093W	152.3017606
YCR094W	44.90281714
YCR095C	37.40400169
YCR095W-A	0.3966170529
YCR096C	4.682910649
YCR097W	0.1898900271
YCR098C	18.88342833
YCR099C	17.78868157
YCR100C	0.2643880214
YCR101C	0.2996366106
YCR102C	5.86646557
YCR104W	1.451478824
YCR105W	10.26746051
YCR106W	2.460633496
YCR107W	15.62957325
YCR108C	0.2340823495
YDL001W	26.3571314
YDL002C	49.65984056
YDL003W	38.49303037
YDL004W	275.4819513
YDL005C	33.54729162
YDL006W	49.8890656
YDL007C-A	0.3334714426
YDL007W	303.1264343
YDL008W	60.80488901
YDL009C	1.765133356
YDL010W	53.6855425
YDL012C	95.79567675
YDL013W	24.53419697
YDL014W	511.8157673
YDL015C	219.3262279
YDL017W	20.07976728
YDL018C	33.31245438
YDL019C	54.86799947
YDL020C	162.0225652
YDL021W	20.53875632
YDL022W	148.0563975
YDL024C	3.61346057
YDL025C	28.28307984
YDL027C	40.27346196
YDL028C	35.61333762
YDL029W	196.8764458
YDL030W	23.4165938
YDL031W	118.8671364
YDL033C	22.70668613
YDL035C	45.6595553
YDL036C	19.00631108
YDL037C	0.03790930487
YDL039C	58.53754567
YDL040C	94.37667162
YDL042C	23.43213008
YDL043C	28.25588577
YDL044C	20.01612636
YDL045C	53.56826387
YDL045W-A	132.6606938
YDL046W	285.4090771
YDL047W	79.38677503
YDL048C	187.4936012
YDL049C	14.36252127
YDL051W	231.2664757
YDL052C	94.66648032
YDL053C	119.4661587
YDL054C	37.0311573
YDL055C	949.2140165
YDL056W	44.10423404
YDL057W	11.43567377
YDL058W	43.60829919
YDL059C	12.77523117
YDL060W	118.7311166
YDL061C	1830.139889
YDL063C	77.40664461
YDL064W	86.02983684
YDL065C	40.10858035
YDL066W	134.290489
YDL067C	282.8524817
YDL069C	23.44841984
YDL070W	196.3042333
YDL072C	511.2134882
YDL073W	45.0279449
YDL074C	102.2460531
YDL075W	3069.22271
YDL076C	49.2774337
YDL077C	29.08445541
YDL078C	119.852459
YDL079C	5.576983863
YDL080C	25.90327393
YDL081C	3625.014077
YDL082W	368.9458391
YDL083C	1479.83566
YDL084W	462.3908348
YDL085C-A	53.04723803
YDL085W	3.241682914
YDL086W	196.0175874
YDL087C	6.581007683
YDL088C	62.23107028
YDL089W	33.85639126
YDL090C	21.35351074
YDL091C	29.36127026
YDL092W	134.5223013
YDL093W	55.03602136
YDL095W	124.7467712
YDL097C	371.8542338
YDL098C	49.22020524
YDL099W	91.00052316
YDL100C	323.5690392
YDL101C	40.79395498
YDL102W	29.54170827
YDL103C	71.64003376
YDL104C	10.05772265
YDL105W	6.273767432
YDL106C	31.11973015
YDL107W	37.36621266
YDL108W	30.48354925
YDL109C	1.77035332
YDL110C	92.04755537
YDL111C	101.8585514
YDL112W	65.27175066
YDL113C	35.71109511
YDL114W	4.341080542
YDL115C	33.47171035
YDL116W	57.66459102
YDL117W	65.79392737
YDL119C	39.08270107
YDL120W	102.0699144
YDL121C	106.6212984
YDL122W	126.5797913
YDL123W	68.03265995
YDL124W	241.172001
YDL125C	309.9016497
YDL126C	574.3047113
YDL127W	26.38509105
YDL128W	117.7025928
YDL129W	31.44222697
YDL130W	2579.77155
YDL130W-A	77.0089215
YDL131W	137.4252151
YDL132W	95.80187978
YDL133C-A	17997.06718
YDL133W	34.35323433
YDL134C	186.8577151
YDL135C	120.1012377
YDL136W	800.6191003
YDL137W	312.1795704
YDL138W	17.05977342
YDL139C	14.57954875
YDL140C	169.7564042
YDL141W	37.57074218
YDL142C	31.45864032
YDL143W	349.9741935
YDL144C	55.03164586
YDL145C	181.8984401
YDL146W	28.36278527
YDL147W	317.4980041
YDL148C	66.11228032
YDL149W	17.27195275
YDL150W	67.01902028
YDL153C	108.3069031
YDL154W	15.23461919
YDL155W	25.67776665
YDL156W	0.7159920672
YDL157C	149.9855472
YDL159W	25.5602122
YDL159W-A	0.1985816656
YDL160C	7.515973157
YDL160C-A	50.48741947
YDL161W	91.56717865
YDL164C	34.82189648
YDL165W	87.24125425
YDL166C	109.8289223
YDL167C	65.45384026
YDL168W	127.8563626
YDL169C	12.40238908
YDL170W	20.62753751
YDL171C	233.1859779
YDL173W	112.3307978
YDL174C	119.7453942
YDL175C	33.53680306
YDL176W	15.10142758
YDL177C	32.18197311
YDL178W	102.558419
YDL179W	54.86016267
YDL180W	36.74407969
YDL181W	83.13146371
YDL182W	133.487793
YDL183C	17.28758334
YDL184C	10867.76815
YDL185W	418.4914378
YDL186W	0.9653518647
YDL188C	83.40784014
YDL189W	66.96064561
YDL190C	51.45762385
YDL191W	2684.118172
YDL192W	984.6900458
YDL193W	40.96254556
YDL194W	18.10582256
YDL195W	145.409215
YDL197C	21.80166538
YDL198C	80.85599931
YDL199C	8.324410198
YDL200C	36.27410864
YDL201W	89.95691722
YDL202W	55.63847094
YDL203C	29.22017338
YDL204W	24.91850861
YDL204W-A	7.484393382
YDL205C	66.11189034
YDL206W	25.44737115
YDL207W	43.05704694
YDL208W	521.9129649
YDL209C	20.55028563
YDL210W	12.27126335
YDL211C	8.158207705
YDL212W	392.5222316
YDL213C	113.4991769
YDL214C	11.49811342
YDL215C	75.49449757
YDL216C	8.814270699
YDL217C	44.99621221
YDL218W	3.261423902
YDL219W	85.42834157
YDL220C	12.56873788
YDL222C	14.97943355
YDL223C	26.09701301
YDL224C	43.81652566
YDL225W	58.20359986
YDL226C	110.0731204
YDL227C	21.33949501
YDL229W	2125.801967
YDL230W	27.56215165
YDL231C	44.43739229
YDL232W	199.2673462
YDL233W	35.66396936
YDL234C	118.6444325
YDL235C	196.9442661
YDL236W	145.4092253
YDL237W	86.13082095
YDL238C	7.495260795
YDL239C	30.22969439
YDL240W	20.1630359
YDL241W	92.91241317
YDL242W	0.1730043656
YDL243C	26.13002594
YDL244W	5.44016326
YDL245C	0.2663922642
YDL246C	0.1422973704
YDL247W	0.3933234012
YDL248W	3.347835495
YDR001C	103.3154126
YDR002W	771.3554993
YDR003W	0.8513756685
YDR003W-A	58.30788429
YDR004W	31.50072191
YDR005C	45.9423634
YDR006C	73.13915442
YDR007W	232.1978454
YDR009W	3.406823796
YDR010C	1.205521188
YDR011W	140.5867911
YDR012W	580.0865168
YDR013W	59.09713159
YDR014W	7.162663104
YDR014W-A	5.339349049
YDR016C	56.34298119
YDR017C	44.4974038
YDR018C	5.457714997
YDR019C	100.8746418
YDR020C	30.52277097
YDR021W	29.94587367
YDR022C	7.593135598
YDR023W	539.445734
YDR025W	1851.717192
YDR026C	40.84941219
YDR027C	59.15612493
YDR028C	70.06369956
YDR029W	8.461202931
YDR030C	7.782622206
YDR031W	41.02150104
YDR032C	299.8389849
YDR033W	677.6349828
YDR034C	33.21067919
YDR034C-A	0.830410787
YDR034W-B	65.97279373
YDR035W	164.0905459
YDR036C	66.04742132
YDR037W	522.384653
YDR038C	39.07662946
YDR039C	24.09075796
YDR040C	38.8273471
YDR041W	96.64040491
YDR042C	243.4790574
YDR043C	66.29636464
YDR044W	64.03683671
YDR045C	175.1743601
YDR046C	118.6919562
YDR047W	120.3389436
YDR049W	38.14260443
YDR050C	4019.522632
YDR051C	70.43716285
YDR052C	42.33933665
YDR054C	130.3604288
YDR055W	316.1460151
YDR056C	130.2155548
YDR057W	25.63662049
YDR058C	14.75210817
YDR059C	71.27992038
YDR060W	141.9283355
YDR061W	56.2029708
YDR062W	132.2717881
YDR063W	121.7590196
YDR064W	2291.178368
YDR065W	11.5348839
YDR066C	13.16570947
YDR067C	47.68974561
YDR068W	55.34172628
YDR069C	15.76769873
YDR070C	17.7226886
YDR071C	430.605217
YDR072C	117.275062
YDR073W	56.9227314
YDR074W	143.8138526
YDR075W	40.12937016
YDR076W	0.06469877576
YDR077W	2800.52538
YDR078C	17.21775654
YDR079C-A	83.74590605
YDR079W	90.67130274
YDR080W	16.30531658
YDR081C	31.68614333
YDR082W	16.76838628
YDR083W	77.28109209
YDR084C	63.12473331
YDR085C	33.39507215
YDR086C	631.1043848
YDR087C	122.0779026
YDR088C	17.72185457
YDR089W	23.77392979
YDR090C	31.58452338
YDR091C	194.0494329
YDR092W	97.8693666
YDR093W	47.21875744
YDR096W	45.17264315
YDR097C	42.03105475
YDR098C	146.9360541
YDR099W	409.4053547
YDR100W	89.04331539
YDR101C	157.7790758
YDR102C	0.6358636792
YDR103W	46.97294388
YDR104C	14.8641056
YDR105C	44.34265859
YDR106W	8.367129639
YDR107C	7.326890234
YDR108W	77.8832413
YDR109C	25.12122553
YDR110W	35.52517664
YDR111C	15.04402382
YDR113C	18.04256536
YDR114C	1.838122261
YDR115W	138.7737834
YDR116C	89.84470097
YDR117C	34.61419389
YDR118W	16.7120203
YDR119W	64.02029277
YDR119W-A	25.39605322
YDR120C	91.00910653
YDR121W	56.62069287
YDR122W	50.53509716
YDR123C	0.6112090018
YDR124W	6.06098348
YDR125C	0.3711470681
YDR126W	24.53601956
YDR127W	136.7673016
YDR128W	35.14844487
YDR129C	209.4305541
YDR130C	11.43601212
YDR131C	24.08904473
YDR132C	14.16526022
YDR135C	109.3443147
YDR137W	30.54385639
YDR138W	1.455836752
YDR139C	136.2729744
YDR140W	48.83418891
YDR141C	38.95914907
YDR142C	26.35952494
YDR143C	49.17895111
YDR144C	84.13037636
YDR145W	149.9903904
YDR146C	34.35882329
YDR147W	24.83797509
YDR148C	117.4142056
YDR150W	80.52649329
YDR151C	73.0188927
YDR152W	162.031189
YDR153C	105.565427
YDR155C	2953.25848
YDR156W	109.0711506
YDR157W	14.29665945
YDR158W	616.5353702
YDR159W	32.70601848
YDR160W	29.19238384
YDR161W	110.1560872
YDR162C	51.771306
YDR163W	43.62427303
YDR164C	35.18541699
YDR165W	126.9773068
YDR166C	27.22708423
YDR167W	91.07573531
YDR168W	114.3557528
YDR169C	26.45362119
YDR169C-A	0.1614936821
YDR170C	106.1461046
YDR171W	258.2117575
YDR172W	282.2250275
YDR173C	35.80838188
YDR174W	269.4016434
YDR175C	74.58585098
YDR176W	31.34845513
YDR177W	235.2356349
YDR178W	103.2975011
YDR179C	17.38566222
YDR179W-A	14.96882606
YDR180W	28.3441101
YDR181C	24.47474196
YDR182W	53.145053
YDR182W-A	15.1628993
YDR183W	51.76328042
YDR184C	63.78687716
YDR185C	25.35470694
YDR186C	92.21149582
YDR188W	224.4601757
YDR189W	140.9515101
YDR190C	169.0800787
YDR191W	12.78713837
YDR192C	23.62345852
YDR194C	148.4082987
YDR194W-A	9.23636461
YDR195W	66.97979309
YDR196C	66.05583902
YDR197W	39.62880198
YDR198C	34.45540335
YDR200C	33.9749159
YDR201W	27.03759425
YDR202C	45.95823299
YDR204W	47.800011
YDR205W	27.24351646
YDR206W	96.46219647
YDR207C	23.63614063
YDR208W	71.41604707
YDR209C	0.5346144388
YDR210W	294.1712299
YDR211W	121.8511322
YDR212W	215.5122397
YDR213W	25.71129154
YDR214W	215.2080893
YDR215C	0.2033020681
YDR216W	50.09441779
YDR217C	28.10041081
YDR218C	5.024635188
YDR219C	30.47145844
YDR221W	8.328425562
YDR222W	70.13654495
YDR223W	3.611331606
YDR224C	1423.174397
YDR225W	1357.503177
YDR226W	679.7177495
YDR227W	43.65121049
YDR228C	43.12092448
YDR229W	43.98884161
YDR231C	41.03453415
YDR232W	117.727592
YDR233C	652.0308745
YDR234W	101.1371434
YDR235W	36.28898997
YDR236C	48.867329
YDR237W	94.97166166
YDR238C	127.2883633
YDR239C	22.82551391
YDR240C	19.54597452
YDR242W	13.62691587
YDR243C	7.35089336
YDR244W	30.83663815
YDR245W	129.1717612
YDR246W	35.65873839
YDR246W-A	5.183740831
YDR247W	28.48540005
YDR248C	64.22203556
YDR249C	23.3103977
YDR251W	65.37166231
YDR252W	2.133823511
YDR253C	9.26410676
YDR254W	2.492043546
YDR255C	9.678423268
YDR256C	13.48835991
YDR257C	49.35374416
YDR258C	163.2916108
YDR259C	20.7110794
YDR260C	21.79351192
YDR261C	92.72503535
YDR262W	69.84509101
YDR263C	21.53640138
YDR264C	62.61858449
YDR265W	22.71447143
YDR266C	59.03985872
YDR267C	51.43035014
YDR268W	15.17319398
YDR270W	54.30219863
YDR272W	68.66754917
YDR273W	9.71717154
YDR274C	1.816931517
YDR275W	36.85626187
YDR276C	1280.440805
YDR277C	8.970806851
YDR279W	24.26182802
YDR280W	72.72698868
YDR281C	10.59101804
YDR282C	16.64819032
YDR283C	42.67442431
YDR284C	87.02922924
YDR285W	16.31139673
YDR286C	38.25209792
YDR287W	16.84432627
YDR288W	36.04216005
YDR289C	37.76112889
YDR291W	22.43449207
YDR292C	62.58550248
YDR293C	122.1111258
YDR294C	112.6871436
YDR295C	41.35025015
YDR296W	71.62991025
YDR297W	106.3937377
YDR298C	359.7522691
YDR299W	74.81534106
YDR300C	75.03562079
YDR301W	26.82490443
YDR302W	66.45280354
YDR303C	54.98202779
YDR304C	268.1919563
YDR305C	40.048473
YDR306C	21.27529746
YDR307W	20.71928419
YDR308C	64.87649446
YDR309C	46.05679416
YDR310C	42.72250747
YDR311W	37.79755957
YDR312W	54.65741069
YDR313C	31.07959739
YDR314C	6.179415016
YDR315C	18.01228879
YDR316W	59.39024069
YDR317W	7.551084011
YDR318W	17.59875054
YDR319C	30.77186665
YDR320C	28.33335366
YDR320C-A	128.7169333
YDR321W	145.8050165
YDR322C-A	268.8442564
YDR322W	80.20895702
YDR323C	14.64923184
YDR324C	110.8773221
YDR325W	27.64441232
YDR326C	63.48438261
YDR328C	205.5011314
YDR329C	45.271705
YDR330W	36.72561526
YDR331W	48.37177809
YDR332W	16.37737949
YDR333C	58.23469408
YDR334W	48.57385269
YDR335W	75.78872566
YDR336W	34.45696583
YDR337W	68.6759034
YDR338C	35.95184114
YDR339C	162.5300565
YDR341C	271.1858066
YDR342C	128.3478772
YDR343C	12.71485325
YDR344C	0.5000021354
YDR345C	496.7366858
YDR346C	191.5555799
YDR347W	113.0413222
YDR348C	50.09658843
YDR349C	89.5302238
YDR350C	52.01737605
YDR351W	55.7142513
YDR352W	34.60063886
YDR353W	330.6135249
YDR354W	72.66568
YDR356W	22.01783791
YDR357C	83.52789848
YDR358W	31.22384541
YDR359C	23.17357224
YDR361C	122.5761064
YDR362C	23.94701166
YDR363W	7.499806051
YDR363W-A	295.5464196
YDR364C	19.91268372
YDR365C	96.53109374
YDR366C	0
YDR367W	103.6727575
YDR368W	113.0657994
YDR369C	26.56476264
YDR370C	29.66491635
YDR371W	44.59407137
YDR372C	158.0678738
YDR373W	154.0946607
YDR374C	5.107690122
YDR374W-A	43.06856572
YDR375C	39.01920906
YDR376W	29.44346001
YDR377W	238.8525588
YDR378C	195.8836424
YDR379C-A	43.65702038
YDR379W	27.77835972
YDR380W	70.40410325
YDR381C-A	51.74968754
YDR381W	676.2153512
YDR382W	4141.428796
YDR383C	19.40948569
YDR384C	57.88068599
YDR385W	1668.3773
YDR386W	23.44397552
YDR387C	24.52494029
YDR388W	128.9665306
YDR389W	42.51443307
YDR390C	50.36810138
YDR391C	95.96049192
YDR392W	33.38604941
YDR393W	34.1169332
YDR394W	277.2573597
YDR395W	135.8851984
YDR397C	114.0483811
YDR398W	85.13564868
YDR399W	268.0726537
YDR400W	54.24934402
YDR402C	4.944610344
YDR403W	17.81980409
YDR404C	99.40861425
YDR405W	31.98192675
YDR406W	33.27199938
YDR407C	41.85718702
YDR408C	108.3814678
YDR409W	16.52776848
YDR410C	56.69669796
YDR411C	45.52526678
YDR412W	84.92690882
YDR414C	35.00512627
YDR415C	26.4619341
YDR416W	29.97394165
YDR418W	2507.691528
YDR419W	27.26544994
YDR420W	52.77005353
YDR421W	31.25746142
YDR422C	34.14497086
YDR423C	22.50603558
YDR424C	106.1274447
YDR425W	44.128677
YDR427W	238.5173808
YDR428C	37.43365963
YDR429C	308.1387423
YDR430C	43.00258432
YDR432W	330.0523017
YDR434W	62.86247881
YDR435C	48.83251656
YDR436W	41.57875552
YDR437W	0.6691221508
YDR438W	14.42581495
YDR439W	22.6153787
YDR440W	19.00583097
YDR441C	102.6381523
YDR443C	7.267136764
YDR444W	25.91690485
YDR446W	0.8368082209
YDR447C	1677.013551
YDR448W	17.18194822
YDR449C	66.02011767
YDR450W	2666.197346
YDR451C	26.97449033
YDR452W	71.75425779
YDR453C	19.91669334
YDR454C	422.5804917
YDR456W	61.01536773
YDR457W	84.65220739
YDR458C	44.83997426
YDR459C	20.23186175
YDR460W	25.24490813
YDR461C-A	18.51907159
YDR461W	27.0066088
YDR462W	56.29534956
YDR463W	75.59214713
YDR464W	34.02976194
YDR465C	97.5090185
YDR466W	28.3774056
YDR468C	49.96030805
YDR469W	53.9249417
YDR470C	24.37077375
YDR471W	1314.858989
YDR472W	195.2169223
YDR473C	21.64679078
YDR475C	33.62706314
YDR476C	59.91617811
YDR477W	75.41289914
YDR478W	11.42824432
YDR479C	20.84271395
YDR480W	20.06222343
YDR481C	93.8383308
YDR482C	41.8696447
YDR483W	230.1952376
YDR484W	33.66842338
YDR485C	31.35857588
YDR486C	76.55440859
YDR487C	262.8612674
YDR488C	1.452296183
YDR489W	21.31171848
YDR490C	16.28747003
YDR492W	61.18526526
YDR493W	49.36112629
YDR494W	82.62361563
YDR495C	23.41075166
YDR496C	151.1511896
YDR497C	205.5539044
YDR498C	20.07555098
YDR499W	17.45202452
YDR500C	1604.5366
YDR501W	14.60313532
YDR502C	140.301499
YDR503C	21.42205093
YDR504C	51.18736192
YDR505C	17.90166182
YDR506C	4.787263196
YDR507C	76.08875698
YDR508C	188.8852986
YDR510W	350.7636417
YDR511W	83.01353282
YDR512C	103.1624729
YDR513W	236.5219355
YDR514C	28.80341838
YDR515W	79.18660132
YDR516C	227.009956
YDR517W	49.93795977
YDR518W	32.86313974
YDR519W	116.7613959
YDR520C	16.78900434
YDR522C	1.592022667
YDR523C	15.77461748
YDR524C	51.03704565
YDR524C-B	6922.018801
YDR524W-C	6.601887296
YDR525W	0.6080679808
YDR525W-A	78.81543888
YDR527W	39.61279697
YDR528W	17.87805853
YDR529C	527.3426525
YDR530C	24.99135503
YDR531W	100.6688171
YDR532C	23.06102019
YDR533C	72.72966808
YDR534C	6.636223435
YDR536W	1.304918658
YDR538W	31.83036037
YDR539W	53.97794187
YDR540C	12.35630581
YDR541C	23.26225888
YDR542W	1.871253356
YDR545W	0
YEL001C	170.5728256
YEL002C	215.770155
YEL003W	151.6102877
YEL004W	8.483005417
YEL005C	28.20914585
YEL006W	38.64954941
YEL007W	77.28169298
YEL008W	2.143165877
YEL009C	1601.683774
YEL009C-A	0.5251797048
YEL011W	18.94437314
YEL012W	50.295727
YEL013W	131.3675342
YEL014C	0.3046408191
YEL015W	70.50542762
YEL016C	13.31170405
YEL017C-A	1727.681761
YEL017W	28.87930092
YEL018W	28.77189893
YEL019C	1.511448452
YEL020C	24.33237533
YEL020W-A	412.6534099
YEL022W	53.26884833
YEL023C	14.00047966
YEL024W	83.81529714
YEL025C	33.24225812
YEL026W	974.527517
YEL027W	1383.359315
YEL028W	4.242046441
YEL029C	33.21710647
YEL030W	29.57549239
YEL031W	197.5908339
YEL032W	42.48894899
YEL033W	9.498983231
YEL034W	4796.234605
YEL035C	4.583655269
YEL036C	88.42096762
YEL037C	180.2821104
YEL038W	86.42001571
YEL039C	94.74495281
YEL040W	405.3029542
YEL041W	1.717154463
YEL042W	84.63816002
YEL043W	43.06328122
YEL044W	88.24720311
YEL046C	33.47276618
YEL047C	114.7040466
YEL048C	2.574731321
YEL049W	6.095927211
YEL050C	98.88825109
YEL051W	291.376728
YEL052W	51.61103334
YEL053C	47.80697797
YEL054C	1518.161825
YEL055C	85.21927747
YEL056W	36.16049946
YEL057C	9.622573956
YEL058W	163.164395
YEL059C-A	58.46576649
YEL059W	0.4026100421
YEL060C	208.2940625
YEL061C	46.72686933
YEL062W	24.08831744
YEL063C	61.93323317
YEL064C	9.661473406
YEL065W	32.41922613
YEL066W	43.66321886
YEL067C	0.4183806027
YEL068C	34.08744259
YEL069C	2.137083479
YEL070W	6.055678905
YEL071W	437.0279218
YEL072W	18.83721614
YEL073C	3.230624501
YEL075C	0.4485434175
YEL076C	0.3138418519
YEL076C-A	0.5491687486
YEL077C	48.80034124
YER001W	141.866835
YER002W	171.4601611
YER003C	118.8070608
YER004W	141.9056393
YER005W	28.39183986
YER006W	202.7724398
YER007C-A	95.67425004
YER007W	19.1226154
YER008C	138.6291
YER009W	989.2783642
YER010C	46.29320679
YER011W	3.651463681
YER012W	382.0001985
YER013W	35.31690497
YER014C-A	0.4373923169
YER014W	29.84415962
YER015W	34.25748424
YER016W	48.17217642
YER017C	86.55743908
YER018C	16.53907818
YER019C-A	516.2736252
YER019W	49.60579465
YER020W	65.02541582
YER021W	236.84988
YER022W	44.24772385
YER023W	214.7826527
YER024W	26.76223831
YER025W	312.5655334
YER026C	165.1628331
YER027C	57.48330402
YER028C	19.32791814
YER029C	61.1115836
YER030W	102.0699275
YER031C	183.7437968
YER032W	18.75152884
YER033C	14.22448976
YER034W	27.88731016
YER035W	91.34556075
YER036C	310.5789403
YER037W	267.746988
YER038C	0.407987155
YER038W-A	0.7127237283
YER039C	9.380202857
YER039C-A	0.1990628754
YER040W	25.44669236
YER041W	12.0509916
YER042W	72.18645353
YER043C	890.2683885
YER044C	421.723663
YER044C-A	3.976863242
YER045C	75.09128838
YER046W	21.39330071
YER047C	20.12738024
YER048C	118.8174983
YER048W-A	127.2190426
YER049W	171.2797197
YER050C	137.2469873
YER051W	24.84310443
YER052C	140.7022408
YER053C	225.768011
YER053C-A	501.4133264
YER054C	25.16210176
YER055C	352.6691017
YER056C	288.9878571
YER056C-A	1440.765027
YER057C	211.8327619
YER058W	30.26231931
YER059W	23.75418409
YER060W	32.17757905
YER060W-A	10.22780156
YER061C	16.76494132
YER062C	97.64250906
YER063W	66.37574869
YER064C	39.19664193
YER065C	18.57660166
YER066W	9.250788756
YER067W	106.4612555
YER068W	45.04475047
YER069W	55.40358747
YER070W	156.7628502
YER071C	78.27409096
YER072W	836.3085987
YER073W	219.6657218
YER074W	2522.125602
YER074W-A	149.1438123
YER075C	23.43064505
YER076C	14.87639239
YER077C	51.29731577
YER078C	45.58407221
YER078W-A	6.113504187
YER079W	29.65583627
YER080W	89.14697179
YER081W	94.04542341
YER082C	96.95805692
YER083C	79.78237822
YER084W	3.269252579
YER085C	0.7706496239
YER086W	153.5119026
YER087C-B	314.4323324
YER087W	36.27200808
YER088C	67.09287283
YER089C	58.76549291
YER090W	206.2804644
YER091C	130.0590203
YER092W	67.27096656
YER093C	20.31370806
YER093C-A	57.2159266
YER094C	272.0588549
YER095W	36.43221692
YER096W	25.08630108
YER098W	7.67852945
YER099C	67.48182065
YER100W	133.8179528
YER101C	23.87798424
YER102W	1831.974711
YER103W	38.42925412
YER104W	10.55401444
YER105C	53.2506742
YER106W	7.756607948
YER107C	88.86988767
YER110C	167.8816525
YER111C	27.43929109
YER112W	124.4975368
YER113C	62.78373052
YER114C	34.46905564
YER115C	35.0983416
YER116C	10.36214152
YER117W	2737.910178
YER118C	68.69720975
YER119C	29.69995292
YER120W	292.8964159
YER121W	7.986446637
YER122C	118.762452
YER123W	39.41273986
YER124C	158.4363986
YER125W	127.2873777
YER126C	174.9858212
YER127W	86.50851683
YER128W	16.77260259
YER129W	39.32038346
YER130C	210.5342124
YER131W	996.1842627
YER132C	38.34833649
YER133W	293.2532205
YER134C	51.42436653
YER135C	0.3937422686
YER136W	182.8260019
YER137C	23.92400463
YER138W-A	297.3516731
YER139C	5.671916291
YER140W	18.34139234
YER141W	102.225907
YER142C	28.48073857
YER143W	66.54702898
YER144C	40.21087841
YER145C	111.7182907
YER145C-A	0.4663314959
YER146W	143.8089766
YER147C	23.75181691
YER148W	178.0631135
YER149C	44.31595903
YER150W	105.6510929
YER151C	89.23754652
YER152C	55.45535698
YER153C	1.071386279
YER154W	60.24778686
YER155C	86.68368957
YER156C	151.350456
YER157W	47.68374613
YER158C	37.08476449
YER159C	173.1599529
YER161C	43.9825552
YER162C	16.89250445
YER163C	59.02028409
YER164W	45.44575327
YER165W	458.9193736
YER166W	65.71368016
YER167W	57.2087632
YER168C	64.27980279
YER169W	38.27312624
YER170W	37.37413782
YER171W	43.59931241
YER172C	46.92621309
YER173W	18.41546293
YER174C	64.32817301
YER175C	14.18622324
YER175W-A	0.3066028016
YER176W	41.92607187
YER177W	1070.204312
YER178W	483.6664707
YER179W	11.05331566
YER180C	25.67963531
YER180C-A	1.109134655
YER181C	26.43078541
YER182W	77.48135527
YER183C	78.89202525
YER184C	3.955211331
YER185W	10.20539771
YER186C	40.64112708
YER187W	10.74027851
YER188C-A	2.08100056
YER188W	16.65044139
YER189W	0.6758072045
YER190C-B	0
YER190W	2.275355269
YFL001W	56.48481036
YFL002C	66.34685696
YFL003C	3.481407037
YFL004W	123.4756289
YFL005W	250.6077706
YFL007W	101.4697582
YFL008W	35.82450569
YFL009W	48.67081859
YFL010C	216.0120484
YFL010W-A	0.2073364472
YFL011W	6.10781805
YFL012W	1.524743435
YFL013C	45.90204445
YFL014W	435.4756103
YFL015C	0.1498904547
YFL017C	55.42027863
YFL017W-A	94.02110287
YFL018C	170.293755
YFL020C	4.309954897
YFL021W	77.21516134
YFL022C	240.8235131
YFL023W	32.31326835
YFL024C	21.15338128
YFL025C	28.10641429
YFL026W	5.689469379
YFL027C	27.72010331
YFL028C	77.03709551
YFL029C	47.77939486
YFL030W	15.27119506
YFL031W	887.0996641
YFL033C	100.421534
YFL034C-A	176.2014742
YFL034C-B	53.70126877
YFL034W	31.08339433
YFL036W	58.46455212
YFL037W	355.4554934
YFL038C	362.3973117
YFL039C	2099.565732
YFL040W	1.694470064
YFL041W	37.36708104
YFL041W-A	12.4485607
YFL042C	19.57705781
YFL044C	19.84335886
YFL045C	579.7458855
YFL046W	40.77725685
YFL047W	47.05338772
YFL048C	115.8381366
YFL049W	35.17311994
YFL050C	18.20306081
YFL051C	0.9385345989
YFL052W	0.3953244078
YFL053W	3.124514971
YFL054C	12.80486939
YFL055W	7.756000611
YFL058W	4.229781506
YFL059W	25.01863986
YFL060C	4.07967375
YFL061W	3.746590489
YFL062W	10.11821292
YFL064C	0.4467789023
YFL065C	0.1796559096
YFL066C	0.2811240907
YFL067W	0.1382884434
YFR001W	167.4240832
YFR002W	99.19552999
YFR003C	104.2254186
YFR004W	275.4246141
YFR005C	46.35302002
YFR006W	89.12961216
YFR007W	24.70488528
YFR008W	19.38459476
YFR009W	85.97853881
YFR010W	214.0115878
YFR011C	101.0584724
YFR012W-A	2.08645782
YFR013W	37.86071694
YFR014C	36.01610137
YFR015C	22.38047664
YFR016C	18.94233193
YFR017C	16.29393599
YFR018C	42.19973239
YFR019W	33.5806336
YFR020W	26.07101244
YFR021W	16.93958003
YFR022W	25.29734312
YFR023W	5.773115532
YFR024C-A	121.1646932
YFR025C	57.59120875
YFR026C	8.280501676
YFR027W	13.34641208
YFR028C	47.62908988
YFR029W	14.24232774
YFR030W	30.48727717
YFR031C	169.1595827
YFR031C-A	943.6107251
YFR032C	51.07814998
YFR032C-A	4526.168241
YFR032C-B	4.567772133
YFR033C	532.5415429
YFR034C	3.935126283
YFR035C	1.872616657
YFR035W-A	55.33935284
YFR036W	15.44352714
YFR037C	87.95435163
YFR038W	33.40090142
YFR039C	69.35571798
YFR040W	52.1684576
YFR041C	40.30388411
YFR042W	36.70260107
YFR043C	83.79231657
YFR044C	273.8849216
YFR045W	19.49398933
YFR046C	16.19078788
YFR047C	46.52087558
YFR048W	30.82512809
YFR049W	73.16145352
YFR050C	477.9457176
YFR051C	239.7303215
YFR052W	273.6698393
YFR053C	80.40897182
YFR054C	1.390764311
YFR055W	206.6103159
YFR057W	1.255258825
YGL001C	190.7477229
YGL002W	54.15905139
YGL003C	19.2002917
YGL004C	15.57910142
YGL005C	35.77957337
YGL006W	81.17576614
YGL006W-A	4.246696058
YGL007C-A	15.86928461
YGL007W	1.030508894
YGL008C	410.4347947
YGL009C	562.5098768
YGL010W	26.02233599
YGL011C	423.5189937
YGL012W	172.2418998
YGL013C	45.36374241
YGL014W	72.7163201
YGL015C	1.850798736
YGL016W	65.10121892
YGL017W	28.61256051
YGL018C	20.19254724
YGL019W	111.7592906
YGL020C	106.3942526
YGL021W	70.9820241
YGL022W	150.6029241
YGL023C	39.84101104
YGL025C	34.29242301
YGL026C	184.3336303
YGL027C	72.84139736
YGL028C	135.3552737
YGL029W	145.6643958
YGL030W	2766.169122
YGL031C	2056.336769
YGL032C	82.78250193
YGL033W	6.176928366
YGL034C	0.2716423646
YGL035C	53.24738927
YGL036W	58.11510785
YGL037C	368.0284015
YGL038C	37.78887938
YGL039W	53.25459616
YGL040C	151.7492208
YGL041C-B	3.933260157
YGL041W-A	52.55028024
YGL043W	78.68713225
YGL044C	212.2627166
YGL045W	33.75812925
YGL047W	39.4317257
YGL048C	232.3885344
YGL049C	52.46464004
YGL050W	29.5546817
YGL051W	18.03334568
YGL053W	44.57754189
YGL054C	308.9852809
YGL055W	476.7261243
YGL056C	43.24080082
YGL057C	23.11931826
YGL058W	113.143352
YGL059W	17.46898226
YGL060W	23.80487418
YGL061C	25.16735282
YGL062W	361.8300094
YGL063W	23.08413469
YGL064C	23.95474585
YGL065C	35.56436948
YGL066W	25.84738083
YGL067W	69.32070406
YGL068W	198.3992403
YGL070C	118.9229525
YGL071W	41.26907616
YGL073W	34.02156858
YGL075C	28.72738351
YGL076C	2085.515418
YGL077C	114.4983603
YGL078C	162.3123813
YGL079W	31.36188186
YGL080W	111.7419592
YGL081W	3.988651855
YGL082W	59.41925931
YGL083W	16.12133404
YGL084C	43.31310429
YGL085W	24.42319855
YGL086W	79.3314077
YGL087C	54.20382732
YGL088W	1215.952036
YGL089C	152.1366921
YGL090W	3.891952352
YGL091C	74.94506785
YGL092W	99.99901506
YGL093W	31.51487948
YGL094C	36.37694584
YGL095C	57.32712713
YGL096W	292.4812729
YGL097W	79.15991193
YGL098W	135.2754021
YGL099W	85.32174612
YGL100W	93.82282077
YGL101W	125.7794118
YGL103W	4222.969546
YGL104C	19.65898509
YGL105W	424.6908251
YGL106W	359.3965986
YGL107C	68.64834351
YGL108C	35.31861615
YGL110C	28.50912985
YGL111W	85.4542483
YGL112C	56.20861081
YGL113W	25.28160259
YGL114W	53.67425348
YGL115W	114.0684533
YGL116W	30.13278539
YGL117W	23.55904303
YGL118C	6.600388496
YGL119W	38.33191676
YGL120C	104.0613878
YGL121C	19.7393408
YGL122C	154.5467187
YGL123W	3068.348283
YGL124C	38.55338388
YGL125W	43.84337198
YGL126W	57.75634267
YGL127C	44.13822398
YGL128C	17.34942182
YGL129C	56.59770576
YGL130W	63.50322369
YGL131C	7.854631366
YGL133W	34.10998995
YGL134W	24.75761255
YGL135W	2166.788605
YGL136C	19.98522249
YGL137W	103.5976079
YGL138C	0.7419973144
YGL139W	46.77175184
YGL140C	70.33532637
YGL141W	50.27206868
YGL142C	69.7974154
YGL143C	21.45257835
YGL144C	31.82941877
YGL145W	31.13095935
YGL146C	0.5295261468
YGL147C	3119.801246
YGL148W	281.2668476
YGL149W	15.68430457
YGL150C	50.4881733
YGL151W	45.36550172
YGL153W	22.55111548
YGL154C	14.86310836
YGL155W	48.04886967
YGL156W	50.92203721
YGL157W	157.434366
YGL158W	3.219715225
YGL159W	25.46663218
YGL160W	46.76458303
YGL161C	162.168501
YGL162W	18.65573061
YGL163C	41.49626837
YGL164C	43.22922315
YGL166W	44.06043709
YGL167C	178.1181175
YGL168W	0.5609405827
YGL169W	58.20353834
YGL170C	1.254512402
YGL171W	58.75604343
YGL172W	78.78864194
YGL173C	115.0795953
YGL174W	17.55082925
YGL175C	0.7569765281
YGL176C	42.36879997
YGL178W	3.84040816
YGL179C	59.3533951
YGL180W	16.64408476
YGL181W	57.63320518
YGL183C	4.964210897
YGL184C	10.2831931
YGL185C	20.20928255
YGL186C	51.93210973
YGL187C	287.8948721
YGL188C-A	14.24597381
YGL189C	4474.612204
YGL190C	69.60931557
YGL191W	336.4779829
YGL192W	0.4171476815
YGL193C	22.76148753
YGL194C	30.37679769
YGL194C-A	44.00205124
YGL195W	191.1701074
YGL196W	96.61272911
YGL197W	16.91704628
YGL198W	79.28445981
YGL200C	291.578657
YGL201C	43.4712392
YGL202W	233.4915395
YGL203C	50.26848705
YGL204C	27.9506766
YGL205W	3.93030924
YGL206C	152.0383914
YGL207W	153.585179
YGL208W	14.19359218
YGL209W	49.87580901
YGL210W	63.91564723
YGL211W	38.17433337
YGL212W	2.376550373
YGL213C	51.82690867
YGL215W	5.946283932
YGL216W	32.65206157
YGL219C	59.58429658
YGL220W	211.7242665
YGL221C	122.9308466
YGL222C	46.31786979
YGL223C	36.54753896
YGL224C	43.58089613
YGL225W	214.8825755
YGL226C-A	139.8484291
YGL226W	61.18130935
YGL227W	22.92202182
YGL228W	146.7086668
YGL229C	9.355500408
YGL230C	5.703237141
YGL231C	174.8891347
YGL232W	72.20038721
YGL233W	60.6180783
YGL234W	243.5337058
YGL235W	0.303904513
YGL236C	41.45460688
YGL237C	25.51905719
YGL238W	139.7140628
YGL240W	2.185876507
YGL241W	40.66608878
YGL242C	123.8805482
YGL243W	31.34473209
YGL244W	105.486558
YGL245W	465.7387343
YGL246C	54.74076769
YGL247W	25.11378964
YGL248W	65.31219228
YGL249W	2.067214651
YGL250W	10.96602226
YGL251C	15.82365903
YGL252C	87.03496869
YGL253W	855.901696
YGL254W	6.699986985
YGL255W	186.9328435
YGL256W	69.18662838
YGL257C	43.65454916
YGL258W	1.591964498
YGL258W-A	0.2202894439
YGL259W	0.08642541064
YGL261C	1.284701397
YGR001C	182.5521481
YGR002C	47.15922623
YGR003W	33.16647669
YGR004W	26.03057585
YGR005C	81.29123015
YGR006W	0.576886943
YGR007W	57.49556111
YGR008C	249.1265571
YGR009C	41.15008047
YGR010W	23.02332956
YGR012W	34.63627545
YGR013W	41.72157816
YGR014W	71.52658764
YGR015C	13.18638636
YGR016C-A	13.21714374
YGR016W	7.900036578
YGR017W	65.66149817
YGR018C	2.969566037
YGR019W	75.4114216
YGR020C	350.1195503
YGR021W	43.48226876
YGR023W	26.87070107
YGR024C	107.7521637
YGR025W	0.661675315
YGR026W	119.4366226
YGR027C	1414.172465
YGR028W	42.41269181
YGR029W	66.66494172
YGR030C	23.20586003
YGR031C-A	1.573121762
YGR031W	19.88377463
YGR032W	61.12759069
YGR033C	79.64000761
YGR034W	2736.307537
YGR035C	35.51362178
YGR035W-A	0.4020765454
YGR036C	4.484523978
YGR037C	631.8099311
YGR038W	86.45854172
YGR039W	11.33739868
YGR040W	14.29295724
YGR041W	29.18375758
YGR042W	50.58603402
YGR043C	13.0313613
YGR044C	78.86074684
YGR045C	2.888621106
YGR046W	46.17387381
YGR047C	26.5990773
YGR048W	79.97802125
YGR049W	101.9970156
YGR050C	14.62932652
YGR052W	23.64084906
YGR053C	9.785944469
YGR054W	140.7584124
YGR055W	94.40060069
YGR056W	31.17640149
YGR057C	29.93104164
YGR058W	27.43088521
YGR059W	11.38786189
YGR060W	607.4796167
YGR061C	277.0349502
YGR062C	38.41004768
YGR063C	125.1882768
YGR065C	49.59332228
YGR066C	2.375217972
YGR067C	8.382992452
YGR068C	13.99829586
YGR070W	15.9095118
YGR071C	22.19507236
YGR072W	73.27231337
YGR074W	66.2295342
YGR075C	5.235831535
YGR076C	54.64992077
YGR077C	28.42037822
YGR078C	70.02431025
YGR079W	50.57595278
YGR080W	59.97448621
YGR081C	83.51036811
YGR082W	180.2925632
YGR083C	130.020113
YGR084C	101.5712429
YGR085C	1506.192218
YGR086C	448.1323849
YGR087C	2.549640941
YGR088W	41.4996822
YGR089W	57.03958889
YGR090W	98.30294201
YGR091W	22.12238536
YGR092W	44.77468806
YGR093W	40.61129243
YGR094W	527.9020879
YGR095C	108.4493982
YGR096W	9.834651848
YGR097W	71.161914
YGR098C	25.6228696
YGR099W	19.0407462
YGR100W	32.06993322
YGR101W	62.28254498
YGR102C	36.73046789
YGR103W	238.8806373
YGR104C	37.62270169
YGR105W	186.1069679
YGR106C	372.1252957
YGR108W	27.61637096
YGR109C	4.587542663
YGR110W	12.29783919
YGR111W	67.31555726
YGR112W	23.01513894
YGR113W	29.35024449
YGR116W	91.5309288
YGR117C	42.26761899
YGR118W	2453.471361
YGR119C	85.66507983
YGR120C	58.32492752
YGR121C	65.20619937
YGR121W-A	32.23732184
YGR122W	28.71863815
YGR123C	76.36117425
YGR124W	475.7169517
YGR125W	55.62403518
YGR126W	0.7512603403
YGR127W	36.3531092
YGR128C	100.4466441
YGR129W	16.67720236
YGR130C	83.03363621
YGR131W	27.42477866
YGR132C	242.5487305
YGR133W	18.45356534
YGR134W	28.00517105
YGR135W	289.9888129
YGR136W	258.8307202
YGR138C	307.8112322
YGR140W	27.96490209
YGR141W	17.07269354
YGR142W	181.3191378
YGR143W	33.93583128
YGR144W	7.619715437
YGR145W	87.09092503
YGR146C	79.7295904
YGR146C-A	17.81165525
YGR147C	77.2924393
YGR148C	1531.929992
YGR149W	45.94678541
YGR150C	33.38204522
YGR152C	78.7874799
YGR153W	13.29248372
YGR154C	10.56081638
YGR155W	492.0171981
YGR156W	24.41603647
YGR157W	183.4150106
YGR158C	57.99516173
YGR159C	449.0103307
YGR161C	121.7932775
YGR161W-C	23.03365404
YGR162W	248.0627787
YGR163W	57.37291829
YGR164W	0.2944637771
YGR165W	70.52103513
YGR166W	55.58430274
YGR167W	180.7391925
YGR168C	26.80360248
YGR169C	20.11273733
YGR169C-A	128.0800306
YGR170W	31.62098621
YGR171C	22.92467945
YGR172C	86.84453928
YGR173W	99.65455572
YGR174C	85.33494913
YGR174W-A	14.94990336
YGR175C	386.5587948
YGR177C	51.70495257
YGR178C	133.0778249
YGR179C	16.46564767
YGR180C	780.4213368
YGR181W	166.3164851
YGR183C	296.1991259
YGR184C	144.2035027
YGR185C	281.6910676
YGR186W	99.15969647
YGR187C	83.41332497
YGR188C	6.870595599
YGR189C	423.8387525
YGR191W	81.14698064
YGR192C	20138.14422
YGR193C	73.36169221
YGR194C	14.8689071
YGR195W	82.48120265
YGR196C	16.14251934
YGR197C	43.22553362
YGR198W	63.53163201
YGR199W	27.54670277
YGR200C	82.06097432
YGR201C	51.73372576
YGR202C	77.56334434
YGR203W	22.42346066
YGR204C-A	4.278610549
YGR204W	216.2330272
YGR205W	23.38009287
YGR206W	46.95160372
YGR207C	99.99966744
YGR208W	100.2847604
YGR209C	737.344163
YGR210C	93.65122805
YGR211W	186.5112374
YGR212W	5.000678324
YGR213C	20.95302037
YGR214W	1367.423617
YGR215W	94.14185379
YGR216C	28.42299723
YGR217W	40.2976554
YGR218W	164.9013699
YGR220C	92.86656716
YGR221C	5.63891063
YGR222W	35.67889459
YGR223C	37.15479006
YGR224W	0.8133188298
YGR225W	2.399900351
YGR227C-A	9.935392504
YGR227W	40.6444857
YGR229C	118.748137
YGR230W	31.56765433
YGR231C	233.2090797
YGR232W	102.4700434
YGR233C	77.52660565
YGR234W	1841.535233
YGR235C	72.5821599
YGR236C	13.54200822
YGR237C	42.54151902
YGR238C	26.86573491
YGR239C	83.54801744
YGR240C	494.6179755
YGR240C-A	16.05245718
YGR241C	52.14591494
YGR243W	10.47077117
YGR244C	100.3356948
YGR245C	79.97785217
YGR246C	38.08127433
YGR247W	26.88723122
YGR248W	14.53187338
YGR249W	15.45199004
YGR250C	79.46777619
YGR251W	18.02968966
YGR252W	23.32225901
YGR253C	293.106865
YGR254W	1492.201819
YGR255C	59.8430328
YGR256W	8.667021576
YGR257C	43.80046443
YGR258C	34.31751551
YGR260W	107.6625886
YGR261C	79.59494597
YGR262C	86.2419138
YGR263C	20.01000999
YGR264C	249.7218667
YGR266W	40.35335404
YGR267C	138.7540133
YGR268C	21.06887523
YGR270W	85.05563687
YGR271C-A	96.30247681
YGR271W	46.65443381
YGR273C	5.037337906
YGR274C	43.02267834
YGR275W	90.8916546
YGR276C	91.77866246
YGR277C	51.26218083
YGR278W	21.80743258
YGR279C	400.8071252
YGR280C	82.67581094
YGR281W	68.83547065
YGR282C	1243.335296
YGR283C	53.39585158
YGR284C	144.6571378
YGR285C	486.6407287
YGR286C	148.3387866
YGR287C	8.633026509
YGR288W	7.3761878
YGR289C	15.32699566
YGR292W	4.138457068
YGR294W	4.8261625
YGR295C	168.5982196
YGR296W	0.174506081
YHL001W	780.8597764
YHL002W	73.5331759
YHL003C	102.6319764
YHL004W	66.44049254
YHL005C	7.265773067
YHL006C	21.40684639
YHL007C	50.37862902
YHL008C	16.53722525
YHL009C	14.74245606
YHL010C	22.14417348
YHL011C	177.7622221
YHL012W	0.6773925023
YHL013C	34.05910749
YHL014C	19.21289965
YHL015W	2974.523337
YHL015W-A	0.291868317
YHL016C	20.61454237
YHL017W	35.94528261
YHL018W	0.3936609987
YHL019C	22.31367824
YHL020C	45.38830295
YHL021C	128.23731
YHL022C	13.28079355
YHL023C	24.11343263
YHL024W	12.61091723
YHL025W	64.64958571
YHL026C	11.04726577
YHL027W	50.33780346
YHL028W	6.067573692
YHL029C	47.96264891
YHL030W	125.5297541
YHL031C	61.86304785
YHL032C	26.56379375
YHL033C	265.8258257
YHL034C	501.1721781
YHL035C	24.09899086
YHL036W	14.84389822
YHL037C	2.029085225
YHL038C	23.98000552
YHL039W	58.09651259
YHL040C	16.42694834
YHL041W	0.2706688553
YHL042W	6.482761022
YHL043W	0.4566021573
YHL044W	15.35802199
YHL045W	0.5307279222
YHL046C	5.474920703
YHL047C	24.39698765
YHL048C-A	1.305731058
YHL048W	99.51089559
YHL049C	0.1470710372
YHL050C	24.27584478
YHR001W	53.87345184
YHR001W-A	140.3471751
YHR002W	12.71359759
YHR003C	67.97599748
YHR004C	36.8608342
YHR005C	84.67998172
YHR005C-A	464.7083274
YHR006W	49.2950026
YHR007C	606.8586488
YHR007C-A	2.509964722
YHR008C	129.5900805
YHR009C	92.04450458
YHR010W	3375.702552
YHR011W	21.55094095
YHR012W	65.65926039
YHR013C	96.83249004
YHR014W	13.33426055
YHR015W	8.775561247
YHR016C	38.1746314
YHR017W	35.87482525
YHR018C	116.019151
YHR019C	324.7395772
YHR020W	344.4839333
YHR021C	3679.450233
YHR021W-A	1.322111858
YHR022C	18.0933299
YHR022C-A	4.908925418
YHR023W	42.11400776
YHR024C	88.85568946
YHR025W	258.1768973
YHR026W	480.6359639
YHR027C	398.4164218
YHR028C	88.04685259
YHR029C	69.11082152
YHR030C	345.4424622
YHR031C	11.54055026
YHR032W	33.5318048
YHR033W	58.90739233
YHR034C	22.36154275
YHR035W	7.754821474
YHR036W	19.59478348
YHR037W	135.874046
YHR038W	61.44142235
YHR039C	134.1820589
YHR039C-A	818.0035739
YHR040W	27.14499015
YHR041C	54.97845106
YHR042W	126.6451814
YHR043C	47.68675181
YHR044C	11.97681588
YHR045W	33.28123281
YHR046C	59.39098985
YHR047C	95.44087407
YHR048W	7.424764061
YHR049W	251.3029746
YHR050W	35.65535648
YHR050W-A	3.464607071
YHR051W	259.0948536
YHR052C-B	9.446111956
YHR052W	244.6237934
YHR053C	0
YHR054C	81.32650835
YHR054C-B	8.085444293
YHR055C	0
YHR056C	28.3649223
YHR057C	83.01391435
YHR058C	12.42884762
YHR059W	65.14240976
YHR060W	73.97780248
YHR061C	9.848082833
YHR062C	64.44743681
YHR063C	98.85300882
YHR064C	512.0515384
YHR065C	151.0423716
YHR066W	56.94013215
YHR067W	16.38916446
YHR068W	206.107031
YHR069C	94.09331797
YHR070W	20.81283675
YHR071W	99.9519609
YHR072W	112.3860841
YHR072W-A	844.0152725
YHR073W	73.65320004
YHR074W	85.59624129
YHR075C	23.89158789
YHR076W	28.14218052
YHR077C	36.07062862
YHR078W	41.77189014
YHR079C	27.35399066
YHR079C-A	3.533372576
YHR080C	26.94723411
YHR081W	89.61561922
YHR082C	70.49620997
YHR083W	46.94937634
YHR084W	36.76622652
YHR085W	45.87108761
YHR086W	25.96535711
YHR086W-A	2.659279754
YHR087W	129.5433346
YHR088W	123.2208423
YHR089C	383.2347313
YHR090C	27.68617655
YHR091C	44.11439212
YHR092C	61.98874258
YHR093W	1.170143645
YHR094C	111.7985724
YHR096C	5.631512092
YHR097C	64.28315701
YHR098C	83.26262553
YHR099W	92.32440549
YHR100C	38.45364938
YHR101C	20.36279413
YHR102W	19.03788804
YHR103W	57.58874702
YHR104W	109.7234875
YHR105W	0.7610543664
YHR106W	38.35650577
YHR107C	107.8799422
YHR108W	109.8417387
YHR109W	11.52626316
YHR110W	56.19601553
YHR111W	34.82915533
YHR112C	33.24936877
YHR113W	65.47213621
YHR114W	43.78851941
YHR115C	78.86384564
YHR116W	30.72226024
YHR117W	58.71718838
YHR118C	19.66426053
YHR119W	31.87202597
YHR120W	26.64378335
YHR121W	125.4579341
YHR122W	55.9492195
YHR123W	34.77817728
YHR124W	36.18326255
YHR125W	0.2384377155
YHR126C	1.5463371
YHR127W	33.57479438
YHR128W	436.1665234
YHR129C	15.7165921
YHR130C	17.9647863
YHR131C	18.61322067
YHR132C	105.5327084
YHR132W-A	66.84174003
YHR133C	144.7925197
YHR134W	19.44116935
YHR135C	82.17191971
YHR136C	62.26672774
YHR137W	67.94581633
YHR138C	212.8154889
YHR139C	2.386736333
YHR139C-A	0.1508448666
YHR140W	108.0574089
YHR141C	2903.438665
YHR142W	81.84422537
YHR143W	231.8047179
YHR143W-A	329.5119661
YHR144C	49.77787154
YHR146W	103.9291748
YHR147C	100.6419972
YHR148W	99.73366027
YHR149C	38.00753792
YHR150W	15.69304759
YHR151C	20.63337754
YHR152W	71.77966367
YHR153C	3.499666801
YHR154W	29.98323251
YHR155W	36.23833352
YHR156C	8.469014866
YHR157W	34.58511165
YHR158C	40.18474537
YHR159W	6.127731796
YHR160C	1.495811534
YHR161C	43.38649958
YHR162W	1071.511243
YHR163W	268.3285182
YHR164C	24.70112835
YHR165C	77.5128876
YHR166C	14.05494266
YHR167W	28.01792696
YHR168W	17.29820373
YHR169W	58.28409431
YHR170W	141.922174
YHR171W	12.93768927
YHR172W	12.54949308
YHR173C	15.28172834
YHR174W	14520.59588
YHR175W	89.65609306
YHR175W-A	238.2877639
YHR176W	20.92181507
YHR177W	0.9615099744
YHR178W	26.57507565
YHR179W	302.5652711
YHR180W	13.53189205
YHR181W	87.86396966
YHR182W	21.74620194
YHR183W	848.7484561
YHR184W	41.00017877
YHR185C	1.895825439
YHR186C	36.2919174
YHR187W	40.30955203
YHR188C	67.75134117
YHR189W	0.6771240824
YHR190W	306.5991281
YHR191C	33.21964464
YHR192W	53.0981816
YHR193C	1333.854615
YHR194W	14.80098953
YHR195W	52.02907433
YHR196W	108.728032
YHR197W	60.84950974
YHR198C	35.9093743
YHR199C	59.3472412
YHR199C-A	0.9804989083
YHR200W	171.0612812
YHR201C	83.44846697
YHR202W	13.44905131
YHR203C	1794.722744
YHR204W	24.06125332
YHR205W	86.06338105
YHR206W	56.26639164
YHR207C	27.84550985
YHR208W	575.0695272
YHR209W	124.8940909
YHR210C	7.368782336
YHR211W	17.08089123
YHR212W-A	0
YHR213W-A	0.1199863408
YHR213W-B	0.2992273125
YHR214C-D	0.5198796724
YHR214C-E	3.266313122
YHR214W	0
YHR215W	104.0706865
YHR216W	220.1605393
YHR218W	0.06469877576
YHR219W	11.84703871
YIL001W	17.6105401
YIL002C	31.60090038
YIL002W-A	189.3803778
YIL003W	29.13226109
YIL004C	43.35802386
YIL005W	53.3018827
YIL006W	10.80122205
YIL007C	35.85614005
YIL008W	129.3305503
YIL009C-A	27.46800705
YIL009W	35.17682339
YIL010W	77.14338985
YIL011W	22.38529727
YIL012W	7.031365147
YIL013C	11.97807114
YIL014C-A	15.85271276
YIL014W	36.3742317
YIL015W	12.03661856
YIL016W	103.2028032
YIL017C	18.78161741
YIL018W	2964.219216
YIL019W	44.56599649
YIL020C	40.72032451
YIL021W	87.07224662
YIL022W	93.66302153
YIL023C	59.72618987
YIL024C	39.34346309
YIL026C	26.29318022
YIL027C	143.1198054
YIL029C	23.64320292
YIL030C	95.93042809
YIL031W	26.3283419
YIL033C	108.3607566
YIL034C	99.86824785
YIL035C	92.84237882
YIL036W	68.33024339
YIL037C	4.436928253
YIL038C	69.94984987
YIL039W	114.16987
YIL040W	129.3680024
YIL041W	209.3501965
YIL042C	19.53079668
YIL043C	370.3930369
YIL044C	76.84065884
YIL045W	18.94700564
YIL046W	41.49185793
YIL046W-A	2.820594645
YIL047C	69.83403684
YIL048W	45.18557893
YIL049W	33.03074578
YIL050W	65.33980764
YIL051C	568.0397441
YIL052C	2211.684263
YIL053W	913.7717277
YIL054W	16.12135566
YIL055C	88.18559155
YIL056W	83.49776706
YIL057C	1.096050001
YIL059C	18.35816933
YIL060W	0.1596958139
YIL061C	8.790863697
YIL062C	279.6821933
YIL063C	81.67251121
YIL064W	64.6310871
YIL065C	60.84960138
YIL066C	30.03116095
YIL067C	22.55486691
YIL068C	37.85704096
YIL069C	729.4127485
YIL070C	192.3743014
YIL071C	12.56771213
YIL072W	2.787377762
YIL073C	5.39843832
YIL074C	84.35054208
YIL075C	394.1098151
YIL076W	189.4408298
YIL077C	30.64583618
YIL078W	571.4379309
YIL079C	43.49509104
YIL083C	40.77463514
YIL084C	1.690400397
YIL085C	68.97520332
YIL086C	0.8425188929
YIL087C	25.33888781
YIL088C	77.88535333
YIL089W	12.45844411
YIL090W	75.43122483
YIL091C	72.23035588
YIL092W	11.74480461
YIL093C	45.28971294
YIL094C	170.7174293
YIL095W	25.41349905
YIL096C	38.76498381
YIL097W	20.26737351
YIL098C	82.48450576
YIL099W	7.080485439
YIL101C	18.8175748
YIL102C-A	11.74185165
YIL103W	52.47773114
YIL104C	30.25371104
YIL105C	39.53899659
YIL105W-A	0.6896971804
YIL106W	42.26006747
YIL107C	54.77811195
YIL108W	74.26464535
YIL109C	166.8823165
YIL110W	75.53478106
YIL111W	47.37344177
YIL112W	26.33531846
YIL113W	11.93641551
YIL114C	48.39155367
YIL115C	90.94933308
YIL116W	112.2251135
YIL117C	197.7415925
YIL118W	95.02399828
YIL119C	15.79585698
YIL120W	17.83939086
YIL121W	5.22400432
YIL122W	25.43221339
YIL123W	224.0668749
YIL124W	105.1836962
YIL125W	109.9741781
YIL126W	71.35608847
YIL127C	74.49777163
YIL128W	50.74164653
YIL129C	56.75819753
YIL130W	43.22015286
YIL131C	28.91376527
YIL132C	6.231573907
YIL133C	1110.042112
YIL134C-A	0.8389334783
YIL134W	184.6270551
YIL135C	50.68204864
YIL136W	50.56537493
YIL137C	51.37537795
YIL138C	149.3470568
YIL139C	34.82321742
YIL140W	86.16670176
YIL142W	288.4822427
YIL143C	59.61809388
YIL144W	22.87256255
YIL145C	58.11382822
YIL146C	23.56056604
YIL147C	40.68007093
YIL148W	3378.452645
YIL149C	40.98059033
YIL150C	2.872627655
YIL151C	39.02753821
YIL152W	31.56501283
YIL153W	54.90751901
YIL154C	39.37453942
YIL155C	83.29825306
YIL156W	21.46389497
YIL156W-B	109.9183412
YIL157C	94.82503666
YIL158W	51.87267921
YIL159W	24.6678839
YIL160C	1.587696336
YIL161W	33.87883654
YIL162W	42.83561934
YIL163C	0.2032485758
YIL164C	0.6673937823
YIL165C	38.69041432
YIL166C	1.832793629
YIL169C	4.757912252
YIL172C	3.918274508
YIL173W	2.698479055
YIL176C	0
YIL177C	0.1641817463
YIR001C	53.2941715
YIR002C	42.00308253
YIR003W	60.69029691
YIR004W	70.56389517
YIR005W	37.4174301
YIR006C	103.6115246
YIR007W	9.821694472
YIR008C	32.24128331
YIR009W	33.12673109
YIR010W	22.77230597
YIR011C	112.9020077
YIR012W	174.5797582
YIR013C	3.145988979
YIR014W	0.4708404405
YIR015W	0.2653802066
YIR016W	25.27156184
YIR017C	12.45008543
YIR018C-A	2.921227762
YIR018W	6.089670542
YIR019C	6.897888565
YIR020C	1.776879007
YIR021W	40.88831385
YIR021W-A	1.669910093
YIR022W	101.914275
YIR023W	26.82326345
YIR024C	63.29305734
YIR025W	12.96428857
YIR026C	58.36170162
YIR027C	7.318189903
YIR028W	14.73823095
YIR029W	13.07354872
YIR030C	22.49618673
YIR031C	29.22501314
YIR032C	34.4897714
YIR033W	50.94798777
YIR034C	126.6981192
YIR035C	165.2442398
YIR036C	29.45887777
YIR037W	183.8784378
YIR038C	72.95612176
YIR039C	20.4567043
YIR041W	4.165935947
YIR042C	12.98250778
YJL001W	235.9345626
YJL002C	225.6547425
YJL003W	30.2543791
YJL004C	76.05503411
YJL005W	52.9421158
YJL006C	39.05718242
YJL008C	309.419372
YJL010C	91.58543942
YJL011C	44.85277577
YJL012C	253.2395188
YJL013C	29.94745123
YJL014W	241.1980569
YJL016W	115.0656818
YJL019W	0.7728855348
YJL020C	62.43732838
YJL023C	44.44902454
YJL024C	55.81175925
YJL025W	13.52716541
YJL026W	394.3540604
YJL027C	4.21992679
YJL028W	1.150649486
YJL029C	39.03919179
YJL030W	56.56621767
YJL031C	57.41952528
YJL033W	114.5398857
YJL034W	521.4291795
YJL035C	52.56754228
YJL036W	48.54345955
YJL037W	19.16323638
YJL038C	6.151897377
YJL039C	72.96515968
YJL041W	81.59092458
YJL042W	37.43663928
YJL043W	0.9959138093
YJL044C	49.89512064
YJL045W	5.510717365
YJL046W	21.81149696
YJL047C	187.5703775
YJL047C-A	947.6483527
YJL048C	157.2755464
YJL049W	31.60692615
YJL050W	107.8329159
YJL051W	23.81573759
YJL052C-A	0.7687422778
YJL052W	506.059913
YJL053W	42.05702992
YJL054W	109.4095091
YJL055W	127.6146472
YJL056C	23.26584443
YJL057C	29.15154786
YJL058C	15.79222407
YJL059W	15.93039551
YJL060W	56.06854181
YJL061W	32.80471608
YJL062W	24.81251513
YJL062W-A	157.4853882
YJL063C	66.38739262
YJL065C	45.13817496
YJL066C	46.15607188
YJL068C	53.41026299
YJL069C	78.47164992
YJL070C	17.21053706
YJL071W	18.78852207
YJL072C	24.41379135
YJL073W	23.04586724
YJL074C	33.38884662
YJL075C	0
YJL076W	96.30190333
YJL077C	0.2246786739
YJL077W-A	28.91349261
YJL077W-B	5.223319511
YJL078C	63.22213007
YJL079C	37.57139972
YJL080C	173.0901409
YJL081C	55.5968392
YJL082W	46.7141955
YJL083W	8.152141924
YJL084C	52.40168577
YJL085W	30.03153015
YJL087C	29.15640662
YJL088W	13.73395121
YJL089W	3.052328019
YJL090C	18.9824225
YJL091C	32.83620143
YJL092W	23.27693489
YJL093C	30.54093184
YJL094C	49.62798905
YJL095W	28.28933997
YJL096W	109.6866425
YJL097W	104.2970464
YJL098W	53.6723931
YJL099W	34.58038904
YJL100W	24.0536296
YJL101C	53.86214718
YJL102W	62.95396925
YJL103C	14.87459084
YJL104W	81.68897322
YJL105W	1.101047248
YJL106W	11.26103434
YJL107C	0.5931409989
YJL108C	40.51102856
YJL109C	160.7868857
YJL110C	55.88836314
YJL111W	234.7755731
YJL112W	38.1042738
YJL115W	51.40055046
YJL116C	25.46291845
YJL117W	129.4508874
YJL118W	13.55474246
YJL121C	130.4819646
YJL122W	144.5411455
YJL123C	101.5414174
YJL124C	173.2214133
YJL125C	92.64024469
YJL126W	32.58312078
YJL127C	2.251959787
YJL127C-B	83.00201568
YJL128C	47.38702767
YJL129C	71.56687042
YJL130C	272.1683942
YJL131C	18.16618574
YJL132W	13.31740902
YJL133C-A	114.8204254
YJL133W	82.92137735
YJL134W	39.61306798
YJL136C	2044.197123
YJL136W-A	3.303547722
YJL137C	22.17343945
YJL138C	1013.195244
YJL139C	16.56294811
YJL140W	170.8855938
YJL141C	10.12734442
YJL142C	49.78139111
YJL143W	214.5345076
YJL144W	83.82707153
YJL145W	75.74115044
YJL146W	18.86850792
YJL147C	8.243742079
YJL148W	149.3534096
YJL149W	26.08050897
YJL151C	282.8258295
YJL153C	17.58042931
YJL154C	64.71564558
YJL155C	49.71605276
YJL156C	29.33253237
YJL157C	52.82541757
YJL158C	803.2530333
YJL159W	1941.609545
YJL160C	6.680216233
YJL161W	23.31346238
YJL162C	22.64794336
YJL163C	4.47021639
YJL164C	24.08513211
YJL165C	171.4000459
YJL166W	548.0161473
YJL167W	663.254591
YJL168C	25.10596706
YJL170C	3.891392618
YJL171C	199.2817134
YJL172W	101.8483521
YJL173C	170.3397944
YJL174W	178.4642644
YJL176C	43.3238417
YJL177W	1178.216717
YJL178C	114.9547115
YJL179W	152.8511498
YJL180C	54.65700502
YJL181W	9.956344376
YJL183W	88.08633393
YJL184W	58.30040677
YJL185C	6.664564637
YJL186W	77.94171631
YJL187C	27.77941462
YJL189W	5328.921931
YJL190C	2912.030779
YJL191W	703.801155
YJL192C	152.6377908
YJL193W	28.06018708
YJL194W	17.29311885
YJL196C	86.30867729
YJL197W	50.81325974
YJL198W	48.25582416
YJL199C	6.49419764
YJL200C	127.2177866
YJL201W	44.12994187
YJL203W	22.96028416
YJL204C	24.16074387
YJL205C	58.92140144
YJL206C	14.21440449
YJL207C	46.97107952
YJL208C	51.17357829
YJL209W	26.94727457
YJL210W	33.14301738
YJL212C	36.86778696
YJL213W	37.7504991
YJL214W	6.964084626
YJL216C	11.10137611
YJL217W	189.9391947
YJL218W	14.09881196
YJL219W	4.773625481
YJL221C	2.677708952
YJL222W	2.654623302
YJL223C	0
YJL225C	0.4383567824
YJR001W	74.71454176
YJR002W	92.46831615
YJR003C	49.66574071
YJR004C	107.2798589
YJR005C-A	9.740004275
YJR005W	54.77076058
YJR006W	42.13610485
YJR007W	293.0945122
YJR008W	32.98332091
YJR009C	2366.560075
YJR010C-A	67.95089777
YJR010W	31.08731861
YJR011C	17.64160299
YJR012C	26.76084238
YJR013W	22.86566866
YJR014W	128.5130594
YJR015W	82.28694212
YJR016C	416.6274522
YJR017C	90.59207282
YJR019C	27.29034023
YJR021C	12.85683899
YJR022W	33.35725682
YJR024C	101.4449491
YJR025C	53.56429622
YJR030C	14.99401905
YJR031C	22.27219261
YJR032W	59.02093235
YJR033C	20.60372682
YJR034W	58.577538
YJR035W	15.61430617
YJR036C	7.555189651
YJR039W	14.06421771
YJR040W	34.14701311
YJR041C	70.12066975
YJR042W	100.3617059
YJR043C	36.60923546
YJR044C	178.7030024
YJR045C	792.5556641
YJR046W	66.33033648
YJR047C	8.841982669
YJR049C	34.3733075
YJR050W	43.17977841
YJR051W	46.04042413
YJR052W	35.73858211
YJR053W	0.5232901289
YJR054W	31.30973407
YJR055W	23.39571221
YJR056C	33.97749789
YJR057W	38.74404571
YJR058C	67.59181176
YJR059W	93.66521828
YJR060W	3.965059652
YJR061W	22.83603554
YJR062C	14.16992707
YJR063W	153.3392217
YJR064W	375.5418411
YJR065C	215.4866734
YJR066W	40.05543429
YJR067C	37.73240169
YJR068W	70.7096111
YJR069C	104.0093146
YJR070C	200.6258039
YJR072C	111.9458218
YJR073C	113.9899487
YJR074W	36.43994723
YJR075W	115.1531928
YJR076C	96.7882479
YJR077C	356.679972
YJR078W	11.50513397
YJR079W	0.2519208577
YJR080C	48.6229361
YJR082C	57.57613437
YJR083C	21.30652871
YJR084W	31.57314589
YJR085C	289.7516287
YJR086W	122.956208
YJR088C	107.868325
YJR089W	22.96484223
YJR090C	42.71063209
YJR091C	96.78563425
YJR092W	30.20538231
YJR093C	33.91096682
YJR094C	7.170953916
YJR094W-A	1890.543301
YJR095W	1.968012772
YJR096W	53.82052458
YJR097W	21.5621084
YJR098C	13.15579775
YJR099W	33.5127321
YJR100C	51.2076877
YJR101W	110.0456849
YJR102C	35.12581319
YJR103W	118.2551773
YJR104C	962.8893578
YJR105W	417.9015493
YJR106W	5.35505796
YJR107C-A	43.67725795
YJR107W	24.06677245
YJR108W	4.702249582
YJR109C	110.15371
YJR110W	18.59696232
YJR111C	38.4070417
YJR112W	17.73205839
YJR112W-A	50.70237624
YJR113C	90.17173605
YJR115W	22.2015023
YJR116W	30.93224798
YJR117W	127.6039619
YJR118C	61.41409962
YJR119C	11.34439078
YJR120W	3.392218047
YJR121W	574.929368
YJR122W	57.25112253
YJR123W	4743.905805
YJR124C	42.17639863
YJR125C	88.94703038
YJR126C	50.34193219
YJR127C	23.2889437
YJR128W	4.035142241
YJR129C	10.718069
YJR130C	27.8159464
YJR131W	13.1621535
YJR132W	46.31293613
YJR133W	86.99551724
YJR134C	38.80631449
YJR135C	12.25606149
YJR135W-A	194.1963449
YJR136C	29.27073428
YJR137C	45.09740903
YJR138W	23.47331233
YJR139C	514.0969934
YJR140C	46.0226858
YJR141W	23.44972019
YJR142W	55.47690199
YJR143C	154.2398157
YJR144W	124.3873612
YJR145C	2228.951377
YJR146W	1.458875152
YJR147W	23.73187783
YJR148W	160.9808674
YJR149W	64.01061426
YJR150C	0.917934456
YJR151C	4.653361419
YJR151W-A	4.917359746
YJR152W	21.50139365
YJR153W	0.9982659181
YJR154W	0.2215054174
YJR155W	24.78111705
YJR156C	24.08041831
YJR158W	0.04448007595
YJR159W	1.293661605
YJR160C	1.216558605
YJR161C	3.713504191
YKL001C	72.79787634
YKL002W	67.48727878
YKL003C	104.3440045
YKL004W	128.2503186
YKL005C	42.90225549
YKL006C-A	228.0768176
YKL006W	3516.21949
YKL007W	153.325141
YKL008C	82.539089
YKL009W	307.5930784
YKL010C	65.64594791
YKL011C	25.36501223
YKL012W	47.36432409
YKL013C	343.9632073
YKL014C	81.2160596
YKL015W	38.21097914
YKL016C	289.0279534
YKL017C	23.43551099
YKL018C-A	65.15071476
YKL018W	51.71963672
YKL019W	71.16747195
YKL020C	56.25145791
YKL021C	95.25887664
YKL022C	16.66306904
YKL023C-A	2.931931763
YKL023W	11.35124519
YKL024C	200.5145533
YKL025C	45.08994816
YKL026C	27.43965475
YKL027W	58.54020718
YKL028W	41.88275067
YKL029C	129.1791078
YKL032C	47.68163161
YKL033W	18.53297751
YKL033W-A	266.9612733
YKL034W	23.05955379
YKL035W	164.8249138
YKL037W	3.631587047
YKL038W	120.1333501
YKL039W	141.8192707
YKL040C	75.14271043
YKL041W	49.0350842
YKL042W	34.81042669
YKL043W	61.39008344
YKL044W	1.103511473
YKL045W	35.12645116
YKL046C	104.0841745
YKL047W	42.7681251
YKL048C	16.4622994
YKL049C	21.08119886
YKL050C	9.624238541
YKL051W	91.79356865
YKL052C	42.83246927
YKL053C-A	181.3750643
YKL054C	229.1776382
YKL055C	3.585833194
YKL056C	4024.440513
YKL057C	77.28811534
YKL058W	92.48417711
YKL059C	22.92251289
YKL060C	8528.412723
YKL061W	37.81505035
YKL062W	62.37861332
YKL063C	86.35647941
YKL064W	51.70989947
YKL065C	360.0548976
YKL065W-A	18.27557355
YKL067W	187.2051157
YKL068W	75.61261255
YKL068W-A	83.25631294
YKL069W	73.57188572
YKL070W	2.005528145
YKL071W	4.453955955
YKL072W	9.955581938
YKL073W	67.25065983
YKL074C	48.73156966
YKL075C	26.16904053
YKL077W	153.889505
YKL078W	35.84348123
YKL079W	47.22659973
YKL080W	290.1957146
YKL081W	759.0032227
YKL082C	92.31660413
YKL084W	70.74157129
YKL085W	131.3906476
YKL086W	8.716071885
YKL087C	68.68458531
YKL088W	36.64066843
YKL089W	12.58790983
YKL090W	29.58135938
YKL091C	38.74850014
YKL092C	25.52350756
YKL093W	13.30898547
YKL094W	97.97595256
YKL095W	0.4069198155
YKL096C-B	1.954738296
YKL096W	342.934787
YKL096W-A	4102.41289
YKL097C	2.217369108
YKL098W	33.63842634
YKL099C	81.0811711
YKL100C	62.4837426
YKL101W	96.19924013
YKL102C	1.176090664
YKL103C	51.68387679
YKL104C	268.6272011
YKL104W-A	1.287327438
YKL105C	33.82882391
YKL106C-A	0.6112615379
YKL106W	80.14539863
YKL107W	3.019442166
YKL108W	23.15071181
YKL109W	138.155469
YKL110C	105.7063595
YKL112W	46.29930188
YKL113C	48.8144648
YKL114C	69.57149051
YKL116C	41.96040174
YKL117W	632.5636168
YKL119C	64.41152496
YKL120W	244.4052294
YKL121W	14.31405254
YKL122C	150.8222695
YKL124W	36.34341929
YKL125W	78.93355153
YKL126W	124.1530464
YKL127W	90.5780735
YKL128C	75.8995706
YKL129C	36.35509512
YKL130C	55.12377149
YKL132C	19.96196843
YKL133C	11.18440399
YKL134C	18.30777478
YKL135C	94.26057626
YKL137W	88.15578339
YKL138C	107.3930428
YKL138C-A	76.80888647
YKL139W	35.72005649
YKL140W	58.67176709
YKL141W	165.2282197
YKL142W	340.0008582
YKL143W	61.23091869
YKL144C	53.1482281
YKL145W	219.8065319
YKL146W	59.68729073
YKL148C	106.3990931
YKL149C	20.95794831
YKL150W	220.4251958
YKL151C	24.43239167
YKL152C	6056.198304
YKL154W	81.34803523
YKL155C	62.0364928
YKL156W	778.3973509
YKL157W	87.80570995
YKL159C	38.59335545
YKL160W	182.4754128
YKL161C	50.16426989
YKL162C	11.71441992
YKL163W	158.7783927
YKL164C	503.4640118
YKL165C	30.78198458
YKL166C	48.07439991
YKL167C	79.17696534
YKL168C	19.91090643
YKL170W	96.97088052
YKL171W	18.60346143
YKL172W	182.196987
YKL173W	42.61813208
YKL174C	50.159891
YKL175W	81.51449977
YKL176C	75.35314587
YKL178C	162.6005079
YKL179C	51.77810358
YKL180W	2388.476718
YKL181W	355.0887976
YKL182W	680.1491351
YKL183C-A	17.8718009
YKL183W	26.59268102
YKL184W	108.2557742
YKL185W	129.4288326
YKL186C	127.5380945
YKL187C	13.07416073
YKL188C	26.02581532
YKL189W	25.35460024
YKL190W	105.2951351
YKL191W	81.59409654
YKL192C	483.3814642
YKL193C	56.66496569
YKL194C	33.91772364
YKL195W	218.3162894
YKL196C	252.4643794
YKL197C	14.49868083
YKL198C	27.85425995
YKL201C	25.17505023
YKL203C	46.22252702
YKL204W	62.40860762
YKL205W	92.12070489
YKL206C	74.16883315
YKL207W	137.7038502
YKL208W	15.24939788
YKL209C	10.28170143
YKL210W	345.7463113
YKL211C	126.3240513
YKL212W	153.4911316
YKL213C	102.278753
YKL214C	76.67384016
YKL215C	48.19838635
YKL216W	164.7836987
YKL217W	19.84095792
YKL218C	32.29486036
YKL219W	45.53814431
YKL220C	9.688361565
YKL221W	4.383757732
YKL222C	19.20194499
YKL224C	0.2985030285
YKR001C	118.6979909
YKR002W	47.08445401
YKR003W	49.13423488
YKR004C	10.9583896
YKR005C	46.595021
YKR006C	83.38853922
YKR007W	64.91205506
YKR008W	77.87183006
YKR009C	37.16512011
YKR010C	24.04506675
YKR011C	51.01640996
YKR013W	146.666376
YKR014C	131.9776204
YKR015C	2.80398816
YKR016W	70.36641315
YKR017C	16.87151606
YKR018C	101.5005946
YKR019C	15.87483857
YKR020W	29.73794186
YKR021W	29.89832206
YKR022C	34.62275575
YKR023W	29.85739339
YKR024C	52.22568608
YKR025W	54.67468449
YKR026C	88.97902807
YKR027W	28.72665965
YKR028W	88.37890575
YKR029C	28.10226548
YKR030W	50.41311313
YKR031C	39.95882321
YKR032W	3.823826799
YKR034W	29.73006573
YKR035W-A	145.6137973
YKR036C	17.36175727
YKR037C	34.50912022
YKR038C	75.68413293
YKR039W	266.1341088
YKR041W	0.3814860695
YKR042W	885.8919557
YKR043C	246.7482446
YKR044W	27.97603709
YKR045C	6.873964183
YKR046C	395.3310826
YKR048C	269.5885297
YKR049C	54.60224949
YKR050W	24.66491452
YKR051W	25.25735832
YKR052C	31.98728529
YKR053C	27.03195196
YKR054C	19.55390311
YKR055W	37.71800401
YKR056W	64.42537071
YKR057W	874.9424024
YKR058W	18.73600946
YKR059W	1031.95978
YKR060W	38.19366897
YKR061W	51.33139471
YKR062W	36.22327027
YKR063C	15.62030081
YKR064W	26.73420032
YKR065C	125.9626816
YKR066C	101.7470149
YKR067W	40.96137766
YKR068C	123.3097457
YKR069W	19.50011337
YKR070W	45.97426662
YKR071C	247.4273266
YKR072C	79.85302938
YKR073C	0.543863467
YKR074W	124.3237572
YKR075C	25.90908705
YKR076W	17.84914237
YKR077W	25.7018835
YKR078W	13.43053008
YKR079C	45.43283924
YKR080W	89.75294004
YKR081C	211.6759589
YKR082W	82.860168
YKR083C	33.47427492
YKR084C	61.32623191
YKR085C	101.6085923
YKR086W	17.74797194
YKR087C	38.56221746
YKR088C	49.72983508
YKR089C	26.86624978
YKR090W	14.49019475
YKR091W	163.2980717
YKR092C	132.2702535
YKR093W	185.5577868
YKR094C	2029.570282
YKR095W	55.81510751
YKR095W-A	60.6862911
YKR096W	38.00293718
YKR097W	13.76011282
YKR098C	20.79283016
YKR099W	26.57221943
YKR100C	77.66741054
YKR101W	15.74634337
YKR102W	8.709265356
YKR103W	0.3589293592
YKR104W	13.70022078
YKR105C	0.9918789632
YKR106W	0.08749115909
YLL001W	42.42292586
YLL002W	17.66383755
YLL003W	24.15479925
YLL004W	32.15039312
YLL005C	0.4567690249
YLL006W	7.364254248
YLL006W-A	0.4332467029
YLL007C	17.75711698
YLL008W	100.2111184
YLL009C	201.3639557
YLL010C	32.53030437
YLL011W	72.72055602
YLL012W	47.17415381
YLL013C	48.56838263
YLL014W	126.4938174
YLL015W	54.18651313
YLL018C	243.7906265
YLL018C-A	6.888809761
YLL019C	58.13930399
YLL021W	54.96418881
YLL022C	24.47298169
YLL023C	82.19712852
YLL024C	2394.032357
YLL025W	17.40175069
YLL026W	640.7755276
YLL027W	95.86374698
YLL028W	66.91587531
YLL029W	78.97181959
YLL030C	0.6759628976
YLL031C	41.31893478
YLL032C	15.70959165
YLL033W	4.533805704
YLL034C	68.11102263
YLL035W	31.04194092
YLL036C	45.53321766
YLL038C	3.525339458
YLL039C	877.3381751
YLL040C	57.72411695
YLL041C	144.8542893
YLL042C	29.64310145
YLL043W	78.2663072
YLL045C	2071.196447
YLL046C	17.45248657
YLL048C	155.7069547
YLL049W	43.07802244
YLL050C	1171.885781
YLL051C	21.73294055
YLL052C	0.4784968488
YLL053C	29.11941388
YLL054C	17.80415429
YLL055W	17.47118636
YLL056C	11.13321566
YLL057C	7.696323332
YLL058W	22.06982139
YLL060C	17.60669563
YLL061W	14.57036548
YLL062C	8.373602063
YLL063C	16.21396026
YLL064C	0.8746752767
YLL066C	22.60632648
YLL066W-B	0.5272649688
YLL067C	9.281084928
YLR001C	21.65390504
YLR002C	67.16056722
YLR003C	127.9250837
YLR004C	5.817371777
YLR005W	45.51594159
YLR006C	56.52359529
YLR007W	47.76359865
YLR008C	134.3078297
YLR009W	234.2177091
YLR010C	19.45679095
YLR011W	34.35524272
YLR012C	0.88075004
YLR013W	9.009530854
YLR014C	26.01478071
YLR015W	14.90085926
YLR016C	33.03960488
YLR017W	124.7565802
YLR018C	55.25266036
YLR019W	49.9167911
YLR020C	75.83507234
YLR021W	48.86058567
YLR022C	101.5478276
YLR023C	73.98445521
YLR024C	9.209322125
YLR025W	153.614685
YLR026C	39.20526048
YLR027C	296.9269556
YLR028C	126.1029054
YLR029C	2367.836568
YLR030W	1.831371346
YLR031W	9.464691242
YLR032W	27.44421837
YLR033W	42.0191356
YLR034C	43.88639045
YLR035C	12.46692421
YLR036C	23.66607648
YLR037C	17.52314229
YLR038C	261.6512545
YLR039C	30.90482395
YLR040C	408.5454445
YLR042C	18.03073395
YLR043C	888.8421494
YLR045C	29.64624899
YLR046C	21.56635473
YLR047C	0.6668287523
YLR048W	1399.973375
YLR049C	56.59193755
YLR050C	88.73441529
YLR051C	141.6301272
YLR052W	46.90964486
YLR053C	4.253857297
YLR054C	29.52926091
YLR055C	28.46047005
YLR056W	382.5008307
YLR057W	70.52821328
YLR058C	273.1358602
YLR059C	59.58141432
YLR060W	397.0054785
YLR061W	2206.734609
YLR063W	13.76592154
YLR064W	136.9491693
YLR065C	115.7347984
YLR066W	145.0746325
YLR067C	20.12432907
YLR068W	72.96878093
YLR069C	77.64155924
YLR070C	11.93036967
YLR071C	44.93952838
YLR072W	22.49542024
YLR073C	44.94484229
YLR074C	150.8852026
YLR075W	4313.404992
YLR077W	100.1619252
YLR078C	51.83788047
YLR079W	78.2210005
YLR080W	28.46209183
YLR081W	11.97544638
YLR082C	23.1839672
YLR083C	114.2886939
YLR084C	47.34195288
YLR085C	26.00437679
YLR086W	28.93088324
YLR087C	31.8887144
YLR088W	44.40056529
YLR089C	111.6695103
YLR090W	46.66354381
YLR091W	11.1048598
YLR092W	8.616325847
YLR093C	64.96011902
YLR094C	38.67460347
YLR095C	34.27292858
YLR096W	73.23364811
YLR097C	58.93758788
YLR098C	21.40084457
YLR099C	69.25403202
YLR099W-A	66.65662684
YLR100W	351.9075312
YLR102C	30.32521201
YLR103C	24.6839975
YLR104W	67.76139621
YLR105C	63.44294775
YLR106C	156.2688059
YLR107W	72.56577005
YLR108C	16.09806064
YLR109W	1523.713608
YLR110C	17760.23283
YLR111W	0.795673218
YLR112W	54.42047057
YLR113W	178.9992185
YLR114C	44.47387285
YLR115W	21.17531455
YLR116W	28.99271588
YLR117C	44.90706249
YLR118C	64.0275464
YLR119W	28.41850814
YLR120C	159.2157955
YLR121C	114.4821447
YLR122C	2.432121659
YLR125W	1.975741904
YLR126C	21.91001482
YLR127C	26.28766303
YLR128W	15.53013607
YLR129W	128.9188831
YLR130C	78.30071831
YLR131C	27.14357049
YLR132C	7.790185415
YLR133W	12.84177716
YLR134W	59.60506538
YLR135W	16.30028309
YLR136C	10.07629805
YLR137W	34.95324235
YLR138W	76.10287438
YLR139C	17.53246547
YLR141W	19.01719999
YLR142W	69.36719558
YLR143W	29.86769442
YLR144C	28.96091926
YLR145W	38.33059801
YLR146C	54.9862577
YLR146W-A	122.7326032
YLR147C	92.97400886
YLR148W	32.21264992
YLR149C	19.98901456
YLR150W	1824.678265
YLR151C	13.48543571
YLR152C	33.94307774
YLR153C	405.0231801
YLR154C	40.51319018
YLR156C-A	0
YLR156W	0.2545385181
YLR157C	0.08455427895
YLR157C-C	0
YLR157W-D	0.1008118642
YLR157W-E	0
YLR158C	0
YLR159C-A	0.03998721369
YLR159W	0
YLR160C	0.0348750038
YLR161W	3.866022675
YLR162W	0.5933712842
YLR162W-A	21.78127416
YLR163C	57.32219642
YLR164W	18.82718635
YLR165C	19.87066635
YLR166C	32.59708224
YLR167W	7366.728496
YLR168C	136.2741446
YLR170C	40.68784612
YLR172C	170.1667495
YLR173W	14.74488568
YLR174W	33.18296735
YLR175W	429.575975
YLR176C	15.72977325
YLR177W	54.64612642
YLR178C	80.4315593
YLR179C	238.1045474
YLR180W	238.5862094
YLR181C	55.60367848
YLR182W	33.67313326
YLR183C	33.13770507
YLR185W	2766.82974
YLR186W	159.9787621
YLR187W	20.17775936
YLR188W	39.51432845
YLR189C	33.54919667
YLR190W	66.79587208
YLR191W	27.16945172
YLR192C	204.9406362
YLR193C	62.55713114
YLR194C	976.9945374
YLR195C	87.86721312
YLR196W	147.0728683
YLR197W	488.6082191
YLR199C	78.52287872
YLR200W	140.7217123
YLR201C	70.69380119
YLR203C	69.69242113
YLR204W	96.85828778
YLR205C	139.1992283
YLR206W	92.62519012
YLR207W	24.37238238
YLR208W	235.1578682
YLR209C	65.37076268
YLR210W	18.32487165
YLR211C	22.18042693
YLR212C	24.38444821
YLR213C	19.73896889
YLR214W	107.7150061
YLR215C	41.86041659
YLR216C	530.0594818
YLR218C	24.81847101
YLR219W	45.74742609
YLR220W	72.78054806
YLR221C	111.6445949
YLR222C	97.21811284
YLR223C	59.69071462
YLR224W	63.9100588
YLR225C	119.3295295
YLR226W	7.394817946
YLR227C	14.05464674
YLR228C	24.20090609
YLR229C	200.0798576
YLR231C	19.90191884
YLR233C	10.3131838
YLR234W	1.370952404
YLR236C	0.2539766454
YLR237W	52.69998154
YLR238W	19.86295213
YLR239C	46.64904612
YLR240W	24.21766135
YLR241W	63.1272942
YLR242C	22.64196032
YLR243W	70.3525808
YLR244C	201.3389516
YLR245C	2.736552372
YLR246W	58.30695169
YLR247C	71.9368327
YLR248W	107.5023534
YLR249W	2534.754221
YLR250W	224.4818748
YLR251W	69.52725728
YLR253W	45.85230756
YLR254C	38.88479458
YLR255C	6.304890597
YLR256W	12.25836121
YLR257W	396.3784931
YLR258W	59.05777138
YLR259C	635.6332023
YLR260W	48.38483272
YLR261C	63.79018566
YLR262C	0.04448007595
YLR262C-A	644.1095588
YLR263W	12.06155926
YLR264C-A	1.50783248
YLR264W	44.41878137
YLR265C	20.92061824
YLR266C	12.30428903
YLR267W	4.810953703
YLR268W	120.5845364
YLR270W	69.64340841
YLR271W	11.25207889
YLR272C	19.43607262
YLR273C	9.728609743
YLR274W	45.98686093
YLR275W	56.24617449
YLR276C	153.8650899
YLR277C	128.3464184
YLR278C	38.38891106
YLR281C	10.12919478
YLR283W	26.00179918
YLR284C	15.63507903
YLR285C-A	10.12222411
YLR285W	68.97613818
YLR286C	451.0413557
YLR287C	64.62059632
YLR287C-A	3256.438505
YLR288C	18.41983154
YLR289W	27.93230313
YLR290C	34.8010504
YLR291C	133.0601471
YLR292C	115.5887812
YLR293C	1177.538254
YLR295C	211.4996506
YLR296W	0.6294485998
YLR297W	88.26834284
YLR298C	32.5225117
YLR299W	76.12056133
YLR300W	631.8111087
YLR301W	219.2767444
YLR302C	0.4968158297
YLR303W	92.15470121
YLR304C	620.6190872
YLR305C	72.92650182
YLR306W	24.28591635
YLR307C-A	13.5238818
YLR307W	4.110168838
YLR308W	0.1116928066
YLR309C	42.09036458
YLR310C	67.87386719
YLR312C	9.125352365
YLR312W-A	96.30712012
YLR313C	19.25552024
YLR314C	108.7253079
YLR315W	0.4422267203
YLR316C	23.24574076
YLR318W	6.222767928
YLR319C	33.0500981
YLR320W	16.52513143
YLR321C	36.88012334
YLR323C	18.66657717
YLR324W	46.64568732
YLR325C	3786.976872
YLR326W	34.49855978
YLR327C	92.14183204
YLR328W	40.45491816
YLR329W	15.15141474
YLR330W	111.4551235
YLR331C	0.2024573964
YLR332W	107.0710333
YLR333C	965.3050162
YLR335W	65.81081455
YLR336C	49.85604105
YLR337C	42.25554251
YLR340W	2378.336757
YLR341W	0.8369076863
YLR342W	530.7810172
YLR342W-A	20.5859753
YLR343W	37.49107231
YLR344W	992.8384498
YLR345W	55.32343883
YLR346C	14.0581099
YLR347C	72.840926
YLR348C	89.26453105
YLR350W	162.1485898
YLR351C	111.2109804
YLR352W	13.53008392
YLR353W	23.55940847
YLR354C	533.4659169
YLR355C	885.5808001
YLR356W	30.36318435
YLR357W	41.28692945
YLR358C	0.05998295764
YLR359W	184.1439522
YLR360W	20.64499036
YLR361C	22.75945236
YLR361C-A	57.53931386
YLR362W	26.97953354
YLR363C	46.19410068
YLR363W-A	74.77928082
YLR364W	25.41613409
YLR365W	2.811502149
YLR367W	420.5137276
YLR368W	22.74478695
YLR369W	44.92387767
YLR370C	258.9661271
YLR371W	47.14886195
YLR372W	266.9843137
YLR373C	33.94464254
YLR375W	121.6923344
YLR376C	10.8112278
YLR377C	4.313980498
YLR378C	219.1114965
YLR379W-A	0.7074439835
YLR380W	63.81549297
YLR381W	27.87715383
YLR382C	47.94728058
YLR383W	21.47146298
YLR384C	113.69505
YLR385C	1.250828489
YLR386W	25.36419742
YLR387C	102.1368264
YLR388W	2029.575858
YLR389C	77.19043743
YLR390W	102.1945773
YLR390W-A	892.347187
YLR392C	22.59502533
YLR393W	0.5643592688
YLR394W	15.34313645
YLR395C	308.2223982
YLR396C	25.92434227
YLR397C	51.96457954
YLR398C	48.58729518
YLR399C	138.6382275
YLR401C	40.56451161
YLR403W	52.82108573
YLR404W	14.24546705
YLR405W	27.79062382
YLR406C	650.9618961
YLR406C-A	2.780840407
YLR407W	61.76662319
YLR408C	27.15298035
YLR409C	101.4177219
YLR410W	93.02697556
YLR411W	13.54852097
YLR412C-A	4.885161728
YLR412W	36.95606691
YLR413W	189.0650742
YLR414C	255.8802406
YLR415C	2.239045749
YLR417W	23.5456611
YLR418C	49.67197274
YLR419W	34.90574248
YLR420W	76.4215365
YLR421C	217.7039175
YLR422W	35.68478561
YLR423C	9.991644189
YLR424W	18.07772485
YLR425W	24.39885295
YLR426W	18.85936381
YLR427W	60.21098878
YLR429W	151.0568799
YLR430W	129.6245297
YLR431C	18.9719706
YLR432W	360.501792
YLR433C	42.67410643
YLR435W	163.2485474
YLR436C	49.5733077
YLR437C	59.76068735
YLR438C-A	200.9831636
YLR438W	23.55477485
YLR439W	60.23801636
YLR440C	36.25345494
YLR441C	2542.018581
YLR442C	30.08947667
YLR443W	43.27324373
YLR445W	0.3109686915
YLR446W	6.100388421
YLR447C	287.1630317
YLR448W	1157.652607
YLR449W	304.5853328
YLR450W	30.91856391
YLR451W	29.05921685
YLR452C	66.83060534
YLR453C	1.200502147
YLR454W	51.00775369
YLR455W	29.9510822
YLR456W	15.19621279
YLR457C	11.49320879
YLR459W	36.31546458
YLR460C	9.170186905
YLR461W	0.9185062708
YLR462W	0.5598414287
YLR464W	0.1211192287
YLR466W	2.716625099
YLR467W	0.3025660128
YML001W	194.4849249
YML002W	15.68443418
YML003W	0.2247300134
YML004C	190.8052482
YML005W	31.54037586
YML006C	35.46744795
YML007C-A	10.64515827
YML007W	138.6951835
YML008C	391.193684
YML009C	152.7164096
YML010W	100.932592
YML011C	17.32005226
YML012W	240.8340939
YML013W	14.77803455
YML014W	63.50454859
YML015C	82.26148138
YML016C	132.2380808
YML018C	54.34562528
YML019W	53.91009846
YML020W	24.14390252
YML021C	29.63671991
YML022W	312.1359493
YML023C	36.00790266
YML024W	3539.523763
YML025C	55.94020056
YML026C	1992.843138
YML027W	17.52730859
YML028W	1566.210096
YML029W	22.8462552
YML030W	119.8031792
YML031W	64.294587
YML032C	66.98413508
YML034W	59.8680657
YML035C	68.77754521
YML036W	48.46130638
YML037C	0.3749355348
YML038C	98.08338885
YML041C	39.38787121
YML042W	18.0804262
YML043C	23.39564753
YML046W	47.56215723
YML047C	0.8540586519
YML048W	199.4970298
YML049C	52.57850469
YML050W	25.05355909
YML051W	63.38051012
YML052W	148.564981
YML053C	33.13589273
YML054C	20.90742104
YML054C-A	0.6152302955
YML055W	98.94888629
YML056C	360.3152821
YML057W	108.8585147
YML058W	607.2667337
YML058W-A	15.29104484
YML059C	66.63402302
YML060W	23.63371169
YML061C	42.46520627
YML062C	56.09083201
YML063W	3325.137051
YML064C	33.58577494
YML065W	24.25843509
YML066C	0.3532673551
YML067C	53.57013125
YML068W	10.50183545
YML069W	170.7346452
YML070W	96.17758584
YML071C	30.96295433
YML072C	176.4967448
YML073C	2089.634701
YML074C	285.8364759
YML075C	192.0564051
YML076C	23.12267445
YML077W	84.17875579
YML078W	184.4258755
YML079W	82.30735158
YML080W	48.32153119
YML081C-A	311.1671146
YML081W	59.53044295
YML082W	33.38479027
YML083C	1.999519101
YML085C	183.415349
YML086C	119.7267374
YML087C	20.25810978
YML088W	64.64071309
YML091C	28.45620949
YML092C	331.1944043
YML093W	85.59052552
YML094W	88.20425384
YML095C	4.380665055
YML096W	32.39961176
YML097C	39.912352
YML098W	40.02260374
YML099C	47.26905279
YML100W	67.44995047
YML100W-A	7.376972244
YML101C	57.93840199
YML102W	32.44794057
YML103C	96.14601392
YML104C	18.16509787
YML105C	151.9696658
YML106W	445.542844
YML107C	16.55174839
YML108W	66.44155776
YML109W	26.73014171
YML110C	134.4347734
YML111W	38.0880282
YML112W	46.87943052
YML113W	42.78614028
YML114C	37.23049757
YML115C	65.54110415
YML116W	26.25705021
YML117W	82.27380391
YML118W	3.241415103
YML119W	36.54613127
YML120C	85.55628996
YML121W	57.24824136
YML122C	15.43585248
YML123C	547.1645509
YML124C	278.5210781
YML125C	256.3576493
YML126C	716.2006368
YML127W	56.85182965
YML128C	81.30391945
YML129C	115.5256996
YML130C	197.5294732
YML131W	59.5797642
YML132W	2.743555987
YML133C	7.731090773
YMR001C	39.7650362
YMR001C-A	3.925648031
YMR002W	731.829599
YMR003W	31.9569449
YMR004W	106.8321971
YMR005W	70.78410236
YMR006C	45.29693228
YMR007W	4.318360235
YMR008C	152.674427
YMR008C-A	3.027093022
YMR009W	151.2830565
YMR010W	64.85871453
YMR011W	157.4225791
YMR012W	298.15849
YMR013C	25.29494282
YMR014W	72.5474281
YMR015C	203.3954408
YMR016C	33.85942347
YMR017W	8.949843361
YMR018W	3.098616615
YMR019W	22.44019957
YMR020W	23.98798099
YMR021C	37.53447216
YMR022W	120.1771385
YMR023C	23.30516502
YMR024W	78.20241396
YMR025W	11.00706348
YMR026C	33.10706373
YMR027W	89.36949957
YMR028W	54.46162668
YMR029C	36.30785495
YMR030W	14.23571671
YMR030W-A	2.750719351
YMR031C	84.94469866
YMR032W	20.83134924
YMR033W	59.88919122
YMR034C	9.682820304
YMR035W	32.69659183
YMR036C	20.57094908
YMR037C	55.37381284
YMR038C	118.2309189
YMR039C	67.97142689
YMR040W	14.7318386
YMR041C	25.81079337
YMR042W	11.37398409
YMR043W	138.8555877
YMR044W	37.00042326
YMR047C	90.54782102
YMR048W	17.23246629
YMR049C	106.5201537
YMR052W	16.2752268
YMR053C	8.927849855
YMR054W	56.69890977
YMR055C	10.80200806
YMR056C	11.81812927
YMR058W	138.2244252
YMR059W	35.66892762
YMR060C	58.6281549
YMR061W	94.63366423
YMR062C	127.6186723
YMR063W	0.1872226549
YMR064W	32.49071864
YMR065W	16.68603021
YMR066W	22.35204036
YMR067C	88.16441847
YMR068W	15.53189585
YMR069W	2.787814912
YMR070W	67.53830019
YMR071C	144.5342831
YMR072W	316.2202538
YMR073C	34.55185242
YMR074C	368.0080531
YMR075C-A	3.232543715
YMR075W	30.82613887
YMR076C	26.59659312
YMR077C	42.43799897
YMR078C	18.99649132
YMR079W	170.0385944
YMR080C	88.91857269
YMR081C	19.64058068
YMR082C	0.4043001093
YMR083W	286.5967803
YMR084W	0.3848791925
YMR085W	25.5874972
YMR086W	27.48565838
YMR087W	34.5478461
YMR088C	47.9537852
YMR089C	112.4709874
YMR090W	34.26466265
YMR091C	61.35526028
YMR092C	121.4663203
YMR093W	101.7220383
YMR094W	0.2147074761
YMR095C	11.53842232
YMR096W	57.79699685
YMR097C	41.97942552
YMR098C	30.34174562
YMR099C	186.8130134
YMR100W	39.46700537
YMR101C	3.979616991
YMR102C	105.5117073
YMR103C	103.3403916
YMR104C	3.036521428
YMR105C	29.22351111
YMR105W-A	1.543926573
YMR106C	5.294729063
YMR106W-A	41.72765102
YMR107W	10.57871092
YMR108W	474.7142731
YMR109W	106.9970991
YMR110C	77.22234522
YMR111C	14.91023946
YMR112C	52.05989212
YMR113W	36.82968948
YMR114C	38.89392909
YMR115W	57.1601504
YMR116C	2264.317271
YMR117C	0.7201647729
YMR118C	7.373467316
YMR119W	41.94716129
YMR120C	73.42956019
YMR121C	54.30234448
YMR122C	13.37530006
YMR122W-A	1304.408997
YMR123W	163.6246183
YMR124W	50.05328716
YMR125W	180.7228975
YMR126C	19.80474962
YMR127C	13.66978613
YMR128W	69.93376855
YMR129W	67.50494266
YMR130W	66.63355675
YMR131C	197.684236
YMR132C	26.97705804
YMR133W	0.6633840141
YMR134W	72.33503242
YMR135C	35.560623
YMR136W	48.34329126
YMR137C	10.80827987
YMR138W	15.37420526
YMR139W	45.38637615
YMR140W	2.366466866
YMR141C	5.513282891
YMR142C	2465.131831
YMR143W	1040.367618
YMR144W	15.84198517
YMR145C	693.3795029
YMR146C	413.9308007
YMR148W	23.96253508
YMR149W	157.452108
YMR150C	44.21365203
YMR152W	81.84083068
YMR153W	40.54042641
YMR154C	6.055858299
YMR155W	19.8736092
YMR156C	11.99477115
YMR157C	31.29522442
YMR158C-A	35.58071508
YMR158W	89.87983146
YMR159C	0.5909812017
YMR160W	10.70809134
YMR161W	73.22277222
YMR162C	35.02960101
YMR163C	11.28377023
YMR164C	14.34265401
YMR165C	37.56707545
YMR166C	30.98759898
YMR167W	3.948371399
YMR168C	4.700610387
YMR169C	21.27643946
YMR170C	21.89739656
YMR171C	50.42516734
YMR172W	18.92840635
YMR173W	78.11886065
YMR174C	32.99139648
YMR175W	18.51084347
YMR175W-A	0.7250424029
YMR176W	21.23160051
YMR177W	40.9258078
YMR178W	73.06744522
YMR179W	20.69910111
YMR180C	56.86455646
YMR181C	50.65369306
YMR182C	1.334731544
YMR182W-A	51.87833526
YMR183C	162.1211629
YMR184W	57.21600021
YMR185W	33.38657156
YMR186W	2052.409228
YMR187C	17.48196032
YMR188C	126.3289072
YMR189W	129.2938846
YMR190C	22.27952293
YMR191W	68.65002127
YMR192W	48.93678011
YMR193W	59.34520343
YMR194C-B	5.254619994
YMR194W	974.0868981
YMR195W	55.5510052
YMR196W	27.99057715
YMR197C	72.67391896
YMR198W	5.890534586
YMR199W	29.97636961
YMR200W	133.2129003
YMR201C	25.22124944
YMR202W	864.0244516
YMR203W	224.712887
YMR204C	9.652771738
YMR205C	503.1237327
YMR206W	6.612774757
YMR207C	30.56160753
YMR208W	130.8395603
YMR209C	41.41947094
YMR210W	25.03398978
YMR211W	25.32470257
YMR212C	57.27171412
YMR213W	16.63766666
YMR214W	50.80784028
YMR215W	55.25823723
YMR216C	54.95357476
YMR217W	519.6640194
YMR218C	36.79385382
YMR219W	32.75120129
YMR220W	148.7744332
YMR221C	73.78945007
YMR222C	60.7265491
YMR223W	34.1774335
YMR224C	16.10023424
YMR225C	85.46019664
YMR226C	423.0493745
YMR227C	15.99271255
YMR228W	41.68797284
YMR229C	213.8409837
YMR230W	1457.485038
YMR230W-A	34.37386138
YMR231W	22.61390698
YMR232W	7.798546948
YMR233W	35.51423399
YMR234W	26.29669288
YMR235C	227.2111542
YMR236W	100.7199306
YMR237W	76.71257706
YMR238W	124.6783551
YMR239C	43.14134651
YMR240C	19.25480403
YMR241W	161.3129825
YMR242C	1639.214862
YMR242W-A	1.718179467
YMR243C	204.0956031
YMR244C-A	48.18289869
YMR244W	3.696611727
YMR246W	222.151927
YMR247C	48.96315373
YMR247W-A	0
YMR250W	42.50812093
YMR251W	0.2125375762
YMR251W-A	2573.305893
YMR252C	33.16620362
YMR253C	2.355217069
YMR254C	0.8735780066
YMR255W	110.5378977
YMR256C	358.0638012
YMR257C	19.33858481
YMR258C	41.64090721
YMR259C	62.03262922
YMR260C	783.027066
YMR261C	98.85545667
YMR262W	29.86551317
YMR263W	67.07392331
YMR264W	97.05030155
YMR265C	18.77520608
YMR266W	120.2997657
YMR267W	51.41482563
YMR268C	13.91432951
YMR269W	83.41484712
YMR270C	47.09725544
YMR271C	14.59498573
YMR272C	118.4201552
YMR272W-B	0.2098314965
YMR273C	23.17095702
YMR274C	19.83060168
YMR275C	51.09032276
YMR276W	217.5135356
YMR277W	84.74203975
YMR278W	21.16621066
YMR279C	1.530175321
YMR280C	3.056429453
YMR281W	31.41016988
YMR282C	35.69575722
YMR283C	18.36281363
YMR284W	24.09749767
YMR285C	46.06653914
YMR286W	150.7803786
YMR287C	28.40908041
YMR288W	28.38904852
YMR289W	41.15581832
YMR290C	129.6537603
YMR291W	34.48774328
YMR292W	96.91580802
YMR293C	19.7855276
YMR294W	22.68056675
YMR295C	263.5122981
YMR296C	161.4497043
YMR297W	352.4714536
YMR298W	142.6370587
YMR299C	23.41782215
YMR300C	114.6051605
YMR301C	55.13437258
YMR302C	61.58849096
YMR303C	5.750556103
YMR304W	31.71130706
YMR305C	327.3131675
YMR306W	2.648735102
YMR307W	704.2164191
YMR308C	185.8948321
YMR309C	323.8866076
YMR310C	42.87905625
YMR311C	137.1977753
YMR312W	47.03632359
YMR313C	36.89855428
YMR314W	215.790885
YMR315W	158.3450724
YMR315W-A	4.753532479
YMR316C-A	1.772096621
YMR316W	331.2504494
YMR317W	10.48569028
YMR318C	253.3097017
YMR319C	68.01186853
YMR320W	5.816607192
YNL001W	67.01147014
YNL002C	226.213197
YNL003C	53.72269023
YNL004W	90.93315927
YNL005C	87.76192487
YNL006W	56.89497119
YNL007C	444.9406717
YNL008C	42.9852087
YNL009W	8.408112646
YNL010W	332.712451
YNL011C	18.40207689
YNL012W	15.59594393
YNL014W	8.716146133
YNL015W	164.5976299
YNL016W	203.5191594
YNL018C	1.391286728
YNL019C	0.8575643566
YNL020C	29.96299351
YNL021W	18.47127787
YNL022C	49.57462225
YNL023C	30.83581254
YNL024C	40.19288671
YNL024C-A	112.2740386
YNL025C	3.411931501
YNL026W	39.88543531
YNL027W	74.12891556
YNL029C	22.06118436
YNL030W	1380.687395
YNL031C	1660.869037
YNL032W	45.5193139
YNL033W	2.578640829
YNL034W	0.8804090421
YNL035C	39.9078529
YNL036W	461.907638
YNL037C	479.1350862
YNL038W	50.50693308
YNL039W	38.09489958
YNL040C-A	3.918406648
YNL040W	31.0658855
YNL041C	36.06276866
YNL042W	28.02784505
YNL042W-B	4.789044162
YNL044W	204.6462279
YNL045W	65.08776732
YNL046W	53.22310636
YNL047C	28.2167847
YNL048W	54.06334768
YNL049C	44.11425078
YNL050C	78.56066719
YNL051W	62.14930934
YNL052W	265.6505786
YNL053W	36.27641049
YNL054W	27.74051508
YNL055C	648.2926908
YNL056W	83.96742219
YNL058C	99.74543079
YNL059C	64.92158587
YNL061W	188.5729112
YNL062C	65.90326139
YNL063W	32.01976969
YNL064C	772.5768294
YNL065W	32.90164601
YNL066W	139.0269818
YNL067W	694.6622925
YNL067W-B	5.280290341
YNL068C	27.55801159
YNL069C	2515.780924
YNL070W	269.8673184
YNL071W	226.0158458
YNL072W	25.74595514
YNL073W	63.1754391
YNL074C	64.67520135
YNL075W	94.36076275
YNL076W	38.94599451
YNL077W	29.06049169
YNL078W	44.22950359
YNL079C	402.1189429
YNL080C	52.89033475
YNL081C	107.1255215
YNL082W	18.15718603
YNL083W	40.74203138
YNL084C	121.5536578
YNL085W	111.4103772
YNL086W	26.06665827
YNL087W	70.87408682
YNL088W	37.13212482
YNL090W	63.13554689
YNL091W	54.75574825
YNL092W	5.847911753
YNL093W	4.1595885
YNL094W	54.92944899
YNL095C	9.128429003
YNL096C	466.530577
YNL097C	27.52568802
YNL097C-B	0.6562654337
YNL098C	181.5619053
YNL099C	53.5178192
YNL100W	118.0649731
YNL101W	67.24367598
YNL102W	35.42333201
YNL103W	65.95762257
YNL104C	305.9264958
YNL106C	21.1686917
YNL107W	36.33497622
YNL108C	74.74148213
YNL110C	247.3444786
YNL111C	411.4409638
YNL112W	378.3775289
YNL113W	229.6360619
YNL115C	36.30017405
YNL116W	25.64968496
YNL117W	5.070163448
YNL118C	69.16059587
YNL119W	45.8807357
YNL121C	166.9533575
YNL122C	103.3217192
YNL123W	117.342854
YNL124W	40.56427184
YNL125C	31.10901739
YNL126W	25.64838886
YNL127W	29.60440576
YNL128W	3.879798608
YNL129W	30.30659089
YNL130C	85.70446601
YNL130C-A	1.222708005
YNL131W	340.5212192
YNL132W	121.6996188
YNL133C	18.88655207
YNL134C	57.66539195
YNL135C	185.0480691
YNL136W	39.33576683
YNL137C	86.7696334
YNL138W	125.847093
YNL138W-A	38.8408377
YNL139C	0.2526684263
YNL140C	33.47976132
YNL141W	74.97966823
YNL142W	123.9941174
YNL143C	26.17329265
YNL144C	10.01997468
YNL145W	9.13941275
YNL146C-A	2.232175632
YNL146W	13.44777471
YNL147W	133.0422451
YNL148C	13.9314937
YNL149C	266.0100689
YNL151C	67.63833938
YNL152W	30.11718156
YNL153C	177.7642923
YNL154C	121.8439822
YNL155C-A	1.508876461
YNL155W	210.3448903
YNL156C	173.2626719
YNL157W	215.1955206
YNL158W	2.075382857
YNL159C	17.80827681
YNL160W	214.8840628
YNL161W	54.03458358
YNL162W	2339.879459
YNL162W-A	26.68542332
YNL163C	57.4041695
YNL164C	38.34728853
YNL165W	28.39581043
YNL166C	66.36709687
YNL167C	43.0677807
YNL168C	52.39026704
YNL169C	40.77898845
YNL172W	27.40989095
YNL173C	58.83825914
YNL175C	114.2375187
YNL176C	75.16304209
YNL177C	89.41495198
YNL178W	2364.443852
YNL180C	81.81763228
YNL181W	53.55877931
YNL182C	81.14972525
YNL183C	79.18176576
YNL184C	0.8739089758
YNL185C	110.4799269
YNL186W	89.49460321
YNL187W	10.41660209
YNL188W	26.7305218
YNL189W	213.7370603
YNL190W	14.51399566
YNL191W	33.00917619
YNL192W	239.1884187
YNL193W	25.61913022
YNL194C	1.834373293
YNL195C	20.26672133
YNL196C	1.06041652
YNL197C	7.806064452
YNL199C	44.58996588
YNL200C	34.76782373
YNL201C	29.30490786
YNL202W	2.113566299
YNL204C	12.96933128
YNL206C	43.48212096
YNL207W	58.65495394
YNL208W	462.3785971
YNL209W	1593.694589
YNL210W	0.8249689742
YNL211C	24.14943659
YNL212W	58.29942502
YNL213C	40.02960627
YNL214W	40.4820326
YNL215W	43.54940335
YNL216W	48.2851018
YNL217W	138.2451956
YNL218W	13.34510776
YNL219C	85.96010482
YNL220W	170.0401081
YNL221C	59.37704591
YNL222W	50.86754556
YNL223W	14.15990342
YNL224C	34.07621395
YNL225C	20.60872304
YNL227C	31.42488841
YNL229C	106.3618228
YNL230C	55.38706377
YNL231C	194.5071461
YNL232W	81.81343748
YNL233W	16.59071923
YNL234W	31.15742895
YNL236W	43.23869692
YNL237W	7.479123219
YNL238W	72.4325147
YNL239W	75.12235122
YNL240C	38.58605913
YNL241C	325.2839848
YNL242W	20.84328169
YNL243W	82.54735203
YNL244C	1296.867429
YNL245C	0.3358848094
YNL246W	22.66055916
YNL247W	138.2331528
YNL248C	226.2580589
YNL249C	4.843920171
YNL250W	8.762310355
YNL251C	210.651911
YNL252C	75.32461003
YNL253W	22.57693191
YNL254C	1.061595995
YNL255C	665.6376597
YNL256W	57.21309915
YNL257C	24.63471543
YNL258C	28.30677052
YNL259C	152.7337338
YNL260C	31.23360506
YNL261W	28.67389646
YNL262W	21.3696846
YNL263C	80.4183252
YNL264C	54.80832681
YNL265C	43.9049919
YNL267W	41.6002282
YNL268W	166.4738156
YNL269W	0.257478891
YNL270C	5.947690418
YNL271C	63.98172874
YNL272C	27.22301215
YNL273W	19.72437292
YNL274C	61.08208941
YNL275W	19.72908167
YNL277W	22.03542857
YNL277W-A	4.078001408
YNL278W	17.5734225
YNL279W	4.758534306
YNL280C	106.4308563
YNL281W	551.8745029
YNL282W	5.293682954
YNL283C	57.26450533
YNL284C	85.10794042
YNL286W	43.59862267
YNL287W	154.8503945
YNL288W	74.10170031
YNL289W	50.42544139
YNL290W	61.46216673
YNL291C	31.47937421
YNL292W	72.62603604
YNL293W	32.42781602
YNL294C	56.92208508
YNL295W	24.09848839
YNL297C	58.59137653
YNL298W	43.40903081
YNL299W	28.06403336
YNL300W	101.9462954
YNL301C	348.0550914
YNL302C	2037.362105
YNL304W	17.41005167
YNL305C	61.3754076
YNL306W	219.6310252
YNL307C	224.9271094
YNL308C	125.5485884
YNL309W	13.90574749
YNL310C	47.12358187
YNL311C	23.61672643
YNL312W	67.03709947
YNL313C	89.1847693
YNL314W	18.35495025
YNL315C	111.3501071
YNL316C	28.65681018
YNL317W	32.52998774
YNL318C	0.890509601
YNL320W	46.619862
YNL321W	32.04014779
YNL322C	125.9556299
YNL323W	50.52504346
YNL325C	20.23246604
YNL326C	27.2038706
YNL327W	203.1700145
YNL328C	1.617373469
YNL329C	30.78762562
YNL330C	75.43046686
YNL331C	25.52762092
YNL332W	12.5070302
YNL333W	21.69192011
YNL334C	4.846098301
YNL335W	3.490380067
YNL336W	51.06463902
YNL339C	2.002092296
YNR001C	277.4534204
YNR002C	8.966027266
YNR003C	63.61430721
YNR004W	17.85930227
YNR006W	67.63488
YNR007C	41.50887626
YNR008W	32.04894151
YNR009W	18.54997037
YNR010W	51.63475727
YNR011C	24.28153989
YNR012W	47.68591757
YNR013C	85.63472077
YNR014W	21.81006875
YNR015W	67.48169408
YNR016C	579.6165189
YNR017W	139.1120201
YNR018W	131.3685995
YNR019W	133.5378267
YNR020C	32.19985254
YNR021W	192.164445
YNR022C	94.18703428
YNR023W	33.15418397
YNR024W	70.09364461
YNR026C	53.53574797
YNR027W	63.28758516
YNR028W	56.69832348
YNR029C	41.98754748
YNR030W	66.33581968
YNR031C	46.87082741
YNR032C-A	110.9047619
YNR032W	33.14103768
YNR033W	99.36230744
YNR034W	43.66866058
YNR034W-A	39.34630161
YNR035C	161.1375551
YNR036C	201.9097144
YNR037C	153.3345633
YNR038W	49.70274889
YNR039C	35.86296991
YNR040W	31.19484854
YNR041C	44.41287912
YNR043W	240.6445915
YNR044W	50.06390817
YNR045W	10.76292775
YNR046W	155.4449166
YNR047W	32.90383849
YNR048W	25.50706896
YNR049C	49.34674381
YNR050C	81.83728857
YNR051C	82.86658079
YNR052C	64.40435802
YNR053C	209.5349697
YNR054C	60.24141835
YNR055C	54.01891438
YNR056C	1.970535462
YNR057C	15.89425844
YNR058W	11.0725435
YNR059W	16.0606749
YNR060W	16.18168002
YNR061C	72.56397565
YNR062C	4.692995454
YNR063W	0.1401156517
YNR064C	3.011097384
YNR065C	58.79896457
YNR066C	1.700153114
YNR067C	145.8418907
YNR068C	11.28190327
YNR069C	0.3338830236
YNR075C-A	0.04368527017
YNR075W	0.5176378738
YNR076W	28.63115559
YOL001W	36.10092438
YOL002C	75.18152512
YOL003C	23.66879253
YOL004W	80.92159865
YOL005C	171.6667534
YOL006C	64.38864326
YOL007C	43.87157052
YOL008W	44.4717433
YOL009C	36.79012422
YOL010W	89.03281013
YOL011W	73.36086663
YOL012C	112.293772
YOL013C	28.91989011
YOL014W	159.3540652
YOL015W	8.415548046
YOL016C	403.6183989
YOL017W	12.27861364
YOL018C	39.18852693
YOL019W	58.85353371
YOL019W-A	4.988763719
YOL020W	93.63575349
YOL021C	142.1714262
YOL022C	82.26311495
YOL023W	31.4047684
YOL024W	4.329769844
YOL025W	12.84465959
YOL026C	81.88121441
YOL027C	66.69244602
YOL028C	0.7197981421
YOL029C	63.31284634
YOL030W	208.8301254
YOL031C	39.07044661
YOL032W	67.34144367
YOL033W	35.89951189
YOL034W	33.6131067
YOL036W	169.4918507
YOL038C-A	20.40945152
YOL038W	319.9388032
YOL039W	3200.33222
YOL040C	3579.472507
YOL041C	131.5242675
YOL042W	35.99973697
YOL043C	19.95218409
YOL044W	26.2872835
YOL045W	45.46054468
YOL047C	5.880067617
YOL048C	34.75619873
YOL049W	97.68495149
YOL051W	84.50442635
YOL052C	83.96836124
YOL052C-A	136.1821889
YOL053W	34.93241094
YOL054W	52.64557511
YOL055C	33.67959805
YOL056W	49.95704395
YOL057W	69.87715674
YOL058W	38.39385705
YOL059W	144.1301513
YOL060C	41.08049453
YOL061W	161.046733
YOL062C	91.57867317
YOL063C	33.58219581
YOL064C	120.2029563
YOL065C	19.66858483
YOL066C	21.86293002
YOL067C	0.5843870189
YOL068C	58.94840673
YOL069W	14.17662735
YOL070C	75.08180187
YOL071W	80.79160171
YOL072W	28.17093133
YOL073C	27.86254792
YOL075C	18.67488422
YOL076W	36.73530893
YOL077C	319.9579548
YOL077W-A	267.302441
YOL078W	15.61370927
YOL080C	47.38002263
YOL081W	67.50665917
YOL082W	50.86283546
YOL083W	7.615646955
YOL084W	4.150864819
YOL085C	1.247254929
YOL086W-A	90.74599101
YOL087C	55.93193987
YOL088C	76.92997818
YOL089C	20.57601529
YOL090W	53.67370849
YOL091W	16.15860801
YOL092W	120.074196
YOL093W	60.35029724
YOL094C	61.53712658
YOL095C	13.03513252
YOL096C	35.45757122
YOL097C	265.8273397
YOL097W-A	39.24130611
YOL098C	104.612679
YOL100W	23.4832151
YOL101C	19.11830756
YOL102C	43.9145121
YOL103W	90.21049076
YOL104C	6.461583277
YOL105C	34.59527647
YOL107W	16.63550307
YOL108C	49.08713006
YOL109W	3998.219826
YOL110W	23.24758571
YOL111C	58.66560497
YOL112W	34.62842658
YOL113W	93.79232276
YOL114C	11.12237463
YOL115W	42.07244507
YOL116W	35.84098284
YOL117W	5.993590759
YOL118C	0.8576211252
YOL119C	63.48418942
YOL120C	2350.862167
YOL121C	1343.889981
YOL122C	58.65609317
YOL123W	250.2609002
YOL124C	53.69138898
YOL125W	36.40860736
YOL126C	36.03470097
YOL127W	3972.394008
YOL128C	42.01845124
YOL129W	182.6701251
YOL130W	83.28858561
YOL131W	0.5990855744
YOL132W	5.383950354
YOL133W	75.7978841
YOL135C	26.38692317
YOL136C	85.34339184
YOL137W	38.2647302
YOL138C	25.49828985
YOL139C	714.8006471
YOL140W	43.5111701
YOL141W	0.5622922573
YOL142W	84.07114194
YOL143C	185.9758745
YOL144W	34.87850434
YOL145C	76.51991555
YOL146W	35.34585194
YOL147C	71.4170043
YOL148C	44.95735296
YOL149W	95.30957597
YOL151W	127.5426189
YOL152W	15.09564976
YOL154W	28.97329795
YOL155C	46.79958176
YOL155W-A	0.812178236
YOL156W	6.459801072
YOL157C	17.09130646
YOL158C	42.8408832
YOL159C	55.9584933
YOL159C-A	1.753091833
YOL160W	2.538142846
YOL161C	0.4909595674
YOL162W	10.86275142
YOL163W	7.490081113
YOL164W	12.01124828
YOL164W-A	0
YOL165C	1.958601821
YOL166W-A	0.1445863145
YOR001W	113.4658881
YOR002W	72.44632252
YOR003W	40.31432935
YOR004W	106.1976345
YOR005C	20.49075742
YOR006C	71.83926718
YOR007C	853.5592548
YOR008C	102.0596761
YOR008C-A	1.801865757
YOR009W	17.56047509
YOR010C	7.663238748
YOR011W	18.69456353
YOR011W-A	0.3741991306
YOR012W	9.429367169
YOR014W	28.82968988
YOR015W	62.66254328
YOR016C	70.3650822
YOR017W	29.79254458
YOR018W	34.24525205
YOR019W	9.398048883
YOR020C	1074.835278
YOR020W-A	56.2031932
YOR021C	156.8273103
YOR022C	12.92729325
YOR023C	53.75963387
YOR025W	26.01703666
YOR026W	27.34297052
YOR027W	365.753987
YOR028C	19.56587089
YOR029W	0.3392041409
YOR030W	1.068974044
YOR032C	20.09949671
YOR032W-A	17.03264966
YOR033C	34.78097007
YOR034C	21.35900513
YOR034C-A	6.105180027
YOR035C	18.78355035
YOR036W	68.88327474
YOR037W	34.75720754
YOR038C	19.68119915
YOR039W	111.8797342
YOR040W	12.5603126
YOR042W	51.55787812
YOR043W	82.98069047
YOR044W	46.80692971
YOR045W	389.9369658
YOR046C	216.6416685
YOR047C	78.35838651
YOR048C	62.14908585
YOR049C	19.27004007
YOR051C	112.844253
YOR052C	396.0370188
YOR054C	20.97149242
YOR056C	69.09758696
YOR057W	62.94874505
YOR058C	34.86593796
YOR059C	57.370242
YOR060C	3.689710411
YOR061W	125.224632
YOR062C	27.79657063
YOR063W	2652.929436
YOR064C	25.43335439
YOR065W	12.8492624
YOR066W	28.99170053
YOR067C	63.19960482
YOR068C	1.631236857
YOR069W	48.4857446
YOR070C	27.00883169
YOR071C	8.117559041
YOR072W	10.42663148
YOR072W-B	0.3077938274
YOR073W	12.74624262
YOR074C	34.56776877
YOR075W	55.67884119
YOR076C	38.04150261
YOR077W	1.617280179
YOR078W	132.8570489
YOR079C	42.86590753
YOR080W	27.91394374
YOR081C	21.21781682
YOR083W	0.1912673399
YOR084W	21.1151193
YOR085W	84.33134528
YOR086C	72.44249286
YOR087W	54.32854212
YOR089C	206.1370993
YOR090C	33.58130609
YOR091W	94.32262809
YOR092W	62.60341754
YOR093C	40.8946679
YOR094W	41.48469799
YOR095C	87.55016885
YOR096W	3074.301325
YOR097C	34.07231685
YOR098C	49.69854798
YOR099W	169.1983212
YOR100C	3.905679633
YOR101W	63.11232254
YOR103C	137.1221849
YOR105W	38.38043539
YOR106W	31.22449454
YOR107W	28.46552136
YOR108W	137.7198165
YOR109W	73.43806331
YOR110W	34.78264672
YOR111W	33.73483061
YOR112W	29.61368895
YOR113W	23.61964551
YOR114W	8.901707892
YOR115C	76.7915309
YOR116C	92.48343695
YOR117W	237.2878682
YOR118W	24.4216637
YOR119C	17.01285923
YOR120W	68.31358609
YOR122C	538.2127901
YOR123C	65.80665138
YOR124C	47.47634919
YOR125C	38.02288358
YOR126C	39.24963895
YOR127W	55.6195513
YOR128C	33.52353201
YOR129C	18.65521952
YOR130C	38.28303147
YOR131C	69.85876164
YOR132W	45.54755391
YOR133W	1031.417719
YOR134W	80.55095297
YOR136W	503.9428298
YOR137C	38.76007176
YOR138C	65.93213523
YOR140W	18.99828508
YOR141C	30.60913073
YOR142W	220.1908012
YOR143C	46.59290129
YOR144C	13.82142287
YOR145C	177.0470812
YOR147W	33.00791087
YOR148C	48.30707066
YOR149C	19.91242842
YOR150W	164.6028439
YOR151C	178.3644518
YOR152C	25.72959527
YOR153W	914.7209963
YOR154W	60.82754195
YOR155C	46.25546873
YOR156C	10.76033382
YOR157C	260.7865738
YOR158W	67.18779581
YOR159C	59.82497239
YOR160W	61.50537085
YOR161C	47.1841396
YOR161C-C	6.063031693
YOR162C	12.13375539
YOR163W	69.78338327
YOR164C	100.9957922
YOR165W	77.08742125
YOR166C	27.92399997
YOR167C	4379.847237
YOR168W	250.253173
YOR171C	116.9134042
YOR172W	22.40435636
YOR173W	24.41762326
YOR174W	39.76601137
YOR175C	53.49321361
YOR176W	73.66745932
YOR177C	11.03493905
YOR178C	13.28717409
YOR179C	26.46606454
YOR180C	8.996894769
YOR181W	35.70478512
YOR182C	2137.898916
YOR183W	3.811139817
YOR184W	126.9580343
YOR185C	55.46019381
YOR186W	8.15380994
YOR187W	248.5232427
YOR188W	36.04212073
YOR189W	56.92190014
YOR190W	8.35173471
YOR191W	14.25241338
YOR192C	0.7897645524
YOR192C-C	18.19289385
YOR193W	18.2672109
YOR194C	97.78977615
YOR195W	32.8757795
YOR196C	54.13051266
YOR197W	162.8185568
YOR198C	384.4331594
YOR201C	44.98799284
YOR202W	25.50233126
YOR204W	30.13093357
YOR205C	24.18500108
YOR206W	151.4118394
YOR207C	104.846044
YOR208W	61.64922842
YOR209C	205.0705521
YOR210W	310.9397475
YOR211C	58.74691774
YOR212W	83.23310559
YOR213C	28.06109267
YOR214C	4.023588758
YOR215C	91.36367092
YOR216C	34.6229168
YOR217W	47.7870817
YOR219C	37.92159767
YOR220W	185.167393
YOR221C	88.3411957
YOR222W	80.06866754
YOR223W	22.96203712
YOR224C	285.4613917
YOR226C	76.13747669
YOR227W	55.23944688
YOR228C	23.5201938
YOR229W	26.44105947
YOR230W	260.209655
YOR231W	47.70627279
YOR232W	287.4769196
YOR233W	54.48572432
YOR234C	1341.493657
YOR235W	372.8232819
YOR236W	23.88889943
YOR237W	5.937221996
YOR238W	35.13797462
YOR239W	65.80422483
YOR241W	80.0583462
YOR242C	12.11313113
YOR243C	83.83161122
YOR244W	37.16640505
YOR245C	46.52338425
YOR246C	73.53516983
YOR247W	780.5122861
YOR249C	22.51013808
YOR250C	45.34743871
YOR251C	64.89438632
YOR252W	89.18126105
YOR253W	152.6674297
YOR254C	194.2429805
YOR255W	0.6628283676
YOR256C	52.7240798
YOR257W	63.65212547
YOR258W	17.27058241
YOR259C	205.5832273
YOR260W	134.2933244
YOR261C	317.3725142
YOR262W	44.9169767
YOR264W	48.82036759
YOR265W	110.7608847
YOR266W	33.93907755
YOR267C	107.1637736
YOR268C	2.77826188
YOR269W	15.8498028
YOR270C	351.8863773
YOR271C	176.7004375
YOR272W	170.2204768
YOR273C	69.58370133
YOR274W	35.2996625
YOR275C	34.48300321
YOR276W	391.9426075
YOR278W	110.8739288
YOR279C	24.30295875
YOR280C	43.86139886
YOR281C	96.20875996
YOR283W	102.2034543
YOR284W	10.27707966
YOR285W	296.9741173
YOR286W	209.7865983
YOR287C	46.85863071
YOR288C	42.2084749
YOR289W	26.71599512
YOR290C	62.22915067
YOR291W	38.62027787
YOR292C	27.43733841
YOR293C-A	12.10689075
YOR293W	2583.132145
YOR294W	140.4043456
YOR295W	31.47163064
YOR296W	17.21896173
YOR297C	53.66178394
YOR298C-A	824.2219079
YOR298W	2.794621226
YOR299W	52.7717002
YOR301W	24.83387862
YOR302W	5.059054981
YOR303W	175.8631829
YOR304C-A	22.20198113
YOR304W	42.87192955
YOR305W	28.841978
YOR306C	114.2355857
YOR307C	33.97888926
YOR308C	8.138756205
YOR310C	425.0814654
YOR311C	97.10028042
YOR312C	2265.300798
YOR313C	2.797472433
YOR314W	0.1792765757
YOR315W	47.84336507
YOR316C	51.64201163
YOR316C-A	0.8671067645
YOR317W	199.1247177
YOR319W	18.09090601
YOR320C	43.33302177
YOR321W	26.3419065
YOR322C	45.37909682
YOR323C	128.3354659
YOR324C	19.54916142
YOR326W	141.00921
YOR327C	191.4300679
YOR328W	16.10040812
YOR329C	40.63130223
YOR330C	34.69043472
YOR332W	553.7392687
YOR334W	35.98169101
YOR335C	264.1052848
YOR336W	24.58032374
YOR337W	30.83991195
YOR338W	52.0901681
YOR339C	8.568844267
YOR340C	119.9387626
YOR341W	256.4510965
YOR342C	78.77395545
YOR343C	0.9341903473
YOR344C	43.08495474
YOR346W	32.19643903
YOR347C	12.33271377
YOR348C	30.42524518
YOR349W	19.46904695
YOR350C	10.23067927
YOR351C	0.7939066634
YOR352W	19.39949535
YOR353C	42.27606448
YOR354C	80.34419408
YOR355W	170.9032001
YOR356W	63.76093869
YOR357C	101.254755
YOR358W	17.26769583
YOR359W	38.97443435
YOR360C	139.4676186
YOR361C	328.5993032
YOR362C	275.5305111
YOR363C	19.52551526
YOR365C	4.21246868
YOR367W	35.88278849
YOR368W	17.42919976
YOR369C	6075.321035
YOR370C	100.6482451
YOR371C	1.878115284
YOR372C	37.90342961
YOR373W	16.50354504
YOR374W	79.51050607
YOR375C	708.6754608
YOR376W	0.3635418211
YOR376W-A	5.197882444
YOR377W	24.71210356
YOR378W	7.013379125
YOR380W	13.56525357
YOR381W	11.19457052
YOR381W-A	4.058478916
YOR382W	16.62321459
YOR383C	34.62876601
YOR384W	0.07486221749
YOR385W	221.6727495
YOR386W	7.610817804
YOR387C	0.5964415633
YOR388C	0.3843782958
YOR389W	12.88388417
YOR390W	25.32035215
YOR391C	4.149478035
YOR393W	0.3184353712
YOR394C-A	1.485261374
YOR394W	0.3196833895
YOR396W	0.2509576901
YPL001W	58.23653796
YPL002C	32.42221432
YPL003W	25.1661847
YPL004C	305.9774723
YPL005W	14.31702361
YPL006W	32.82506933
YPL007C	26.11533041
YPL008W	25.6154057
YPL009C	69.51423117
YPL010W	282.6911097
YPL011C	41.53879599
YPL012W	158.2273836
YPL013C	101.0403387
YPL014W	98.32318071
YPL015C	53.26150805
YPL016W	40.12771438
YPL017C	0.2711025441
YPL018W	0.5982468788
YPL019C	248.9200918
YPL020C	57.93596584
YPL021W	1.914041797
YPL022W	33.75169547
YPL023C	51.57849965
YPL024W	37.30399045
YPL026C	33.18365037
YPL027W	2.427026445
YPL028W	570.1818256
YPL029W	29.03895869
YPL030W	55.16765968
YPL031C	45.21048352
YPL032C	92.19043843
YPL033C	2.493888902
YPL034W	34.86940211
YPL036W	1.7630613
YPL037C	1136.508826
YPL038W	53.69921568
YPL038W-A	1.331121701
YPL039W	14.61450476
YPL040C	11.0680053
YPL041C	25.37702854
YPL042C	27.15170337
YPL043W	109.8428396
YPL045W	26.39014015
YPL046C	32.36465334
YPL047W	30.31399606
YPL048W	259.6694839
YPL049C	76.07669087
YPL050C	159.9167477
YPL051W	52.0115139
YPL052W	58.61948522
YPL053C	133.4440882
YPL054W	10.10275342
YPL055C	11.08040736
YPL056C	11.66957432
YPL057C	111.4656909
YPL058C	56.17068851
YPL059W	130.4933309
YPL060W	37.96236302
YPL061W	477.3158907
YPL062W	11.95260752
YPL063W	94.93959606
YPL064C	46.89471344
YPL065W	25.82257191
YPL066W	44.07747652
YPL067C	70.54742804
YPL068C	24.43089959
YPL069C	22.42363427
YPL070W	45.85800485
YPL071C	44.61481148
YPL072W	13.96009235
YPL074W	29.25889969
YPL075W	74.64266512
YPL076W	8.026198846
YPL077C	17.09851382
YPL078C	402.2514182
YPL079W	956.8107879
YPL080C	1.260803469
YPL081W	306.3627378
YPL082C	84.2453841
YPL083C	25.82272222
YPL084W	45.18075748
YPL085W	54.1459989
YPL086C	85.14330737
YPL087W	123.1195624
YPL088W	96.6949273
YPL089C	81.70532174
YPL090C	1963.583928
YPL091W	146.8287457
YPL092W	33.92185688
YPL093W	217.448767
YPL094C	126.8838641
YPL095C	31.61244864
YPL096C-A	39.89664384
YPL096W	34.27615296
YPL097W	48.71999499
YPL098C	114.1416311
YPL099C	32.11958883
YPL100W	32.01243219
YPL101W	48.47212298
YPL103C	20.10178418
YPL104W	26.76128877
YPL105C	88.47076138
YPL106C	1008.381172
YPL107W	35.7751264
YPL108W	26.64293417
YPL109C	11.74225368
YPL110C	44.74687494
YPL111W	60.59509229
YPL112C	96.11734307
YPL113C	2.803014917
YPL115C	34.15637809
YPL116W	30.69960706
YPL117C	256.7817507
YPL118W	150.3614999
YPL119C	0.3639463021
YPL119C-A	7.433786662
YPL120W	14.8325441
YPL121C	0.6131088346
YPL122C	33.89762836
YPL123C	38.63148287
YPL124W	18.08098702
YPL125W	74.25351446
YPL126W	144.2196797
YPL127C	70.4513906
YPL128C	27.50106299
YPL129W	111.9039542
YPL130W	78.23770151
YPL131W	2699.107089
YPL132W	26.76545356
YPL133C	10.21246858
YPL134C	25.12547958
YPL135W	221.875242
YPL137C	61.50049774
YPL138C	24.80975708
YPL139C	35.31792812
YPL140C	34.03260235
YPL141C	35.6083349
YPL143W	2906.047173
YPL144W	49.49662665
YPL145C	84.74851725
YPL146C	128.1822153
YPL147W	19.83325476
YPL148C	13.33435546
YPL149W	53.28562405
YPL150W	45.15172439
YPL151C	31.0759286
YPL152W	24.40097249
YPL152W-A	0.3038094048
YPL153C	23.54070439
YPL154C	273.3117879
YPL155C	46.76425852
YPL156C	24.98927099
YPL157W	41.79626811
YPL158C	52.49741654
YPL159C	51.94004548
YPL160W	328.0795642
YPL161C	27.54384654
YPL162C	2.432916973
YPL163C	146.782318
YPL164C	27.79518656
YPL165C	7.012966519
YPL166W	0.3745287677
YPL167C	10.8327086
YPL168W	17.80796813
YPL169C	91.58907162
YPL170W	154.7554069
YPL171C	13.49351715
YPL172C	54.7000088
YPL173W	65.48774026
YPL174C	12.98844903
YPL175W	32.08323337
YPL176C	55.22679226
YPL177C	74.80453893
YPL178W	177.9637488
YPL179W	109.0575187
YPL180W	22.78920889
YPL181W	54.08520209
YPL183C	78.24215162
YPL183W-A	118.3753473
YPL184C	79.99287623
YPL186C	16.49944625
YPL187W	1620.081614
YPL188W	36.63525478
YPL189C-A	123.5384305
YPL189W	2.724734373
YPL190C	81.30190486
YPL191C	4.351340004
YPL192C	6.579514321
YPL193W	15.23414877
YPL194W	11.36532655
YPL195W	57.74609064
YPL196W	55.94251889
YPL198W	299.2054688
YPL199C	64.31469763
YPL200W	0.2528042242
YPL201C	3.40059762
YPL202C	35.30373735
YPL203W	38.40465922
YPL204W	138.29574
YPL206C	74.99137335
YPL207W	133.2167067
YPL208W	35.31324521
YPL209C	4.940299933
YPL210C	120.7868699
YPL211W	208.4782749
YPL212C	85.95706828
YPL213W	31.43656614
YPL214C	24.12507642
YPL215W	57.89551692
YPL216W	17.07909032
YPL217C	119.8009505
YPL218W	328.1349761
YPL219W	14.85099114
YPL220W	2057.350455
YPL221W	97.112381
YPL222W	14.50527662
YPL223C	24.70727613
YPL224C	40.11683846
YPL225W	424.6157962
YPL226W	206.8650707
YPL227C	80.30762056
YPL228W	51.87249316
YPL229W	29.39836108
YPL230W	28.58516828
YPL231W	561.3859556
YPL232W	175.5214954
YPL233W	12.25144601
YPL234C	303.7534151
YPL235W	124.5430101
YPL236C	15.98888534
YPL237W	446.6988718
YPL239W	149.1364778
YPL240C	771.4129647
YPL241C	33.45419335
YPL242C	69.80735201
YPL243W	114.6321679
YPL244C	46.07990598
YPL245W	101.0614949
YPL246C	120.2902018
YPL247C	58.75617996
YPL248C	3.505476377
YPL249C	14.34225005
YPL249C-A	3171.691914
YPL250C	57.34601447
YPL252C	61.12829077
YPL253C	12.10506145
YPL254W	27.43398583
YPL255W	18.7433169
YPL256C	52.25957075
YPL257W	2.351659454
YPL258C	12.41805493
YPL259C	66.86942543
YPL260W	109.4059768
YPL261C	1.239160139
YPL262W	167.5020854
YPL263C	59.24307692
YPL264C	15.38159834
YPL265W	116.2642342
YPL266W	118.9226249
YPL267W	38.63775456
YPL268W	22.12808102
YPL269W	15.63173272
YPL270W	45.47154487
YPL271W	406.6356299
YPL272C	11.99028102
YPL273W	345.0143202
YPL274W	34.01421569
YPL277C	0.05999317038
YPL278C	6.104105932
YPL279C	24.14814731
YPL280W	5.026092637
YPL281C	0.6759959255
YPL282C	0.322767919
YPL283C	0.4275239506
YPR001W	5.660736189
YPR002W	29.63498062
YPR003C	34.24846086
YPR004C	102.8596231
YPR005C	16.7127283
YPR006C	26.69608169
YPR007C	2.703617515
YPR008W	59.86991772
YPR009W	42.19919463
YPR010C	215.9437664
YPR010C-A	156.6885747
YPR011C	26.90745619
YPR013C	22.14439588
YPR014C	0.8076178447
YPR015C	14.08548276
YPR016C	232.066641
YPR017C	37.76324451
YPR018W	20.7564079
YPR019W	40.21094684
YPR020W	242.0461993
YPR021C	43.70242655
YPR022C	37.90956374
YPR023C	63.65939404
YPR024W	41.12405493
YPR025C	45.43428322
YPR026W	18.68235534
YPR027C	1.306704942
YPR028W	420.7155922
YPR029C	67.72274316
YPR030W	13.1904642
YPR031W	18.74921113
YPR032W	35.62222451
YPR033C	257.2722752
YPR034W	51.33342628
YPR035W	645.175652
YPR036W	332.2350733
YPR036W-A	501.1833108
YPR037C	62.65531984
YPR038W	0.5356161458
YPR040W	33.7872919
YPR041W	299.3561979
YPR042C	24.83337939
YPR043W	3491.757925
YPR045C	60.67183103
YPR046W	27.19004395
YPR047W	25.65632315
YPR048W	41.06402799
YPR049C	23.37834189
YPR051W	80.66371129
YPR052C	343.6686165
YPR053C	1.053078215
YPR054W	3.166366923
YPR055W	30.79819341
YPR056W	28.15736578
YPR057W	49.40477009
YPR058W	46.77694589
YPR060C	110.2187693
YPR061C	15.74974474
YPR062W	278.1643001
YPR063C	141.6642735
YPR064W	4.424784795
YPR065W	113.0066853
YPR066W	1.043833689
YPR067W	44.20986414
YPR068C	21.25960996
YPR069C	388.1931902
YPR070W	24.82838199
YPR071W	10.47167888
YPR072W	79.28295463
YPR073C	116.1148669
YPR074C	732.3747299
YPR075C	57.35432053
YPR078C	25.2306257
YPR079W	24.50428975
YPR080W	8530.954371
YPR081C	16.86691877
YPR082C	41.70067854
YPR083W	11.95773156
YPR084W	18.11559263
YPR085C	27.34817971
YPR086W	107.7403656
YPR088C	142.542044
YPR089W	52.17851596
YPR091C	52.93721795
YPR093C	447.0813285
YPR094W	86.2457799
YPR095C	28.20032888
YPR096C	1.183255611
YPR097W	65.14112917
YPR098C	57.36484523
YPR099C	2.852246332
YPR100W	138.1495404
YPR101W	49.58943338
YPR102C	2727.608375
YPR103W	273.9936261
YPR104C	26.8899168
YPR105C	40.99329348
YPR106W	29.0266537
YPR107C	44.26373548
YPR108W	202.6204122
YPR109W	47.60155447
YPR110C	263.3859431
YPR111W	17.92459157
YPR112C	83.51510611
YPR113W	154.001161
YPR114W	79.47729048
YPR115W	69.47317606
YPR116W	1.489394914
YPR117W	38.13027233
YPR118W	165.5529863
YPR119W	7.826054196
YPR120C	30.86761252
YPR121W	14.3755335
YPR122W	24.67184943
YPR124W	189.3740908
YPR125W	85.92210659
YPR127W	38.35022738
YPR128C	46.87302946
YPR129W	108.4705116
YPR131C	71.24113842
YPR132W	3015.551425
YPR133C	109.8793411
YPR133W-A	365.0812814
YPR134W	26.05078722
YPR135W	22.90840886
YPR137W	93.6440051
YPR138C	67.52259852
YPR139C	71.62329659
YPR140W	36.60549951
YPR141C	15.49428287
YPR143W	101.2521789
YPR144C	71.20961987
YPR145C-A	49.66901987
YPR145W	638.6746251
YPR147C	38.68932898
YPR148C	107.9735654
YPR149W	774.3944267
YPR151C	41.57407261
YPR152C	27.06083691
YPR153W	0.2601009918
YPR154W	97.0369911
YPR155C	24.02874318
YPR156C	139.3318008
YPR157W	50.43621405
YPR158W	87.43439987
YPR159C-A	5.088642887
YPR159W	110.9090737
YPR160W	21.83670727
YPR161C	35.40287394
YPR162C	21.27332298
YPR163C	339.3712716
YPR164W	13.59490369
YPR165W	671.3112707
YPR166C	161.1764801
YPR167C	35.83840695
YPR168W	0.7369231574
YPR169W	124.3002147
YPR170W-B	505.2145901
YPR171W	23.60239043
YPR172W	40.85889957
YPR173C	68.64772766
YPR174C	2.158337041
YPR175W	20.35364161
YPR176C	41.56160231
YPR178W	27.64249462
YPR179C	27.26992865
YPR180W	49.47513283
YPR181C	226.684981
YPR182W	86.07109369
YPR183W	163.6639223
YPR184W	45.02790798
YPR185W	23.96276455
YPR186C	21.0448994
YPR187W	261.4485999
YPR188C	71.8137623
YPR189W	51.67726008
YPR190C	57.03991895
YPR191W	190.5164141
YPR192W	1.984400908
YPR193C	6.804871337
YPR194C	15.66594908
YPR195C	3.347700238
YPR196W	13.5681806
YPR198W	52.03851572
YPR199C	32.78050664
YPR200C	9.889886098
YPR201W	1.768648607
YPR202W	0.5443076835
YPR203W	0.6235262597
YPR204W	32.71293176
