gene	chrom	strand	cds_start0	cds_end	cds_span	cds_len	tx_len
YAL068C	chrI	-	1806	2169	363	363	613.0
YAL067W-A	chrI	+	2479	2707	228	228	478.0
YAL067C	chrI	-	7234	9016	1782	1782	2032.0
YAL065C	chrI	-	11564	11951	387	387	637.0
YAL064W-B	chrI	+	12045	12426	381	381	631.0
YAL064C-A	chrI	-	13362	13743	381	381	631.0
YAL064W	chrI	+	21565	21850	285	285	535.0
YAL063C-A	chrI	-	22394	22685	291	291	541.0
YAL063C	chrI	-	23999	27968	3969	3969	4219.0
YAL062W	chrI	+	31566	32940	1374	1374	1441.0
YAL061W	chrI	+	33447	34701	1254	1254	1559.0
YAL060W	chrI	+	35154	36303	1149	1149	1364.0
YAL059W	chrI	+	36508	37147	639	639	820.0
YAL058W	chrI	+	37463	38972	1509	1509	1784.0
YAL056W	chrI	+	39258	41901	2643	2643	2836.0
YAL055W	chrI	+	42176	42719	543	543	621.0
YAL054C	chrI	-	42880	45022	2142	2142	2306.0
YAL053W	chrI	+	45898	48250	2352	2352	2555.0
YAL051W	chrI	+	48563	51707	3144	3144	3307.0
YAL049C	chrI	-	51854	52595	741	741	916.0
YAL048C	chrI	-	52800	54789	1989	1989	2239.0
YAL047C	chrI	-	54988	56857	1869	1869	1953.0
YAL046C	chrI	-	57028	57385	357	357	481.0
YAL044W-A	chrI	+	57517	57850	333	333	484.0
YAL044C	chrI	-	57949	58462	513	513	604.0
YAL043C	chrI	-	58694	61052	2358	2358	2470.0
YAL042W	chrI	+	61315	62563	1248	1248	1381.0
YAL041W	chrI	+	62839	65404	2565	2565	2722.0
YAL040C	chrI	-	65777	67520	1743	1743	2459.0
YAL039C	chrI	-	68715	69525	810	810	950.0
YAL038W	chrI	+	71785	73288	1503	1503	1694.0
YAL037C-A	chrI	-	73425	73518	93	93	343.0
YAL037W	chrI	+	74019	74823	804	804	1054.0
YAL036C	chrI	-	75042	76152	1110	1110	1369.0
YAL035W	chrI	+	76426	79435	3009	3009	3155.0
YAL034W-A	chrI	+	79717	80587	870	870	981.0
YAL034C	chrI	-	80709	81951	1242	1242	2008.0
YAL033W	chrI	+	82705	83227	522	522	636.0
YAL032C	chrI	-	83334	84474	1140	1140	1298.0
YAL031C	chrI	-	84748	87031	2283	2283	2471.0
YAL030W	chrI	+	87285	87752	467	354	514.0
YAL029C	chrI	-	87854	92270	4416	4416	4856.0
YAL028W	chrI	+	92899	94486	1587	1587	1687.0
YAL027W	chrI	+	94686	95472	786	786	972.0
YAL026C	chrI	-	95629	99697	4068	4068	4309.0
YAL025C	chrI	-	100224	101145	921	921	1224.0
YAL024C	chrI	-	101564	105872	4308	4308	4558.0
YAL023C	chrI	-	106271	108551	2280	2280	2526.0
YAL022C	chrI	-	108876	110430	1554	1554	1612.0
YAL021C	chrI	-	110845	113359	2514	2514	2815.0
YAL020C	chrI	-	113613	114615	1002	1002	1083.0
YAL019W	chrI	+	114918	118314	3396	3396	3570.0
YAL018C	chrI	-	118563	119541	978	978	1228.0
YAL017W	chrI	+	120224	124295	4071	4071	4622.0
YAL016W	chrI	+	124878	126786	1908	1908	2054.0
YAL015C	chrI	-	126902	128102	1200	1200	1326.0
YAL014C	chrI	-	128251	129019	768	768	978.0
YAL013W	chrI	+	129269	130487	1218	1218	1348.0
YAL012W	chrI	+	130798	131983	1185	1185	1382.0
YAL011W	chrI	+	132198	134076	1878	1878	1989.0
YAL010C	chrI	-	134183	135665	1482	1482	1628.0
YAL009W	chrI	+	135853	136633	780	780	928.0
YAL008W	chrI	+	136913	137510	597	597	769.0
YAL007C	chrI	-	137697	138345	648	648	922.0
YAL005C	chrI	-	139502	141431	1929	1929	2137.0
YAL003W	chrI	+	142173	143160	987	621	927.0
YAL002W	chrI	+	143706	147531	3825	3825	4057.0
YAL001C	chrI	-	147593	151166	3573	3483	3600.0
YAR002W	chrI	+	152256	153876	1620	1620	1756.0
YAR002C-A	chrI	-	154064	154724	660	660	806.0
YAR003W	chrI	+	155004	156285	1281	1281	1939.0
YAR007C	chrI	-	156753	158619	1866	1866	2018.0
YAR008W	chrI	+	158965	159793	828	828	1031.0
YAR014C	chrI	-	166741	168871	2130	2130	2487.0
YAR015W	chrI	+	169374	170295	921	921	1190.0
YAR018C	chrI	-	170395	171703	1308	1308	1557.0
YAR019C	chrI	-	172210	175135	2925	2925	2982.0
YAR020C	chrI	-	176855	177023	168	168	418.0
YAR023C	chrI	-	179280	179820	540	540	790.0
YAR027W	chrI	+	183769	184477	708	708	970.0
YAR028W	chrI	+	184891	185596	705	705	942.0
YAR029W	chrI	+	186320	186545	225	225	475.0
YAR031W	chrI	+	186835	187732	897	897	936.0
YAR033W	chrI	+	188106	188811	705	705	859.0
YAR035W	chrI	+	190192	192256	2064	2064	2314.0
YAR035C-A	chrI	-	192336	192417	81	81	331.0
YAR042W	chrI	+	192618	196185	3567	3567	3774.0
YAR050W	chrI	+	203402	208016	4614	4614	4864.0
YAR064W	chrI	+	220197	220497	300	300	550.0
YAR066W	chrI	+	221048	221660	612	612	862.0
YAR068W	chrI	+	222405	222891	486	486	736.0
YAR071W	chrI	+	225459	226863	1404	1404	1499.0
YBL113C	chrII	-	279	2658	2379	2379	2629.0
YBL112C	chrII	-	2581	2899	318	318	568.0
YBL111C	chrII	-	2906	5009	2103	2004	1153.0
YBL108C-A	chrII	-	7604	7733	129	129	379.0
YBL107C	chrII	-	9960	10551	591	591	720.0
YBL106C	chrII	-	10846	13879	3033	3033	3114.0
YBL105C	chrII	-	14240	17696	3456	3456	3862.0
YBL104C	chrII	-	18176	21293	3117	3117	3225.0
YBL103C	chrII	-	22075	23536	1461	1461	2164.0
YBL102W	chrII	+	24097	24745	648	648	947.0
YBL101C	chrII	-	24945	28299	3354	3354	3817.0
YBL100W-C	chrII	+	28426	28546	120	120	370.0
YBL099W	chrII	+	37052	38690	1638	1638	2255.0
YBL098W	chrII	+	39144	40527	1383	1383	1530.0
YBL097W	chrII	+	40830	43095	2265	2265	2579.0
YBL095W	chrII	+	43276	44089	813	813	947.0
YBL093C	chrII	-	44255	44918	663	663	993.0
YBL092W	chrII	+	45977	46370	393	393	905.0
YBL091C-A	chrII	-	46564	47180	616	528	673.0
YBL091C	chrII	-	47362	48628	1266	1266	1423.0
YBL090W	chrII	+	48824	49358	534	534	684.0
YBL089W	chrII	+	49573	50953	1380	1380	1463.0
YBL088C	chrII	-	51018	59382	8364	8364	8449.0
YBL087C	chrII	-	59821	60739	918	414	597.0
YBL086C	chrII	-	61201	62602	1401	1401	1557.0
YBL085W	chrII	+	63875	66818	2943	2943	3245.0
YBL084C	chrII	-	67168	69445	2277	2277	2529.0
YBL082C	chrII	-	69750	71127	1377	1377	1502.0
YBL081W	chrII	+	71865	72972	1107	1107	1557.0
YBL080C	chrII	-	73069	74695	1626	1626	1778.0
YBL079W	chrII	+	75258	79767	4509	4509	4717.0
YBL078C	chrII	-	80377	80731	354	354	861.0
YBL076C	chrII	-	81042	84261	3219	3219	3361.0
YBL075C	chrII	-	84498	86448	1950	1950	2200.0
YBL074C	chrII	-	86721	87789	1068	1068	1318.0
YBL072C	chrII	-	88522	89125	603	603	1050.0
YBL071C-B	chrII	-	89457	89556	99	99	301.0
YBL071W-A	chrII	+	89977	90226	249	249	726.0
YBL071C	chrII	-	90222	90531	309	309	559.0
YBL069W	chrII	+	90740	92030	1290	1290	1507.0
YBL068W	chrII	+	92413	93394	981	981	1285.0
YBL067C	chrII	-	93638	95882	2244	2244	2647.0
YBL066C	chrII	-	96668	100115	3447	3447	3829.0
YBL064C	chrII	-	100370	101156	786	786	926.0
YBL063W	chrII	+	101885	105221	3336	3336	3482.0
YBL061C	chrII	-	105315	107406	2091	2091	2294.0
YBL060W	chrII	+	107931	109995	2064	2064	2355.0
YBL059C-A	chrII	-	110124	110539	415	330	605.0
YBL059W	chrII	+	110593	111244	651	582	528.0
YBL058W	chrII	+	111436	112708	1272	1272	1417.0
YBL057C	chrII	-	112800	113427	627	627	720.0
YBL056W	chrII	+	113761	115168	1407	1407	1926.0
YBL055C	chrII	-	115572	116829	1257	1257	1912.0
YBL054W	chrII	+	117588	119166	1578	1578	2003.0
YBL052C	chrII	-	119378	121874	2496	2496	2840.0
YBL051C	chrII	-	122752	124759	2007	2007	2517.0
YBL050W	chrII	+	125124	126119	995	879	1018.0
YBL049W	chrII	+	126827	127244	417	417	667.0
YBL048W	chrII	+	127298	127610	312	312	562.0
YBL047C	chrII	-	127894	132040	4146	4146	4576.0
YBL046W	chrII	+	132423	133749	1326	1326	1536.0
YBL045C	chrII	-	134142	135516	1374	1374	1863.0
YBL044W	chrII	+	135997	136366	369	369	619.0
YBL043W	chrII	+	136687	137461	774	774	1024.0
YBL042C	chrII	-	138340	140260	1920	1920	2200.0
YBL041W	chrII	+	141246	141972	726	726	918.0
YBL040C	chrII	-	142111	142868	757	660	876.0
YBL039W-B	chrII	+	143392	143572	180	180	600.0
YBL039C	chrII	-	143988	145728	1740	1740	2012.0
YBL038W	chrII	+	146186	146885	699	699	854.0
YBL037W	chrII	+	147208	150286	3078	3078	3295.0
YBL036C	chrII	-	150446	151220	774	774	962.0
YBL035C	chrII	-	151492	153610	2118	2118	2293.0
YBL034C	chrII	-	153847	158389	4542	4542	4776.0
YBL033C	chrII	-	158655	159693	1038	1038	1137.0
YBL032W	chrII	+	160183	161329	1146	1146	1442.0
YBL031W	chrII	+	161698	162715	1017	1017	1198.0
YBL030C	chrII	-	163040	163997	957	957	1383.0
YBL029C-A	chrII	-	164487	164772	285	285	510.0
YBL029W	chrII	+	166133	167264	1131	1131	1381.0
YBL028C	chrII	-	167517	167838	321	321	631.0
YBL027W	chrII	+	168422	169376	954	570	685.0
YBL026W	chrII	+	170622	171038	416	288	647.0
YBL025W	chrII	+	171480	171918	438	438	967.0
YBL024W	chrII	+	172533	174588	2055	2055	2399.0
YBL023C	chrII	-	174919	177526	2607	2607	2878.0
YBL022C	chrII	-	177873	181275	3402	3402	3595.0
YBL021C	chrII	-	181659	182094	435	435	646.0
YBL020W	chrII	+	182400	184125	1725	1725	1870.0
YBL019W	chrII	+	184352	185915	1563	1563	1707.0
YBL018C	chrII	-	185997	186474	477	402	569.0
YBL017C	chrII	-	186843	191583	4740	4740	4984.0
YBL016W	chrII	+	192450	193512	1062	1062	1279.0
YBL015W	chrII	+	194121	195702	1581	1581	1956.0
YBL014C	chrII	-	199063	201748	2685	2685	2847.0
YBL013W	chrII	+	202055	203261	1206	1206	1456.0
YBL011W	chrII	+	203537	205817	2280	2280	2714.0
YBL010C	chrII	-	206106	206949	843	843	1056.0
YBL009W	chrII	+	207193	209224	2031	2031	2210.0
YBL008W-A	chrII	+	209408	209648	240	240	324.0
YBL008W	chrII	+	209652	212175	2523	2523	2649.0
YBL007C	chrII	-	212631	216366	3735	3735	3952.0
YBL006C	chrII	-	216586	217129	543	543	780.0
YBL005W	chrII	+	217469	220400	2931	2931	3268.0
YBL004W	chrII	+	227635	235117	7482	7482	7697.0
YBL003C	chrII	-	235393	235792	399	399	626.0
YBL002W	chrII	+	236491	236887	396	396	772.0
YBL001C	chrII	-	237152	237467	315	315	658.0
YBR001C	chrII	-	238940	241283	2343	2343	2660.0
YBR002C	chrII	-	241707	242568	861	861	1133.0
YBR003W	chrII	+	242808	244230	1422	1422	1586.0
YBR004C	chrII	-	244365	245667	1302	1302	1416.0
YBR005W	chrII	+	245905	246547	642	642	915.0
YBR006W	chrII	+	247009	248503	1494	1494	1767.0
YBR007C	chrII	-	248805	251016	2211	2211	2304.0
YBR008C	chrII	-	252562	254209	1647	1647	2521.0
YBR009C	chrII	-	255372	255684	312	312	512.0
YBR010W	chrII	+	256330	256741	411	411	600.0
YBR011C	chrII	-	257111	257975	864	864	1007.0
YBR013C	chrII	-	265491	265881	390	390	680.0
YBR014C	chrII	-	266724	267336	612	612	888.0
YBR015C	chrII	-	267709	269503	1794	1794	2064.0
YBR016W	chrII	+	270246	270633	387	387	643.0
YBR017C	chrII	-	270946	273703	2757	2757	3036.0
YBR018C	chrII	-	274426	275527	1101	1101	1351.0
YBR021W	chrII	+	281442	283344	1902	1902	2201.0
YBR022W	chrII	+	283737	284271	534	534	775.0
YBR023C	chrII	-	284427	287925	3498	3498	3844.0
YBR024W	chrII	+	289444	290350	906	906	1239.0
YBR025C	chrII	-	290680	291865	1185	1185	1524.0
YBR026C	chrII	-	292876	294019	1143	1143	1327.0
YBR027C	chrII	-	294023	294356	333	333	583.0
YBR028C	chrII	-	294424	296002	1578	1578	1854.0
YBR029C	chrII	-	296368	297742	1374	1374	1625.0
YBR030W	chrII	+	298291	299950	1659	1659	1990.0
YBR031W	chrII	+	300165	301254	1089	1089	1198.0
YBR032W	chrII	+	301518	301821	303	303	553.0
YBR033W	chrII	+	301943	304703	2760	2760	3010.0
YBR034C	chrII	-	304929	305976	1047	1047	1295.0
YBR035C	chrII	-	306268	306955	687	687	852.0
YBR036C	chrII	-	309080	310313	1233	1233	1475.0
YBR037C	chrII	-	310564	311452	888	888	1007.0
YBR038W	chrII	+	311897	314789	2892	2892	3199.0
YBR039W	chrII	+	315574	316510	936	936	1205.0
YBR040W	chrII	+	316967	317864	897	897	1147.0
YBR041W	chrII	+	318265	320275	2010	2010	2243.0
YBR042C	chrII	-	320415	321609	1194	1194	1330.0
YBR043C	chrII	-	321875	323945	2070	2070	2356.0
YBR044C	chrII	-	324340	326059	1719	1719	1878.0
YBR045C	chrII	-	328172	330092	1920	1920	2170.0
YBR046C	chrII	-	330506	331511	1005	1005	1349.0
YBR047W	chrII	+	331832	332360	528	528	685.0
YBR048W	chrII	+	332830	333812	982	471	728.0
YBR049C	chrII	-	334385	336818	2433	2433	2801.0
YBR050C	chrII	-	337182	338199	1017	1017	1267.0
YBR052C	chrII	-	338719	339352	633	633	751.0
YBR053C	chrII	-	339674	340751	1077	1077	1241.0
YBR054W	chrII	+	343100	344135	1035	1035	1825.0
YBR055C	chrII	-	344601	347301	2700	2700	2846.0
YBR056W	chrII	+	347878	349384	1506	1506	1671.0
YBR056W-A	chrII	+	351254	351455	201	201	679.0
YBR057C	chrII	-	352192	353293	1101	1101	1330.0
YBR058C	chrII	-	353671	356017	2346	2346	2551.0
YBR058C-A	chrII	-	356323	356566	243	243	493.0
YBR059C	chrII	-	356860	360187	3327	3327	3570.0
YBR060C	chrII	-	360651	362514	1863	1863	2009.0
YBR061C	chrII	-	364786	365719	933	933	1121.0
YBR062C	chrII	-	365975	366600	625	543	657.0
YBR063C	chrII	-	366969	368184	1215	1215	1465.0
YBR065C	chrII	-	368583	369678	1095	1095	1398.0
YBR066C	chrII	-	370036	370699	663	663	800.0
YBR067C	chrII	-	372102	372735	633	633	811.0
YBR068C	chrII	-	373860	375690	1830	1830	2119.0
YBR069C	chrII	-	376573	378433	1860	1860	2109.0
YBR070C	chrII	-	379220	379934	714	714	778.0
YBR071W	chrII	+	380410	381046	636	636	965.0
YBR072W	chrII	+	382029	382674	645	645	895.0
YBR072C-A	chrII	-	382859	383021	162	162	412.0
YBR073W	chrII	+	383111	385988	2877	2877	2979.0
YBR074W	chrII	+	386285	389216	2931	2931	3059.0
YBR076W	chrII	+	390226	391291	1065	1065	1315.0
YBR077C	chrII	-	391804	392293	489	489	1141.0
YBR078W	chrII	+	393122	394742	1620	1290	1954.0
YBR079C	chrII	-	395382	398277	2895	2895	3009.0
YBR080C	chrII	-	398613	400890	2277	2277	2476.0
YBR081C	chrII	-	401252	405251	3999	3999	4259.0
YBR082C	chrII	-	406627	407169	542	447	752.0
YBR083W	chrII	+	409168	410629	1461	1461	1662.0
YBR084W	chrII	+	411053	413981	2928	2928	3210.0
YBR084C-A	chrII	-	414185	415261	1076	570	709.0
YBR085W	chrII	+	415982	416906	924	924	1190.0
YBR085C-A	chrII	-	418906	419164	258	258	737.0
YBR086C	chrII	-	420200	423041	2841	2841	3267.0
YBR087W	chrII	+	423764	424829	1065	1065	1218.0
YBR088C	chrII	-	424989	425766	777	777	949.0
YBR089C-A	chrII	-	426189	426489	300	300	502.0
YBR090C	chrII	-	426332	427058	726	369	539.0
YBR091C	chrII	-	427154	427484	330	330	469.0
YBR092C	chrII	-	427697	429101	1404	1404	1540.0
YBR093C	chrII	-	429547	430951	1404	1404	1732.0
YBR094W	chrII	+	432035	434297	2262	2262	2423.0
YBR095C	chrII	-	434405	435698	1293	1293	1425.0
YBR096W	chrII	+	436020	436713	693	693	843.0
YBR097W	chrII	+	436950	441315	4365	4365	4487.0
YBR098W	chrII	+	441514	443590	2076	2076	2232.0
YBR101C	chrII	-	443820	444693	873	873	1768.0
YBR102C	chrII	-	445061	447323	2262	2262	2515.0
YBR103W	chrII	+	447708	449316	1608	1608	1822.0
YBR104W	chrII	+	449666	450656	990	990	1211.0
YBR105C	chrII	-	450880	451969	1089	1089	1352.0
YBR106W	chrII	+	452657	453224	567	567	782.0
YBR107C	chrII	-	453792	454530	738	738	1363.0
YBR108W	chrII	+	454821	457665	2844	2844	3075.0
YBR109C	chrII	-	457918	458362	444	444	715.0
YBR110W	chrII	+	458871	460221	1350	1350	1600.0
YBR111C	chrII	-	461177	461873	696	696	794.0
YBR111W-A	chrII	+	462138	462579	441	291	491.0
YBR112C	chrII	-	462869	465770	2901	2901	3360.0
YBR114W	chrII	+	467247	469620	2373	2373	2561.0
YBR115C	chrII	-	469747	473926	4179	4179	4424.0
YBR117C	chrII	-	474391	476437	2046	2046	2296.0
YBR118W	chrII	+	477670	479047	1377	1377	1486.0
YBR119W	chrII	+	479337	480323	986	897	1081.0
YBR120C	chrII	-	480434	480923	489	489	625.0
YBR121C	chrII	-	481363	483367	2004	2004	2307.0
YBR122C	chrII	-	483969	484503	534	534	763.0
YBR123C	chrII	-	484741	486691	1950	1950	2086.0
YBR125C	chrII	-	487198	488380	1182	1182	1622.0
YBR126C	chrII	-	488904	490392	1488	1488	1726.0
YBR126W-A	chrII	+	490849	491056	207	207	378.0
YBR127C	chrII	-	491268	492822	1554	1554	1800.0
YBR128C	chrII	-	493080	494115	1035	1035	1285.0
YBR129C	chrII	-	494352	495339	987	987	1156.0
YBR130C	chrII	-	495591	496869	1278	1278	1460.0
YBR131W	chrII	+	497162	499277	2115	2115	2234.0
YBR132C	chrII	-	499651	501442	1791	1791	2041.0
YBR133C	chrII	-	501803	504287	2484	2484	2913.0
YBR135W	chrII	+	504853	505306	453	453	740.0
YBR136W	chrII	+	505667	512774	7107	7107	7302.0
YBR137W	chrII	+	513043	513583	540	540	737.0
YBR138C	chrII	-	513761	515336	1575	1575	1767.0
YBR139W	chrII	+	515663	517190	1527	1527	1728.0
YBR140C	chrII	-	517349	526628	9279	9279	9391.0
YBR141C	chrII	-	527024	528038	1014	1014	1192.0
YBR142W	chrII	+	528316	530638	2322	2322	2601.0
YBR143C	chrII	-	530868	532182	1314	1314	1661.0
YBR144C	chrII	-	533234	533549	315	315	565.0
YBR145W	chrII	+	533761	534817	1056	1056	1195.0
YBR146W	chrII	+	535259	536096	837	837	1117.0
YBR147W	chrII	+	536574	537465	891	891	1141.0
YBR148W	chrII	+	537875	539705	1830	1830	2080.0
YBR149W	chrII	+	539986	541021	1035	1035	1291.0
YBR150C	chrII	-	541208	544493	3285	3285	3370.0
YBR151W	chrII	+	545027	545978	951	951	1325.0
YBR152W	chrII	+	546375	547251	876	876	1126.0
YBR153W	chrII	+	547459	548194	735	735	1026.0
YBR154C	chrII	-	548361	549009	648	648	867.0
YBR155W	chrII	+	549770	550928	1158	1158	1390.0
YBR156C	chrII	-	551103	553200	2097	2097	2329.0
YBR157C	chrII	-	553542	554310	768	768	914.0
YBR158W	chrII	+	556548	558198	1650	1650	2047.0
YBR159W	chrII	+	558684	559728	1044	1044	1251.0
YBR160W	chrII	+	560077	560974	897	897	1127.0
YBR161W	chrII	+	561633	562764	1131	1131	1403.0
YBR162C	chrII	-	563202	564570	1368	1368	1955.0
YBR162W-A	chrII	+	565230	565428	198	198	542.0
YBR163W	chrII	+	565722	567480	1758	1758	1926.0
YBR164C	chrII	-	567874	568426	552	552	945.0
YBR165W	chrII	+	568851	569685	834	834	1067.0
YBR166C	chrII	-	569841	571200	1359	1359	1514.0
YBR167C	chrII	-	571467	571890	423	423	569.0
YBR168W	chrII	+	572370	573612	1242	1242	1434.0
YBR169C	chrII	-	573914	575996	2082	2082	2281.0
YBR170C	chrII	-	576343	578086	1743	1743	2081.0
YBR171W	chrII	+	578363	578984	621	621	784.0
YBR172C	chrII	-	579149	581372	2223	2223	2436.0
YBR173C	chrII	-	581725	582172	447	447	650.0
YBR175W	chrII	+	582407	583355	948	948	1109.0
YBR176W	chrII	+	583719	584658	939	939	1200.0
YBR177C	chrII	-	584806	586162	1356	1356	1628.0
YBR179C	chrII	-	586546	589114	2568	2568	2676.0
YBR180W	chrII	+	589740	591459	1719	1719	1969.0
YBR181C	chrII	-	591711	592774	1063	711	818.0
YBR182C	chrII	-	593505	594864	1359	1359	1715.0
YBR182C-A	chrII	-	595360	595555	195	195	445.0
YBR183W	chrII	+	596114	597065	951	951	1201.0
YBR184W	chrII	+	597362	598934	1572	1572	1822.0
YBR185C	chrII	-	599122	599959	837	837	957.0
YBR186W	chrII	+	600552	602360	1808	1695	1945.0
YBR187W	chrII	+	602633	603476	843	843	1136.0
YBR188C	chrII	-	603684	604107	423	423	702.0
YBR189W	chrII	+	604507	605508	1001	588	681.0
YBR191W	chrII	+	606269	607140	871	483	648.0
YBR192W	chrII	+	607651	608785	1134	1134	1612.0
YBR193C	chrII	-	609081	609753	672	672	1151.0
YBR194W	chrII	+	610037	610409	372	372	527.0
YBR195C	chrII	-	610613	611882	1269	1269	1413.0
YBR196C	chrII	-	612235	613900	1665	1665	1871.0
YBR196C-A	chrII	-	614023	614173	150	150	400.0
YBR196C-B	chrII	-	614525	614630	105	105	355.0
YBR197C	chrII	-	615202	615856	654	654	1131.0
YBR198C	chrII	-	616126	618523	2397	2397	2566.0
YBR199W	chrII	+	618908	620303	1395	1395	1664.0
YBR200W	chrII	+	620871	622527	1656	1656	1960.0
YBR200W-A	chrII	+	622982	623147	165	165	415.0
YBR201W	chrII	+	623575	624211	636	636	896.0
YBR201C-A	chrII	-	624492	624696	204	204	453.0
YBR202W	chrII	+	625771	628309	2538	2538	2768.0
YBR203W	chrII	+	629167	631942	2775	2775	3025.0
YBR204C	chrII	-	632253	633381	1128	1128	1459.0
YBR205W	chrII	+	633621	634836	1215	1215	1461.0
YBR207W	chrII	+	635145	636543	1398	1398	1597.0
YBR208C	chrII	-	636702	642210	5508	5508	3368.0
YBR209W	chrII	+	642582	642900	318	318	568.0
YBR210W	chrII	+	645549	645978	429	429	817.0
YBR211C	chrII	-	646157	647132	975	975	1220.0
YBR212W	chrII	+	647885	649904	2019	2019	2673.0
YBR213W	chrII	+	650367	651192	825	825	1091.0
YBR214W	chrII	+	651414	652998	1584	1584	1895.0
YBR215W	chrII	+	653355	655317	1962	1878	2070.0
YBR216C	chrII	-	655575	657600	2025	2025	2328.0
YBR217W	chrII	+	657831	658392	561	561	917.0
YBR218C	chrII	-	658706	662249	3543	3543	3970.0
YBR219C	chrII	-	662498	663303	805	384	634.0
YBR220C	chrII	-	662994	664677	1683	1683	2001.0
YBR221C	chrII	-	665152	666253	1101	1101	1575.0
YBR221W-A	chrII	+	666537	666642	105	105	355.0
YBR222C	chrII	-	666719	668351	1632	1632	1788.0
YBR223C	chrII	-	668662	670297	1635	1635	1900.0
YBR225W	chrII	+	670626	673329	2703	2703	3087.0
YBR227C	chrII	-	673571	675134	1563	1563	1746.0
YBR228W	chrII	+	675312	676227	915	915	1028.0
YBR229C	chrII	-	676356	679221	2865	2865	3020.0
YBR230C	chrII	-	679548	680050	502	405	615.0
YBR230W-A	chrII	+	680361	680562	201	201	385.0
YBR231C	chrII	-	682178	683090	912	912	1008.0
YBR233W	chrII	+	683427	684669	1242	1242	1521.0
YBR233W-A	chrII	+	684976	685261	285	285	522.0
YBR234C	chrII	-	685437	686592	1155	1155	1267.0
YBR235W	chrII	+	686900	690263	3363	3363	3541.0
YBR236C	chrII	-	690382	691693	1311	1311	1500.0
YBR237W	chrII	+	691968	694518	2550	2550	2687.0
YBR238C	chrII	-	695106	697302	2196	2196	2764.0
YBR239C	chrII	-	698353	699943	1590	1590	1828.0
YBR240C	chrII	-	700489	701842	1353	1353	1603.0
YBR241C	chrII	-	702588	704055	1467	1467	1524.0
YBR242W	chrII	+	704669	705386	717	717	961.0
YBR243C	chrII	-	705446	706793	1347	1347	1582.0
YBR244W	chrII	+	707527	708016	489	489	755.0
YBR245C	chrII	-	708149	711539	3390	3390	3360.0
YBR246W	chrII	+	711590	712754	1164	1164	1322.0
YBR247C	chrII	-	713003	714455	1452	1452	1785.0
YBR248C	chrII	-	714806	716465	1659	1659	1818.0
YBR249C	chrII	-	716881	717994	1113	1113	1388.0
YBR250W	chrII	+	719032	720604	1572	1572	1822.0
YBR251W	chrII	+	721389	722313	924	924	1119.0
YBR252W	chrII	+	722610	723054	444	444	584.0
YBR253W	chrII	+	723269	723635	366	366	508.0
YBR254C	chrII	-	723735	724263	528	528	670.0
YBR255W	chrII	+	724455	726540	2085	2085	2267.0
YBR255C-A	chrII	-	726617	727074	457	363	479.0
YBR256C	chrII	-	727385	728102	717	717	848.0
YBR257W	chrII	+	728884	729724	840	840	928.0
YBR258C	chrII	-	729733	730162	429	429	679.0
YBR259W	chrII	+	730386	732453	2067	2067	2215.0
YBR260C	chrII	-	732638	734639	2001	2001	2140.0
YBR261C	chrII	-	734831	735530	699	699	893.0
YBR262C	chrII	-	735719	736040	321	321	467.0
YBR263W	chrII	+	736263	737736	1473	1473	1639.0
YBR264C	chrII	-	737769	738369	600	600	648.0
YBR265W	chrII	+	738581	739544	963	963	1142.0
YBR267W	chrII	+	739840	741022	1182	1182	1319.0
YBR266C	chrII	-	739935	740388	453	453	703.0
YBR268W	chrII	+	741298	741616	318	318	474.0
YBR269C	chrII	-	742159	742576	417	417	594.0
YBR270C	chrII	-	742760	744398	1638	1638	1677.0
YBR271W	chrII	+	744851	746111	1260	1260	1453.0
YBR272C	chrII	-	746360	747803	1443	1443	1685.0
YBR273C	chrII	-	748060	749371	1311	1311	1480.0
YBR274W	chrII	+	749593	751177	1584	1584	1838.0
YBR275C	chrII	-	751355	757106	5751	5751	6001.0
YBR276C	chrII	-	757619	760043	2424	2424	2628.0
YBR278W	chrII	+	760293	760899	606	606	727.0
YBR279W	chrII	+	761256	762594	1338	1338	1481.0
YBR280C	chrII	-	762783	764697	1914	1914	2096.0
YBR281C	chrII	-	764969	767606	2637	2637	2788.0
YBR282W	chrII	+	768239	768680	441	441	574.0
YBR283C	chrII	-	768942	770415	1473	1473	1781.0
YBR284W	chrII	+	771238	773632	2394	2394	2644.0
YBR285W	chrII	+	773921	774356	435	435	685.0
YBR286W	chrII	+	774699	776313	1614	1614	1693.0
YBR287W	chrII	+	776570	777854	1284	1284	1500.0
YBR288C	chrII	-	778011	779463	1452	1452	1616.0
YBR289W	chrII	+	779666	782384	2718	2718	2813.0
YBR290W	chrII	+	782590	783556	966	966	1109.0
YBR291C	chrII	-	783672	784572	900	900	1026.0
YBR292C	chrII	-	784701	785073	372	372	622.0
YBR293W	chrII	+	787005	788430	1425	1425	1572.0
YBR294W	chrII	+	789234	791814	2580	2580	2830.0
YBR295W	chrII	+	792848	796499	3651	3651	3845.0
YBR296C	chrII	-	796797	798522	1725	1725	2009.0
YBR296C-A	chrII	-	800122	800242	120	120	370.0
YBR297W	chrII	+	800522	801929	1407	1407	1690.0
YBR298C	chrII	-	802630	804475	1845	1845	2095.0
YBR298C-A	chrII	-	805034	805256	222	222	472.0
YBR299W	chrII	+	805350	807105	1755	1755	2005.0
YBR301W	chrII	+	809056	809419	363	363	613.0
YBR302C	chrII	-	810339	811479	1140	1140	1390.0
YCL073C	chrIII	-	6478	8326	1848	1848	2098.0
YCL069W	chrIII	+	9705	11082	1377	1377	1627.0
YCL068C	chrIII	-	11502	12285	783	783	1033.0
YCL067C	chrIII	-	12385	13018	633	633	883.0
YCL066W	chrIII	+	13281	13809	528	528	778.0
YCL064C	chrIII	-	15797	16880	1083	1083	1286.0
YCL063W	chrIII	+	17289	18561	1272	1272	1489.0
YCL061C	chrIII	-	18815	22106	3291	3291	3524.0
YCL059C	chrIII	-	22428	23379	951	951	1122.0
YCL058C	chrIII	-	23522	23981	459	459	709.0
YCL058W-A	chrIII	+	23583	23925	342	342	413.0
YCL057C-A	chrIII	-	24031	24325	294	294	458.0
YCL057W	chrIII	+	24767	26906	2139	2139	2282.0
YCL056C	chrIII	-	26924	27359	435	435	487.0
YCL055W	chrIII	+	27928	28936	1008	1008	1106.0
YCL054W-A	chrIII	+	30909	30996	87	87	401.0
YCL054W	chrIII	+	31448	33974	2526	2526	2677.0
YCL052C	chrIII	-	34142	35393	1251	1251	1479.0
YCL051W	chrIII	+	35864	37616	1752	1752	2173.0
YCL050C	chrIII	-	37835	38801	966	966	1142.0
YCL049C	chrIII	-	39785	40724	939	939	1177.0
YCL048W-A	chrIII	+	41487	41727	240	240	490.0
YCL048W	chrIII	+	42164	43556	1392	1392	1642.0
YCL047C	chrIII	-	43660	44437	777	777	887.0
YCL045C	chrIII	-	44622	46905	2283	2283	2384.0
YCL044C	chrIII	-	47110	48364	1254	1254	1467.0
YCL043C	chrIII	-	48652	50221	1569	1569	1702.0
YCL042W	chrIII	+	50583	50943	360	360	401.0
YCL040W	chrIII	+	50837	52340	1503	1503	1146.0
YCL039W	chrIII	+	52644	54882	2238	2238	2323.0
YCL038C	chrIII	-	54940	56527	1587	1587	1755.0
YCL037C	chrIII	-	57373	58678	1305	1305	1965.0
YCL036W	chrIII	+	59025	60726	1701	1701	1852.0
YCL035C	chrIII	-	60840	61173	333	333	513.0
YCL034W	chrIII	+	61657	62722	1065	1065	1187.0
YCL033C	chrIII	-	62775	63282	507	507	572.0
YCL032W	chrIII	+	63440	64481	1041	1041	1289.0
YCL031C	chrIII	-	64674	65568	894	894	1033.0
YCL030C	chrIII	-	65933	68333	2400	2400	2627.0
YCL029C	chrIII	-	68598	69921	1323	1323	1634.0
YCL028W	chrIII	+	70149	71367	1218	1218	1407.0
YCL027W	chrIII	+	71802	73341	1539	1539	1663.0
YCL026C-B	chrIII	-	73404	73986	582	582	832.0
YCL026C-A	chrIII	-	74703	75285	582	582	832.0
YCL025C	chrIII	-	76017	77919	1902	1902	2026.0
YCL024W	chrIII	+	79161	82275	3114	3114	3300.0
YCL021W-A	chrIII	+	83619	83997	378	378	628.0
YCL018W	chrIII	+	91323	92418	1095	1095	1345.0
YCL017C	chrIII	-	92776	94270	1494	1494	1893.0
YCL016C	chrIII	-	94620	95763	1143	1143	1316.0
YCL014W	chrIII	+	96280	101191	4911	4911	5145.0
YCL012C	chrIII	-	101316	101788	472	405	557.0
YCL011C	chrIII	-	102074	103358	1284	1284	1534.0
YCL010C	chrIII	-	103570	104350	780	780	1069.0
YCL009C	chrIII	-	104618	105548	930	930	1126.0
YCL008C	chrIII	-	105695	106853	1158	1158	1301.0
YCL005W-A	chrIII	+	107022	107417	395	222	349.0
YCL005W	chrIII	+	108020	108791	771	771	940.0
YCL004W	chrIII	+	109104	110670	1566	1566	1721.0
YCL002C	chrIII	-	110807	111675	868	792	1123.0
YCL001W	chrIII	+	111915	112482	567	567	712.0
YCL001W-A	chrIII	+	113079	113541	462	462	712.0
YCL001W-B	chrIII	+	113769	114024	255	255	505.0
YCR001W	chrIII	+	115684	115999	315	315	565.0
YCR002C	chrIII	-	117379	118348	969	969	1170.0
YCR003W	chrIII	+	118619	119171	552	552	679.0
YCR004C	chrIII	-	119574	120318	744	744	1124.0
YCR005C	chrIII	-	120945	122328	1383	1383	1595.0
YCR006C	chrIII	-	122529	123003	474	474	724.0
YCR007C	chrIII	-	126010	126730	720	720	868.0
YCR008W	chrIII	+	128469	130281	1812	1812	2533.0
YCR009C	chrIII	-	130744	131542	798	798	1137.0
YCR010C	chrIII	-	132272	133124	852	852	1102.0
YCR011C	chrIII	-	133723	136873	3150	3150	3368.0
YCR012W	chrIII	+	137745	138996	1251	1251	1449.0
YCR014C	chrIII	-	139184	140933	1749	1749	1999.0
YCR015C	chrIII	-	141216	142170	954	954	1091.0
YCR016W	chrIII	+	143633	144506	873	873	1055.0
YCR017C	chrIII	-	144772	147634	2862	2862	3076.0
YCR018C	chrIII	-	148237	148903	666	666	662.0
YCR019W	chrIII	+	152836	153928	1092	1092	1317.0
YCR020C	chrIII	-	154011	154659	648	648	898.0
YCR020C-A	chrIII	-	154829	155096	267	267	460.0
YCR020W-B	chrIII	+	155319	155556	237	237	804.0
YCR021C	chrIII	-	156108	157107	999	999	1278.0
YCR022C	chrIII	-	157420	157765	345	345	595.0
YCR023C	chrIII	-	158537	160373	1836	1836	2154.0
YCR024C	chrIII	-	160743	162222	1479	1479	1619.0
YCR024C-B	chrIII	-	162598	162865	267	267	237.0
YCR024C-A	chrIII	-	162944	163067	123	123	806.0
YCR025C	chrIII	-	163445	163856	411	411	661.0
YCR026C	chrIII	-	164110	166339	2229	2229	2499.0
YCR027C	chrIII	-	167369	167999	630	630	1465.0
YCR028C	chrIII	-	170885	172424	1539	1539	2358.0
YCR028C-A	chrIII	-	172949	173440	491	408	678.0
YCR030C	chrIII	-	173825	176438	2613	2613	2871.0
YCR031C	chrIII	-	177499	178220	721	414	571.0
YCR032W	chrIII	+	179519	186023	6504	6504	6709.0
YCR033W	chrIII	+	186488	190169	3681	3681	4068.0
YCR034W	chrIII	+	190591	191635	1044	1044	1232.0
YCR035C	chrIII	-	191833	193018	1185	1185	1378.0
YCR036W	chrIII	+	193296	194298	1002	1002	1128.0
YCR037C	chrIII	-	194413	197185	2772	2772	2905.0
YCR038C	chrIII	-	197620	199549	1929	1929	2179.0
YCR039C	chrIII	-	199545	200178	633	633	883.0
YCR040W	chrIII	+	200441	200969	528	528	778.0
YCR041W	chrIII	+	200910	201243	333	333	583.0
YCR042C	chrIII	-	201173	205397	4224	4224	4377.0
YCR043C	chrIII	-	206260	206644	384	384	609.0
YCR044C	chrIII	-	206876	207950	1074	1074	1173.0
YCR045C	chrIII	-	208134	209610	1476	1476	1726.0
YCR046C	chrIII	-	209913	210423	510	510	751.0
YCR047C	chrIII	-	210717	211545	828	828	1118.0
YCR048W	chrIII	+	211928	213761	1833	1833	2121.0
YCR050C	chrIII	-	213463	213772	309	309	559.0
YCR051W	chrIII	+	214070	214739	669	669	858.0
YCR052W	chrIII	+	214993	216445	1452	1452	1670.0
YCR053W	chrIII	+	216696	218241	1545	1545	1696.0
YCR054C	chrIII	-	218375	220067	1692	1692	1976.0
YCR057C	chrIII	-	220456	223228	2772	2772	2959.0
YCR059C	chrIII	-	223453	224230	777	777	975.0
YCR060W	chrIII	+	224398	224734	336	336	484.0
YCR061W	chrIII	+	225562	227458	1896	1896	2279.0
YCR063W	chrIII	+	228317	228791	474	474	724.0
YCR065W	chrIII	+	229309	231004	1695	1695	2226.0
YCR066W	chrIII	+	231499	232963	1464	1464	1665.0
YCR067C	chrIII	-	233124	236322	3198	3198	3393.0
YCR068W	chrIII	+	237213	238776	1563	1563	1945.0
YCR069W	chrIII	+	239054	240011	957	957	1243.0
YCR071C	chrIII	-	240102	240543	441	441	556.0
YCR072C	chrIII	-	240804	242352	1548	1548	1643.0
YCR073C	chrIII	-	242587	246583	3996	3996	4128.0
YCR073W-A	chrIII	+	246962	247910	948	948	1075.0
YCR075C	chrIII	-	248032	248815	783	783	937.0
YCR075W-A	chrIII	+	248974	249202	228	228	326.0
YCR076C	chrIII	-	249292	250045	753	753	875.0
YCR077C	chrIII	-	250237	252628	2391	2391	2548.0
YCR079W	chrIII	+	252844	254173	1329	1329	1519.0
YCR081W	chrIII	+	254370	258654	4284	4284	5014.0
YCR082W	chrIII	+	258882	259269	387	387	593.0
YCR083W	chrIII	+	259577	259961	384	384	542.0
YCR084C	chrIII	-	260310	262452	2142	2142	2693.0
YCR085W	chrIII	+	262915	263269	354	354	604.0
YCR086W	chrIII	+	263391	263964	573	573	700.0
YCR087C-A	chrIII	-	264005	264467	462	462	551.0
YCR088W	chrIII	+	265067	266846	1779	1779	1953.0
YCR089W	chrIII	+	267433	272263	4830	4830	5080.0
YCR090C	chrIII	-	272314	272863	549	549	659.0
YCR091W	chrIII	+	274403	276566	2163	2163	2413.0
YCR092C	chrIII	-	276763	279820	3057	3057	3242.0
YCR093W	chrIII	+	280116	286443	6327	6327	6485.0
YCR094W	chrIII	+	286761	287937	1176	1176	1513.0
YCR095C	chrIII	-	288169	289258	1089	1089	1186.0
YCR095W-A	chrIII	+	289638	289797	159	159	548.0
YCR096C	chrIII	-	293178	293538	360	360	610.0
YCR097W	chrIII	+	293834	294321	487	381	428.0
YCR098C	chrIII	-	297048	298605	1557	1557	1807.0
YCR099C	chrIII	-	300831	301299	468	468	718.0
YCR100C	chrIII	-	301270	302221	951	951	1201.0
YCR101C	chrIII	-	302481	303030	549	549	799.0
YCR102C	chrIII	-	304360	305467	1107	1107	1357.0
YCR104W	chrIII	+	307800	308175	375	375	625.0
YCR105W	chrIII	+	309069	310155	1086	1086	1336.0
YCR106W	chrIII	+	310957	313456	2499	2499	2751.0
YCR107W	chrIII	+	313889	314981	1092	1092	1342.0
YCR108C	chrIII	-	315996	316188	192	192	442.0
YDL248W	chrIV	+	1801	2953	1152	1152	1775.0
YDL247W	chrIV	+	5984	7814	1830	1830	2080.0
YDL246C	chrIV	-	8682	9756	1074	1074	1324.0
YDL245C	chrIV	-	11656	13360	1704	1704	1954.0
YDL244W	chrIV	+	16203	17226	1023	1023	1273.0
YDL243C	chrIV	-	17576	18566	990	990	1807.0
YDL242W	chrIV	+	18958	19312	354	354	604.0
YDL241W	chrIV	+	20634	21006	372	372	949.0
YDL240W	chrIV	+	22822	25876	3054	3054	3469.0
YDL239C	chrIV	-	26402	28775	2373	2373	2623.0
YDL238C	chrIV	-	28984	30454	1470	1470	1740.0
YDL237W	chrIV	+	30656	31829	1173	1173	1501.0
YDL236W	chrIV	+	32295	33234	939	939	1182.0
YDL235C	chrIV	-	33414	33918	504	504	770.0
YDL234C	chrIV	-	34236	36477	2241	2241	2529.0
YDL233W	chrIV	+	36796	38173	1377	1377	1560.0
YDL232W	chrIV	+	38486	38597	111	111	428.0
YDL231C	chrIV	-	38866	42244	3378	3378	3578.0
YDL230W	chrIV	+	42699	43707	1008	1008	1122.0
YDL229W	chrIV	+	44064	45906	1842	1842	1978.0
YDL227C	chrIV	-	46270	48031	1761	1761	1860.0
YDL226C	chrIV	-	51114	52173	1059	1059	1326.0
YDL225W	chrIV	+	52444	54100	1656	1656	1811.0
YDL224C	chrIV	-	54396	56346	1950	1950	2551.0
YDL223C	chrIV	-	57264	60405	3141	3141	3461.0
YDL222C	chrIV	-	60871	61801	930	930	1180.0
YDL220C	chrIV	-	62243	65018	2775	2775	3246.0
YDL219W	chrIV	+	65241	65765	524	453	776.0
YDL218W	chrIV	+	66492	67446	954	954	1204.0
YDL217C	chrIV	-	67982	68606	624	624	1196.0
YDL216C	chrIV	-	68996	70319	1323	1323	1455.0
YDL215C	chrIV	-	70639	73918	3279	3279	3633.0
YDL214C	chrIV	-	74445	76545	2100	2100	2350.0
YDL213C	chrIV	-	77288	77966	678	678	819.0
YDL212W	chrIV	+	78425	79058	633	633	836.0
YDL211C	chrIV	-	79293	80412	1119	1119	1369.0
YDL210W	chrIV	+	84269	85985	1716	1716	1966.0
YDL209C	chrIV	-	86206	87226	1020	1020	1238.0
YDL208W	chrIV	+	87511	87982	471	471	643.0
YDL207W	chrIV	+	88247	89864	1617	1617	1733.0
YDL206W	chrIV	+	90175	92464	2289	2289	2477.0
YDL205C	chrIV	-	92761	93745	984	984	1497.0
YDL204W-A	chrIV	+	94132	94285	153	153	403.0
YDL204W	chrIV	+	94604	95786	1182	1182	1859.0
YDL203C	chrIV	-	96081	97953	1872	1872	2341.0
YDL202W	chrIV	+	98474	99224	750	750	958.0
YDL201W	chrIV	+	99560	100421	861	861	1047.0
YDL200C	chrIV	-	100500	101067	567	567	673.0
YDL199C	chrIV	-	101289	103353	2064	2064	2314.0
YDL198C	chrIV	-	103648	104551	903	903	1180.0
YDL197C	chrIV	-	104916	106494	1578	1578	2285.0
YDL195W	chrIV	+	107207	111029	3822	3822	4093.0
YDL194W	chrIV	+	111579	114234	2655	2655	3114.0
YDL193W	chrIV	+	114671	115799	1128	1128	1427.0
YDL192W	chrIV	+	116320	116866	546	546	898.0
YDL191W	chrIV	+	117663	118517	854	363	479.0
YDL190C	chrIV	-	118706	121592	2886	2886	3283.0
YDL189W	chrIV	+	122215	123589	1374	1374	1732.0
YDL188C	chrIV	-	123864	124998	1134	1134	1470.0
YDL186W	chrIV	+	125615	126449	834	834	1084.0
YDL185W	chrIV	+	126786	130002	3216	3216	3465.0
YDL184C	chrIV	-	130406	130484	78	78	310.0
YDL183C	chrIV	-	130870	131833	963	963	1213.0
YDL182W	chrIV	+	133436	134723	1287	1287	1417.0
YDL181W	chrIV	+	135178	135436	258	258	462.0
YDL180W	chrIV	+	135895	137539	1644	1644	1989.0
YDL179W	chrIV	+	138290	139205	915	915	1162.0
YDL178W	chrIV	+	139521	141114	1593	1593	1686.0
YDL177C	chrIV	-	141208	141721	513	513	655.0
YDL176W	chrIV	+	142096	144223	2127	2127	2375.0
YDL175C	chrIV	-	144483	145518	1035	1035	1286.0
YDL174C	chrIV	-	145825	147589	1764	1764	1956.0
YDL173W	chrIV	+	148190	149078	888	888	1054.0
YDL171C	chrIV	-	149202	155640	6438	6438	6809.0
YDL170W	chrIV	+	156317	157904	1587	1587	1776.0
YDL169C	chrIV	-	158063	158735	672	672	922.0
YDL168W	chrIV	+	159603	160764	1161	1161	1446.0
YDL167C	chrIV	-	160994	163154	2160	2160	2382.0
YDL166C	chrIV	-	163448	164042	594	594	769.0
YDL165W	chrIV	+	164289	164865	576	576	729.0
YDL164C	chrIV	-	164986	167254	2268	2268	2478.0
YDL161W	chrIV	+	167713	169078	1365	1365	2225.0
YDL160C-A	chrIV	-	169365	169608	243	243	466.0
YDL160C	chrIV	-	170409	171930	1521	1521	2481.0
YDL159W-A	chrIV	+	172181	172313	132	132	382.0
YDL159W	chrIV	+	172480	174028	1548	1548	1718.0
YDL157C	chrIV	-	174231	174588	357	357	674.0
YDL156W	chrIV	+	174917	176486	1569	1569	95.0
YDL155W	chrIV	+	176772	178056	1284	1284	1534.0
YDL154W	chrIV	+	178333	181039	2706	2706	1208.0
YDL153C	chrIV	-	181185	183018	1833	1833	2015.0
YDL150W	chrIV	+	183342	184611	1269	1269	1517.0
YDL149W	chrIV	+	184924	187918	2994	2994	3139.0
YDL148C	chrIV	-	188153	190586	2433	2433	2774.0
YDL147W	chrIV	+	190923	192261	1338	1338	1527.0
YDL146W	chrIV	+	192749	194225	1476	1476	1922.0
YDL145C	chrIV	-	194570	198176	3606	3606	4059.0
YDL144C	chrIV	-	198661	199732	1071	1071	1233.0
YDL143W	chrIV	+	199995	201582	1587	1587	1770.0
YDL142C	chrIV	-	201718	202570	852	852	1033.0
YDL141W	chrIV	+	203038	205111	2073	2073	2567.0
YDL140C	chrIV	-	205359	210561	5202	5202	5897.0
YDL139C	chrIV	-	211374	212046	672	672	922.0
YDL138W	chrIV	+	213350	215642	2292	2292	2616.0
YDL137W	chrIV	+	216528	217074	546	546	1280.0
YDL136W	chrIV	+	217599	218367	768	363	525.0
YDL135C	chrIV	-	218679	219288	609	609	1037.0
YDL134C	chrIV	-	219661	220771	1110	1110	1748.0
YDL133C-A	chrIV	-	221723	221801	78	78	329.0
YDL133W	chrIV	+	222426	223740	1314	1314	1819.0
YDL132W	chrIV	+	224303	226751	2448	2448	2951.0
YDL131W	chrIV	+	227392	228715	1323	1323	1534.0
YDL130W-A	chrIV	+	229170	229431	261	261	488.0
YDL130W	chrIV	+	229905	230527	622	321	466.0
YDL129W	chrIV	+	231023	231899	876	876	1445.0
YDL128W	chrIV	+	232651	233887	1236	1236	1466.0
YDL127W	chrIV	+	234926	235853	927	927	1158.0
YDL126C	chrIV	-	236156	238664	2508	2508	2680.0
YDL125C	chrIV	-	239018	239606	588	477	767.0
YDL124W	chrIV	+	240258	241197	939	939	1084.0
YDL123W	chrIV	+	241417	241840	423	423	946.0
YDL122W	chrIV	+	242551	244981	2430	2430	2783.0
YDL121C	chrIV	-	245132	245582	450	450	676.0
YDL120W	chrIV	+	245922	246447	525	525	803.0
YDL119C	chrIV	-	246688	247612	924	924	1259.0
YDL117W	chrIV	+	248580	251238	2658	2658	3204.0
YDL116W	chrIV	+	251565	253746	2181	2181	2342.0
YDL115C	chrIV	-	253994	255126	1132	1062	1196.0
YDL114W	chrIV	+	255603	256530	927	927	1177.0
YDL113C	chrIV	-	256632	258555	1923	1923	2108.0
YDL112W	chrIV	+	258914	263225	4311	4311	4475.0
YDL111C	chrIV	-	263312	264110	798	798	956.0
YDL110C	chrIV	-	264511	264964	453	453	703.0
YDL109C	chrIV	-	265257	267201	1944	1944	3221.0
YDL108W	chrIV	+	267697	268699	1002	921	1007.0
YDL107W	chrIV	+	268920	269976	1056	1056	1229.0
YDL106C	chrIV	-	270221	271901	1680	1680	1872.0
YDL105W	chrIV	+	272388	273597	1209	1209	1374.0
YDL104C	chrIV	-	273652	274876	1224	1224	1492.0
YDL103C	chrIV	-	275147	276581	1434	1434	1590.0
YDL102W	chrIV	+	276871	280165	3294	3294	3498.0
YDL101C	chrIV	-	280306	281848	1542	1542	1689.0
YDL100C	chrIV	-	282111	283176	1065	1065	1213.0
YDL099W	chrIV	+	283418	284444	1026	1026	1149.0
YDL098C	chrIV	-	284580	285165	585	585	733.0
YDL097C	chrIV	-	285390	286695	1305	1305	1445.0
YDL095W	chrIV	+	287058	289512	2454	2454	2629.0
YDL093W	chrIV	+	289908	292140	2232	2232	2544.0
YDL092W	chrIV	+	292780	293221	441	441	612.0
YDL091C	chrIV	-	293391	294759	1368	1368	1550.0
YDL090C	chrIV	-	295033	296329	1296	1296	1450.0
YDL089W	chrIV	+	296819	298274	1455	1455	1797.0
YDL088C	chrIV	-	298416	300003	1587	1587	1837.0
YDL087C	chrIV	-	300213	300999	786	786	964.0
YDL086W	chrIV	+	301412	302234	822	822	1054.0
YDL085C-A	chrIV	-	302463	302670	207	207	511.0
YDL085W	chrIV	+	303210	304848	1638	1638	1888.0
YDL084W	chrIV	+	305236	306577	1341	1341	1610.0
YDL083C	chrIV	-	306925	307789	864	432	580.0
YDL082W	chrIV	+	308423	309388	965	600	780.0
YDL081C	chrIV	-	309801	310122	321	321	495.0
YDL080C	chrIV	-	310641	312471	1830	1830	2228.0
YDL079C	chrIV	-	312950	314748	1798	1506	1756.0
YDL078C	chrIV	-	315356	316388	1032	1032	1235.0
YDL077C	chrIV	-	316970	320120	3150	3150	3408.0
YDL076C	chrIV	-	320667	321552	885	885	1256.0
YDL075W	chrIV	+	322225	322988	763	342	437.0
YDL074C	chrIV	-	324046	326149	2103	2103	2325.0
YDL073W	chrIV	+	326612	329567	2955	2955	3181.0
YDL072C	chrIV	-	329835	330447	612	612	763.0
YDL070W	chrIV	+	331023	332940	1917	1917	2204.0
YDL069C	chrIV	-	333120	333810	690	690	951.0
YDL067C	chrIV	-	334216	334396	180	180	624.0
YDL066W	chrIV	+	334834	336121	1287	1287	1463.0
YDL065C	chrIV	-	336248	337277	1029	1029	1141.0
YDL064W	chrIV	+	337486	338070	584	474	741.0
YDL063C	chrIV	-	338271	340134	1863	1863	2108.0
YDL061C	chrIV	-	340627	340798	171	171	830.0
YDL060W	chrIV	+	341618	343985	2367	2367	2510.0
YDL059C	chrIV	-	344236	344953	717	717	1090.0
YDL058W	chrIV	+	345664	351037	5373	5373	5574.0
YDL057W	chrIV	+	351433	352420	987	987	1063.0
YDL056W	chrIV	+	352876	355378	2502	2502	2675.0
YDL055C	chrIV	-	355673	356759	1086	1086	1478.0
YDL054C	chrIV	-	359824	361285	1461	1461	1633.0
YDL053C	chrIV	-	361698	362256	558	558	946.0
YDL052C	chrIV	-	362671	363583	912	912	1053.0
YDL051W	chrIV	+	363951	364779	828	828	1139.0
YDL049C	chrIV	-	365067	365874	807	807	1057.0
YDL048C	chrIV	-	366738	368211	1473	1473	1632.0
YDL047W	chrIV	+	369770	370706	936	936	1486.0
YDL046W	chrIV	+	371239	371761	522	522	887.0
YDL045W-A	chrIV	+	372247	372535	288	288	458.0
YDL045C	chrIV	-	372687	373608	921	921	1184.0
YDL044C	chrIV	-	373966	375289	1323	1323	1428.0
YDL043C	chrIV	-	375679	376480	801	801	1159.0
YDL042C	chrIV	-	376756	378445	1689	1689	1869.0
YDL040C	chrIV	-	378873	381438	2565	2565	2736.0
YDL039C	chrIV	-	381984	384081	2097	2097	2232.0
YDL037C	chrIV	-	384600	385587	987	987	1414.0
YDL036C	chrIV	-	387512	388901	1389	1389	1775.0
YDL035C	chrIV	-	389171	392057	2886	2886	3321.0
YDL033C	chrIV	-	392658	393912	1254	1254	1546.0
YDL031W	chrIV	+	394216	397204	2988	2988	3199.0
YDL030W	chrIV	+	397536	399129	1593	1593	1761.0
YDL029W	chrIV	+	399339	400638	1299	1176	1494.0
YDL028C	chrIV	-	400996	403291	2295	2295	2561.0
YDL027C	chrIV	-	403694	404957	1263	1263	1494.0
YDL025C	chrIV	-	405343	407206	1863	1863	2247.0
YDL024C	chrIV	-	408450	409857	1407	1407	1657.0
YDL022C-A	chrIV	-	409807	410056	249	249	499.0
YDL022W	chrIV	+	411824	413000	1176	1176	1471.0
YDL021W	chrIV	+	413952	414888	936	936	1186.0
YDL020C	chrIV	-	415112	416708	1596	1596	1974.0
YDL019C	chrIV	-	417662	421514	3852	3852	4227.0
YDL018C	chrIV	-	422832	423510	678	678	937.0
YDL017W	chrIV	+	424208	425732	1524	1524	1717.0
YDL015C	chrIV	-	426001	426934	933	933	1219.0
YDL014W	chrIV	+	427363	428347	984	984	1348.0
YDL013W	chrIV	+	429066	430926	1860	1860	2135.0
YDL012C	chrIV	-	431107	431517	410	324	995.0
YDL010W	chrIV	+	432329	433025	696	696	1027.0
YDL009C	chrIV	-	432924	433248	324	324	574.0
YDL008W	chrIV	+	433496	433994	498	498	637.0
YDL007C-A	chrIV	-	436566	436824	258	258	508.0
YDL007W	chrIV	+	438046	439360	1314	1314	1453.0
YDL006W	chrIV	+	439908	440754	846	846	1336.0
YDL005C	chrIV	-	441013	442309	1296	1296	1576.0
YDL004W	chrIV	+	443028	443511	483	483	838.0
YDL003W	chrIV	+	444682	446383	1701	1701	1942.0
YDL002C	chrIV	-	446966	447578	612	612	1052.0
YDL001W	chrIV	+	447983	449276	1293	1293	1467.0
YDR001C	chrIV	-	450219	452475	2256	2256	2606.0
YDR002W	chrIV	+	453044	453650	606	606	841.0
YDR003W	chrIV	+	454121	454754	633	633	1012.0
YDR003W-A	chrIV	+	454781	454904	123	123	373.0
YDR004W	chrIV	+	455200	456583	1383	1383	1529.0
YDR005C	chrIV	-	456835	458103	1268	1188	1543.0
YDR006C	chrIV	-	458541	461247	2706	2706	2929.0
YDR007W	chrIV	+	461841	462516	675	675	1003.0
YDR009W	chrIV	+	463433	464996	1563	1563	1813.0
YDR010C	chrIV	-	465050	465383	333	333	583.0
YDR011W	chrIV	+	465918	470424	4506	4506	5007.0
YDR012W	chrIV	+	471852	472941	1089	1089	1198.0
YDR013W	chrIV	+	473156	473783	627	627	732.0
YDR014W	chrIV	+	474045	475989	1944	1944	2397.0
YDR014W-A	chrIV	+	477796	478285	489	489	739.0
YDR016C	chrIV	-	478473	478758	285	285	490.0
YDR017C	chrIV	-	479114	482267	3153	3153	3460.0
YDR018C	chrIV	-	482669	483860	1191	1191	1441.0
YDR019C	chrIV	-	484162	485365	1203	1203	1409.0
YDR020C	chrIV	-	485745	486444	699	699	1218.0
YDR021W	chrIV	+	486803	488003	1200	1200	1408.0
YDR022C	chrIV	-	488071	488662	591	591	736.0
YDR023W	chrIV	+	489507	490896	1389	1389	1544.0
YDR025W	chrIV	+	491514	492324	810	471	574.0
YDR026C	chrIV	-	492555	494268	1713	1713	2135.0
YDR027C	chrIV	-	494648	497318	2670	2670	2883.0
YDR028C	chrIV	-	497834	500879	3045	3045	3992.0
YDR029W	chrIV	+	501099	501414	315	315	565.0
YDR030C	chrIV	-	501752	503273	1521	1521	1771.0
YDR031W	chrIV	+	503497	503863	366	366	521.0
YDR032C	chrIV	-	504098	504695	597	597	909.0
YDR033W	chrIV	+	508146	509109	963	963	1691.0
YDR034C	chrIV	-	509736	512109	2373	2373	2809.0
YDR034C-A	chrIV	-	520515	520692	177	177	427.0
YDR034W-B	chrIV	+	521313	521469	156	156	406.0
YDR035W	chrIV	+	521815	522928	1113	1113	1412.0
YDR036C	chrIV	-	523210	524713	1503	1503	1709.0
YDR037W	chrIV	+	525439	527215	1776	1776	1896.0
YDR038C	chrIV	-	527421	530697	3276	3276	3600.0
YDR039C	chrIV	-	531306	534582	3276	3276	3574.0
YDR040C	chrIV	-	535191	538467	3276	3276	3398.0
YDR041W	chrIV	+	539802	540414	612	612	797.0
YDR042C	chrIV	-	540600	541203	603	603	853.0
YDR043C	chrIV	-	542673	543369	696	696	946.0
YDR044W	chrIV	+	546641	547628	987	987	1364.0
YDR045C	chrIV	-	547977	548310	333	333	785.0
YDR046C	chrIV	-	548761	550576	1815	1815	2126.0
YDR047W	chrIV	+	551859	552948	1089	1089	1666.0
YDR049W	chrIV	+	553253	555152	1899	1899	2135.0
YDR050C	chrIV	-	555725	556472	747	747	854.0
YDR051C	chrIV	-	557055	558060	1005	1005	1111.0
YDR052C	chrIV	-	558510	560625	2115	2115	2503.0
YDR054C	chrIV	-	561439	562327	888	888	1549.0
YDR055W	chrIV	+	563526	564861	1335	1335	1537.0
YDR056C	chrIV	-	565022	565640	618	618	834.0
YDR057W	chrIV	+	565926	567555	1629	1629	1744.0
YDR058C	chrIV	-	567722	568703	981	981	1167.0
YDR059C	chrIV	-	569233	569770	537	447	604.0
YDR060W	chrIV	+	570648	573726	3078	3078	3565.0
YDR061W	chrIV	+	574163	575783	1620	1620	1785.0
YDR062W	chrIV	+	576473	578159	1686	1686	2378.0
YDR063W	chrIV	+	578662	579112	450	450	690.0
YDR064W	chrIV	+	579457	580452	995	456	584.0
YDR065W	chrIV	+	580686	581784	1098	1098	1727.0
YDR066C	chrIV	-	581907	582498	591	591	836.0
YDR067C	chrIV	-	582790	583465	675	675	804.0
YDR068W	chrIV	+	583712	584645	933	933	1112.0
YDR069C	chrIV	-	584938	587719	2781	2781	3136.0
YDR070C	chrIV	-	588097	588379	282	282	532.0
YDR071C	chrIV	-	588826	589402	576	576	806.0
YDR072C	chrIV	-	589760	591344	1584	1584	1911.0
YDR073W	chrIV	+	592438	592948	510	510	986.0
YDR074W	chrIV	+	593892	596583	2691	2691	3191.0
YDR075W	chrIV	+	597155	598082	927	927	1293.0
YDR076W	chrIV	+	598467	599688	1221	1221	1527.0
YDR077W	chrIV	+	600792	601809	1017	1017	1357.0
YDR078C	chrIV	-	602197	602869	672	672	860.0
YDR079W	chrIV	+	603063	603399	336	336	660.0
YDR079C-A	chrIV	-	603592	603811	219	219	506.0
YDR080W	chrIV	+	604007	606986	2979	2979	3205.0
YDR081C	chrIV	-	607303	610081	2778	2778	2936.0
YDR082W	chrIV	+	610440	611925	1485	1485	1722.0
YDR083W	chrIV	+	612072	613251	1179	1179	1323.0
YDR084C	chrIV	-	613404	614004	600	600	941.0
YDR085C	chrIV	-	614287	616150	1863	1863	2060.0
YDR086C	chrIV	-	616927	617170	243	243	524.0
YDR087C	chrIV	-	617469	618306	837	837	1008.0
YDR088C	chrIV	-	618496	619645	1149	1149	1548.0
YDR089W	chrIV	+	622111	624721	2610	2610	2825.0
YDR090C	chrIV	-	625065	625998	933	933	1415.0
YDR091C	chrIV	-	626707	628534	1827	1827	2241.0
YDR092W	chrIV	+	629875	630605	730	462	629.0
YDR093W	chrIV	+	631281	636120	4839	4839	5165.0
YDR096W	chrIV	+	637138	639823	2685	2685	2898.0
YDR097C	chrIV	-	640108	643837	3729	3729	3883.0
YDR098C	chrIV	-	644177	644930	753	753	1030.0
YDR099W	chrIV	+	653606	654428	822	822	2104.0
YDR100W	chrIV	+	655012	655444	432	432	715.0
YDR101C	chrIV	-	655685	657467	1782	1782	1973.0
YDR102C	chrIV	-	657647	657980	333	333	583.0
YDR103W	chrIV	+	658349	661103	2754	2754	3502.0
YDR104C	chrIV	-	661172	664910	3738	3738	4008.0
YDR105C	chrIV	-	665348	666770	1422	1422	1602.0
YDR106W	chrIV	+	667003	667858	855	855	1105.0
YDR107C	chrIV	-	669015	671034	2019	2019	2207.0
YDR108W	chrIV	+	671268	673365	2097	2097	2265.0
YDR109C	chrIV	-	673519	675667	2148	2148	2515.0
YDR110W	chrIV	+	676101	677802	1701	1701	1961.0
YDR111C	chrIV	-	678240	679764	1524	1524	2087.0
YDR113C	chrIV	-	680495	681617	1122	1122	1372.0
YDR114C	chrIV	-	681923	682226	303	303	553.0
YDR115W	chrIV	+	682174	682492	318	318	573.0
YDR116C	chrIV	-	682723	683581	858	858	1015.0
YDR117C	chrIV	-	683945	685643	1698	1698	1875.0
YDR118W	chrIV	+	685881	687840	1959	1959	2316.0
YDR119W	chrIV	+	688226	690533	2307	2307	2448.0
YDR119W-A	chrIV	+	691013	691214	201	201	451.0
YDR120C	chrIV	-	691548	693261	1713	1713	1922.0
YDR121W	chrIV	+	693584	694175	591	591	837.0
YDR122W	chrIV	+	694699	697894	3195	3195	3679.0
YDR123C	chrIV	-	698553	699468	915	915	1616.0
YDR124W	chrIV	+	700314	701289	975	975	1225.0
YDR125C	chrIV	-	701396	702758	1362	1362	1612.0
YDR126W	chrIV	+	703233	704244	1011	1011	1261.0
YDR127W	chrIV	+	704483	709250	4767	4767	4982.0
YDR128W	chrIV	+	709548	712995	3447	3447	3770.0
YDR129C	chrIV	-	713339	715379	2040	1929	2135.0
YDR130C	chrIV	-	715746	716622	876	876	1169.0
YDR131C	chrIV	-	716789	718460	1671	1671	1854.0
YDR132C	chrIV	-	718815	720303	1488	1488	1724.0
YDR135C	chrIV	-	723003	727551	4548	4548	4708.0
YDR137W	chrIV	+	728258	730250	1992	1992	2234.0
YDR138W	chrIV	+	730577	732836	2259	2259	2946.0
YDR139C	chrIV	-	733617	733924	307	234	467.0
YDR140W	chrIV	+	734137	734803	666	666	842.0
YDR141C	chrIV	-	734900	739997	5097	5097	5347.0
YDR142C	chrIV	-	740472	741600	1128	1128	1402.0
YDR143C	chrIV	-	742041	743874	1833	1833	2154.0
YDR144C	chrIV	-	744310	746101	1791	1791	2061.0
YDR145W	chrIV	+	746737	748357	1620	1620	1893.0
YDR146C	chrIV	-	748612	750742	2130	2130	2498.0
YDR147W	chrIV	+	751630	753235	1605	1605	1707.0
YDR148C	chrIV	-	753674	755066	1392	1392	1914.0
YDR150W	chrIV	+	755627	763874	8247	8247	8307.0
YDR151C	chrIV	-	764177	765155	978	978	1340.0
YDR152W	chrIV	+	765705	766503	798	798	985.0
YDR153C	chrIV	-	766735	767971	1236	1236	1496.0
YDR155C	chrIV	-	768511	769000	489	489	659.0
YDR156W	chrIV	+	769524	769938	414	414	541.0
YDR157W	chrIV	+	769930	770332	402	402	652.0
YDR158W	chrIV	+	770356	771454	1098	1098	1299.0
YDR159W	chrIV	+	771876	775782	3906	3906	4073.0
YDR160W	chrIV	+	776162	778721	2559	2559	2804.0
YDR161W	chrIV	+	779042	780206	1164	1164	1407.0
YDR162C	chrIV	-	780389	781100	711	711	1054.0
YDR163W	chrIV	+	781422	781950	528	528	679.0
YDR164C	chrIV	-	782040	784215	2175	2175	2393.0
YDR165W	chrIV	+	784870	786205	1335	1335	1488.0
YDR166C	chrIV	-	786305	789221	2916	2916	3062.0
YDR167W	chrIV	+	789448	790069	621	621	750.0
YDR168W	chrIV	+	790327	791848	1521	1521	1757.0
YDR169C	chrIV	-	792347	793889	1542	1542	2302.0
YDR169C-A	chrIV	-	794573	794723	150	150	400.0
YDR170C	chrIV	-	796192	802222	6030	6030	6451.0
YDR171W	chrIV	+	806620	807748	1128	1128	1298.0
YDR172W	chrIV	+	808323	810381	2058	2058	2307.0
YDR173C	chrIV	-	810564	811632	1068	1068	1227.0
YDR174W	chrIV	+	812109	812850	741	741	991.0
YDR175C	chrIV	-	813192	814152	960	960	1175.0
YDR176W	chrIV	+	814451	816560	2109	2109	2262.0
YDR177W	chrIV	+	816877	817525	648	648	888.0
YDR178W	chrIV	+	817949	818495	546	546	843.0
YDR179C	chrIV	-	818707	819196	489	489	610.0
YDR179W-A	chrIV	+	819432	820824	1392	1392	1539.0
YDR180W	chrIV	+	821294	825776	4482	4482	4669.0
YDR181C	chrIV	-	825909	827355	1446	1446	1691.0
YDR182W	chrIV	+	827581	829057	1476	1476	1642.0
YDR182W-A	chrIV	+	829150	829354	204	204	454.0
YDR183W	chrIV	+	829584	830277	693	693	794.0
YDR184C	chrIV	-	830628	831513	885	885	1152.0
YDR185C	chrIV	-	831933	832473	540	540	844.0
YDR186C	chrIV	-	832858	835492	2634	2634	2853.0
YDR188W	chrIV	+	836420	838061	1641	1641	1876.0
YDR189W	chrIV	+	838391	840392	2001	2001	2176.0
YDR190C	chrIV	-	840603	841995	1392	1392	1662.0
YDR191W	chrIV	+	842336	843449	1113	1113	1363.0
YDR192C	chrIV	-	843568	844861	1293	1293	1452.0
YDR194C	chrIV	-	845951	847946	1995	1995	2170.0
YDR194W-A	chrIV	+	848070	848223	153	153	403.0
YDR195W	chrIV	+	848598	850200	1602	1602	1925.0
YDR196C	chrIV	-	850273	850999	726	726	931.0
YDR197W	chrIV	+	851227	852397	1170	1170	1434.0
YDR198C	chrIV	-	852532	853972	1440	1440	1637.0
YDR200C	chrIV	-	854278	856093	1815	1815	2012.0
YDR201W	chrIV	+	856316	856814	498	498	767.0
YDR202C	chrIV	-	856897	857953	1056	1056	1221.0
YDR204W	chrIV	+	858136	859144	1008	1008	1178.0
YDR205W	chrIV	+	859345	861520	2175	2175	2282.0
YDR206W	chrIV	+	862053	864708	2655	2655	3208.0
YDR207C	chrIV	-	865011	867522	2511	2511	2793.0
YDR208W	chrIV	+	868223	870563	2340	2340	2625.0
YDR209C	chrIV	-	871035	871449	414	414	664.0
YDR210W	chrIV	+	871073	871301	228	228	663.0
YDR211W	chrIV	+	884726	886865	2139	2139	2385.0
YDR212W	chrIV	+	887231	888911	1680	1680	1828.0
YDR213W	chrIV	+	889750	892492	2742	2742	3239.0
YDR214W	chrIV	+	892874	893927	1053	1053	1262.0
YDR215C	chrIV	-	894088	894502	414	414	664.0
YDR216W	chrIV	+	895034	899006	3972	3972	4222.0
YDR217C	chrIV	-	899550	903480	3930	3930	4036.0
YDR218C	chrIV	-	903780	905052	1272	1272	1522.0
YDR219C	chrIV	-	905454	906852	1398	1398	1597.0
YDR221W	chrIV	+	907329	909438	2109	2109	2653.0
YDR222W	chrIV	+	910053	911301	1248	1248	1435.0
YDR223W	chrIV	+	912098	913502	1404	1404	1654.0
YDR224C	chrIV	-	914316	914712	396	396	653.0
YDR225W	chrIV	+	915529	915928	399	399	630.0
YDR226W	chrIV	+	916485	917154	669	669	856.0
YDR227W	chrIV	+	917570	921647	4077	4077	4368.0
YDR228C	chrIV	-	921925	923806	1881	1881	2038.0
YDR229W	chrIV	+	924784	926146	1362	1362	1509.0
YDR231C	chrIV	-	926292	926910	618	618	870.0
YDR232W	chrIV	+	927451	929098	1647	1647	2111.0
YDR233C	chrIV	-	929469	930357	888	888	1105.0
YDR234W	chrIV	+	931128	933210	2082	2082	2366.0
YDR235W	chrIV	+	933503	935138	1635	1635	1749.0
YDR236C	chrIV	-	935235	935892	657	657	794.0
YDR237W	chrIV	+	936614	937493	879	879	1147.0
YDR238C	chrIV	-	937894	940816	2922	2922	3220.0
YDR239C	chrIV	-	941056	943420	2364	2364	2497.0
YDR240C	chrIV	-	943673	945152	1479	1479	1588.0
YDR242W	chrIV	+	946806	948456	1650	1650	1991.0
YDR243C	chrIV	-	948517	950284	1767	1767	1815.0
YDR244W	chrIV	+	950562	952401	1839	1839	2061.0
YDR245W	chrIV	+	952799	953981	1182	1182	1433.0
YDR246W	chrIV	+	954287	954947	660	660	877.0
YDR246W-A	chrIV	+	955132	955333	201	201	451.0
YDR247W	chrIV	+	956012	957398	1386	1386	2114.0
YDR248C	chrIV	-	957757	958339	582	582	744.0
YDR249C	chrIV	-	958680	959802	1122	1122	1240.0
YDR251W	chrIV	+	960613	963106	2493	2493	2977.0
YDR252W	chrIV	+	963411	963861	450	450	700.0
YDR253C	chrIV	-	963989	964565	576	576	859.0
YDR254W	chrIV	+	965112	966489	1377	1377	2012.0
YDR255C	chrIV	-	966556	967822	1266	1266	1577.0
YDR256C	chrIV	-	968132	969680	1548	1548	1798.0
YDR257C	chrIV	-	969989	971474	1485	1485	1793.0
YDR258C	chrIV	-	971807	974243	2436	2436	2615.0
YDR259C	chrIV	-	974630	975782	1152	1152	1402.0
YDR260C	chrIV	-	976716	977229	513	513	915.0
YDR261C	chrIV	-	977520	979209	1689	1689	1908.0
YDR262W	chrIV	+	993133	993952	819	819	1015.0
YDR263C	chrIV	-	994241	995534	1293	1293	1543.0
YDR264C	chrIV	-	996028	998323	2295	2295	2663.0
YDR265W	chrIV	+	998863	999877	1014	1014	1245.0
YDR266C	chrIV	-	1000103	1002023	1920	1920	2258.0
YDR267C	chrIV	-	1002509	1003502	993	993	1444.0
YDR268W	chrIV	+	1004003	1005143	1140	1140	1311.0
YDR270W	chrIV	+	1005674	1008689	3015	3015	3172.0
YDR272W	chrIV	+	1009009	1009834	825	825	1040.0
YDR273W	chrIV	+	1010175	1011273	1098	1098	1348.0
YDR274C	chrIV	-	1011588	1011960	372	372	622.0
YDR275W	chrIV	+	1012251	1012959	708	708	1662.0
YDR276C	chrIV	-	1013475	1013643	168	168	459.0
YDR277C	chrIV	-	1014400	1015702	1302	1302	1552.0
YDR279W	chrIV	+	1019367	1020420	1053	1053	1207.0
YDR280W	chrIV	+	1020746	1021664	918	918	1202.0
YDR281C	chrIV	-	1022006	1022321	315	315	669.0
YDR282C	chrIV	-	1023510	1024755	1245	1245	1456.0
YDR283C	chrIV	-	1025069	1030049	4980	4980	5335.0
YDR284C	chrIV	-	1030549	1031419	870	870	1246.0
YDR285W	chrIV	+	1032435	1035063	2628	2628	1269.0
YDR286C	chrIV	-	1035230	1035575	345	345	446.0
YDR287W	chrIV	+	1035994	1036873	879	879	1154.0
YDR288W	chrIV	+	1037194	1038106	912	912	1117.0
YDR289C	chrIV	-	1038279	1039509	1230	1230	1504.0
YDR291W	chrIV	+	1039727	1042961	3234	3234	3455.0
YDR292C	chrIV	-	1043145	1045011	1866	1866	2147.0
YDR293C	chrIV	-	1045639	1049392	3753	3753	4915.0
YDR294C	chrIV	-	1050458	1052228	1770	1770	1870.0
YDR295C	chrIV	-	1052622	1054647	2025	2025	2367.0
YDR296W	chrIV	+	1055211	1055892	681	681	864.0
YDR297W	chrIV	+	1056550	1057600	1050	1050	1390.0
YDR298C	chrIV	-	1058175	1058814	639	639	973.0
YDR299W	chrIV	+	1059626	1061231	1605	1605	1930.0
YDR300C	chrIV	-	1061504	1062791	1287	1287	1475.0
YDR301W	chrIV	+	1063351	1067425	4074	4074	4283.0
YDR302W	chrIV	+	1067730	1068390	660	660	776.0
YDR303C	chrIV	-	1068728	1071386	2658	2658	3082.0
YDR304C	chrIV	-	1071879	1072557	678	678	781.0
YDR305C	chrIV	-	1072745	1073488	743	654	697.0
YDR306C	chrIV	-	1073734	1075171	1437	1437	1587.0
YDR307W	chrIV	+	1075864	1077853	1989	1989	2196.0
YDR308C	chrIV	-	1078026	1078449	423	423	631.0
YDR309C	chrIV	-	1079047	1080199	1152	1152	1594.0
YDR310C	chrIV	-	1081127	1084316	3189	3189	3655.0
YDR311W	chrIV	+	1085064	1086993	1929	1929	2057.0
YDR312W	chrIV	+	1087580	1088942	1362	1362	1610.0
YDR313C	chrIV	-	1089218	1090079	861	861	1102.0
YDR314C	chrIV	-	1090432	1092511	2079	2079	2363.0
YDR315C	chrIV	-	1092740	1093586	846	846	922.0
YDR316W	chrIV	+	1093762	1095178	1416	1416	1499.0
YDR317W	chrIV	+	1102183	1103428	1245	1245	1495.0
YDR318W	chrIV	+	1103757	1104947	1190	1107	1288.0
YDR319C	chrIV	-	1105002	1105827	825	825	946.0
YDR320C	chrIV	-	1106094	1108101	2007	2007	2157.0
YDR320C-A	chrIV	-	1108279	1108498	219	219	321.0
YDR321W	chrIV	+	1108701	1109847	1146	1146	160.0
YDR322W	chrIV	+	1110588	1111692	1104	1104	1224.0
YDR322C-A	chrIV	-	1112002	1112293	291	291	538.0
YDR323C	chrIV	-	1112479	1114027	1548	1548	1827.0
YDR324C	chrIV	-	1114432	1116763	2331	2331	2500.0
YDR325W	chrIV	+	1117125	1120233	3108	3108	3181.0
YDR326C	chrIV	-	1120608	1124925	4317	4317	4638.0
YDR328C	chrIV	-	1125433	1126018	585	585	874.0
YDR329C	chrIV	-	1126269	1127595	1326	1326	1420.0
YDR330W	chrIV	+	1127871	1129374	1503	1503	1780.0
YDR331W	chrIV	+	1129587	1130823	1236	1236	1409.0
YDR332W	chrIV	+	1131000	1133070	2070	2070	2147.0
YDR333C	chrIV	-	1133259	1135431	2172	2172	2422.0
YDR334W	chrIV	+	1135931	1140476	4545	4545	4876.0
YDR335W	chrIV	+	1141167	1144842	3675	3675	4130.0
YDR336W	chrIV	+	1145091	1146036	945	945	1062.0
YDR337W	chrIV	+	1146318	1147179	861	861	1013.0
YDR338C	chrIV	-	1147378	1149466	2088	2088	2281.0
YDR339C	chrIV	-	1149950	1150520	570	570	758.0
YDR341C	chrIV	-	1151802	1153626	1824	1824	2058.0
YDR342C	chrIV	-	1154215	1155928	1713	1713	1963.0
YDR343C	chrIV	-	1159607	1161320	1713	1713	1963.0
YDR344C	chrIV	-	1162005	1162449	444	444	694.0
YDR345C	chrIV	-	1162956	1164660	1704	1704	1880.0
YDR346C	chrIV	-	1167213	1168659	1446	1446	1984.0
YDR347W	chrIV	+	1169177	1170143	966	966	1200.0
YDR348C	chrIV	-	1170325	1171825	1500	1500	1923.0
YDR349C	chrIV	-	1172385	1174176	1791	1791	2600.0
YDR350C	chrIV	-	1176119	1178174	2055	2055	2176.0
YDR351W	chrIV	+	1178665	1181260	2595	2595	2965.0
YDR352W	chrIV	+	1181800	1182754	954	954	1394.0
YDR353W	chrIV	+	1183298	1184258	960	960	1290.0
YDR354W	chrIV	+	1184746	1185889	1143	1143	1325.0
YDR356W	chrIV	+	1186106	1188941	2835	2835	3160.0
YDR357C	chrIV	-	1189198	1189567	369	369	607.0
YDR358W	chrIV	+	1190058	1191732	1674	1674	1882.0
YDR359C	chrIV	-	1191935	1194884	2949	2949	3435.0
YDR361C	chrIV	-	1195411	1196263	852	852	1129.0
YDR362C	chrIV	-	1196678	1198697	2019	2019	2322.0
YDR363W	chrIV	+	1199182	1200553	1371	1371	1798.0
YDR363W-A	chrIV	+	1202127	1202397	270	270	726.0
YDR364C	chrIV	-	1202842	1204210	1368	1368	1854.0
YDR365C	chrIV	-	1204496	1206383	1887	1887	2458.0
YDR366C	chrIV	-	1212437	1212836	399	399	649.0
YDR367W	chrIV	+	1212847	1213614	767	666	841.0
YDR368W	chrIV	+	1213903	1214842	939	939	1186.0
YDR369C	chrIV	-	1215015	1217580	2565	2565	2694.0
YDR370C	chrIV	-	1217781	1219110	1329	1329	1420.0
YDR371W	chrIV	+	1219412	1220948	1536	1536	1708.0
YDR372C	chrIV	-	1221111	1222149	1038	1038	1557.0
YDR373W	chrIV	+	1222758	1223331	573	573	771.0
YDR374C	chrIV	-	1223473	1224394	921	921	1171.0
YDR374W-A	chrIV	+	1224756	1225026	270	270	520.0
YDR375C	chrIV	-	1225165	1226536	1371	1371	1443.0
YDR376W	chrIV	+	1226821	1228303	1482	1482	1613.0
YDR377W	chrIV	+	1228610	1228916	306	306	785.0
YDR378C	chrIV	-	1229348	1229609	261	261	488.0
YDR379W	chrIV	+	1230166	1233196	3030	3030	3208.0
YDR379C-A	chrIV	-	1233277	1233517	240	240	390.0
YDR380W	chrIV	+	1234217	1236125	1908	1908	2150.0
YDR381W	chrIV	+	1236557	1238004	1447	681	1004.0
YDR381C-A	chrIV	-	1238311	1238850	539	345	464.0
YDR382W	chrIV	+	1239491	1239824	333	333	559.0
YDR383C	chrIV	-	1239959	1240676	717	717	794.0
YDR384C	chrIV	-	1241203	1242031	828	828	1118.0
YDR385W	chrIV	+	1243229	1245758	2529	2529	2798.0
YDR386W	chrIV	+	1246083	1247982	1899	1899	2016.0
YDR387C	chrIV	-	1248153	1249821	1668	1668	1934.0
YDR388W	chrIV	+	1250185	1251634	1449	1449	1621.0
YDR389W	chrIV	+	1252536	1254501	1965	1965	2961.0
YDR390C	chrIV	-	1254936	1256847	1911	1911	2018.0
YDR391C	chrIV	-	1257357	1258056	699	699	787.0
YDR392W	chrIV	+	1258695	1259709	1014	1014	1262.0
YDR393W	chrIV	+	1259900	1261271	1371	1371	1559.0
YDR394W	chrIV	+	1261680	1262967	1287	1287	1473.0
YDR395W	chrIV	+	1263323	1266158	2835	2835	3137.0
YDR397C	chrIV	-	1266365	1266898	533	441	666.0
YDR398W	chrIV	+	1267470	1269402	1932	1932	2127.0
YDR399W	chrIV	+	1270067	1270733	666	666	848.0
YDR400W	chrIV	+	1271062	1272085	1023	1023	1263.0
YDR402C	chrIV	-	1272233	1273703	1470	1470	1720.0
YDR403W	chrIV	+	1274601	1276212	1611	1611	1861.0
YDR404C	chrIV	-	1276653	1277169	516	516	871.0
YDR405W	chrIV	+	1277645	1278437	792	792	986.0
YDR406W	chrIV	+	1279209	1283799	4590	4590	3816.0
YDR407C	chrIV	-	1284068	1287938	3870	3870	4045.0
YDR408C	chrIV	-	1288214	1288859	645	645	890.0
YDR409W	chrIV	+	1289405	1292120	2715	2715	2989.0
YDR410C	chrIV	-	1292371	1293091	720	720	920.0
YDR411C	chrIV	-	1293368	1294394	1026	1026	1140.0
YDR412W	chrIV	+	1294692	1295400	708	708	927.0
YDR414C	chrIV	-	1295597	1296686	1089	1089	1423.0
YDR415C	chrIV	-	1297036	1298161	1125	1125	1478.0
YDR416W	chrIV	+	1298431	1301011	2580	2580	2694.0
YDR418W	chrIV	+	1301615	1302113	498	498	629.0
YDR419W	chrIV	+	1303173	1305072	1899	1899	2283.0
YDR420W	chrIV	+	1306266	1311675	5409	5409	5594.0
YDR421W	chrIV	+	1312039	1314892	2853	2853	2961.0
YDR422C	chrIV	-	1315325	1317773	2448	2448	2863.0
YDR423C	chrIV	-	1318045	1319275	1230	1230	1252.0
YDR424C	chrIV	-	1319386	1319841	455	279	379.0
YDR425W	chrIV	+	1320063	1321941	1878	1878	2027.0
YDR427W	chrIV	+	1322204	1323386	1182	1182	1324.0
YDR428C	chrIV	-	1323453	1324239	786	786	921.0
YDR429C	chrIV	-	1324476	1325301	825	825	987.0
YDR430C	chrIV	-	1325500	1328470	2970	2970	3132.0
YDR432W	chrIV	+	1328782	1330027	1245	1245	1679.0
YDR434W	chrIV	+	1331236	1332841	1605	1605	1810.0
YDR435C	chrIV	-	1332982	1333969	987	987	1180.0
YDR436W	chrIV	+	1334820	1336953	2133	2133	2534.0
YDR437W	chrIV	+	1337351	1337774	423	423	741.0
YDR438W	chrIV	+	1338273	1339386	1113	1113	1363.0
YDR439W	chrIV	+	1339675	1340719	1044	1044	1296.0
YDR440W	chrIV	+	1342492	1344241	1749	1749	1923.0
YDR441C	chrIV	-	1344516	1345062	546	546	972.0
YDR443C	chrIV	-	1345675	1349938	4263	4263	4681.0
YDR444W	chrIV	+	1350289	1352353	2064	2064	2194.0
YDR446W	chrIV	+	1353724	1354633	909	909	1159.0
YDR447C	chrIV	-	1354828	1355553	725	411	670.0
YDR448W	chrIV	+	1356064	1357369	1305	1305	1630.0
YDR449C	chrIV	-	1357579	1358902	1323	1323	1542.0
YDR450W	chrIV	+	1359922	1360798	876	441	585.0
YDR451C	chrIV	-	1361119	1362181	1062	1062	1332.0
YDR452W	chrIV	+	1362877	1364902	2025	2025	2363.0
YDR453C	chrIV	-	1365071	1365662	591	591	402.0
YDR454C	chrIV	-	1366263	1366827	564	564	731.0
YDR456W	chrIV	+	1367484	1369386	1902	1902	2051.0
YDR457W	chrIV	+	1369789	1379596	9807	9807	10012.0
YDR458C	chrIV	-	1380054	1382046	1992	1992	2286.0
YDR459C	chrIV	-	1382318	1383443	1125	1125	1388.0
YDR460W	chrIV	+	1383810	1384776	966	966	1222.0
YDR461W	chrIV	+	1385175	1385286	111	111	333.0
YDR461C-A	chrIV	-	1385523	1385766	243	243	429.0
YDR462W	chrIV	+	1386072	1386516	444	444	621.0
YDR463W	chrIV	+	1386815	1388375	1560	1560	1786.0
YDR464W	chrIV	+	1388871	1393179	4308	4308	4489.0
YDR465C	chrIV	-	1393335	1394574	1239	1239	1464.0
YDR466W	chrIV	+	1395120	1397817	2697	2697	3075.0
YDR468C	chrIV	-	1398025	1398700	675	675	1031.0
YDR469W	chrIV	+	1399014	1399542	528	528	823.0
YDR470C	chrIV	-	1399705	1401214	1509	1509	1772.0
YDR471W	chrIV	+	1401769	1402564	795	411	550.0
YDR472W	chrIV	+	1403321	1404173	852	852	1286.0
YDR473C	chrIV	-	1404444	1405854	1410	1410	1550.0
YDR475C	chrIV	-	1407463	1410094	2631	2631	2827.0
YDR476C	chrIV	-	1410452	1411127	675	675	903.0
YDR477W	chrIV	+	1412372	1414274	1902	1902	2331.0
YDR478W	chrIV	+	1414574	1415171	597	597	686.0
YDR479C	chrIV	-	1415209	1416874	1665	1665	1797.0
YDR480W	chrIV	+	1417398	1418370	972	972	1191.0
YDR481C	chrIV	-	1418549	1420250	1701	1701	1864.0
YDR482C	chrIV	-	1420430	1420838	408	408	666.0
YDR483W	chrIV	+	1421156	1422485	1329	1329	1498.0
YDR484W	chrIV	+	1422762	1424688	1926	1926	2028.0
YDR485C	chrIV	-	1424819	1427207	2388	2388	2579.0
YDR486C	chrIV	-	1427430	1428120	690	690	885.0
YDR487C	chrIV	-	1428353	1428980	627	627	801.0
YDR488C	chrIV	-	1429187	1430789	1602	1602	2520.0
YDR489W	chrIV	+	1431011	1431896	885	885	1317.0
YDR490C	chrIV	-	1431967	1434268	2301	2301	2550.0
YDR492W	chrIV	+	1434923	1435874	951	951	1274.0
YDR493W	chrIV	+	1436216	1436588	372	372	562.0
YDR494W	chrIV	+	1436929	1438015	1086	1086	1191.0
YDR495C	chrIV	-	1438114	1441150	3036	3036	3250.0
YDR496C	chrIV	-	1441432	1443403	1971	1971	2252.0
YDR497C	chrIV	-	1443712	1445467	1755	1755	1940.0
YDR498C	chrIV	-	1445842	1446994	1152	1152	1268.0
YDR499W	chrIV	+	1447829	1450073	2244	2244	2388.0
YDR500C	chrIV	-	1450197	1450853	656	267	377.0
YDR501W	chrIV	+	1451352	1452918	1566	1566	1816.0
YDR502C	chrIV	-	1453309	1454464	1155	1155	1492.0
YDR503C	chrIV	-	1455041	1455866	825	825	1099.0
YDR504C	chrIV	-	1456310	1456694	384	384	634.0
YDR505C	chrIV	-	1456694	1459220	2526	2526	3418.0
YDR506C	chrIV	-	1459727	1461554	1827	1827	2269.0
YDR507C	chrIV	-	1462357	1465786	3429	3429	3790.0
YDR508C	chrIV	-	1466452	1468444	1992	1992	2292.0
YDR510W	chrIV	+	1469399	1469705	306	306	582.0
YDR511W	chrIV	+	1470016	1470418	402	402	498.0
YDR512C	chrIV	-	1470499	1471063	564	564	406.0
YDR513W	chrIV	+	1471016	1471448	432	432	578.0
YDR514C	chrIV	-	1471547	1472999	1452	1452	1609.0
YDR515W	chrIV	+	1473428	1474772	1344	1344	1648.0
YDR516C	chrIV	-	1474973	1476476	1503	1503	1677.0
YDR517W	chrIV	+	1477238	1478357	1119	1119	1407.0
YDR518W	chrIV	+	1478607	1480161	1554	1554	1640.0
YDR519W	chrIV	+	1480424	1480832	408	408	729.0
YDR520C	chrIV	-	1481084	1483403	2319	2319	2573.0
YDR522C	chrIV	-	1483794	1485303	1509	1509	1759.0
YDR523C	chrIV	-	1485565	1487038	1473	1473	1723.0
YDR524C	chrIV	-	1487541	1488990	1449	1449	1825.0
YDR524W-C	chrIV	+	1489402	1489492	90	90	340.0
YDR524C-B	chrIV	-	1489597	1489798	201	201	583.0
YDR525W	chrIV	+	1489904	1490234	330	330	580.0
YDR525W-A	chrIV	+	1490595	1490835	240	240	500.0
YDR527W	chrIV	+	1491093	1492413	1320	1320	1522.0
YDR528W	chrIV	+	1494585	1495857	1272	1272	1713.0
YDR529C	chrIV	-	1496164	1496548	384	384	646.0
YDR530C	chrIV	-	1496790	1497768	978	978	1275.0
YDR531W	chrIV	+	1498231	1499335	1104	1104	1289.0
YDR532C	chrIV	-	1499395	1500553	1158	1158	1226.0
YDR533C	chrIV	-	1501446	1502160	714	714	817.0
YDR534C	chrIV	-	1503313	1504900	1587	1587	1837.0
YDR536W	chrIV	+	1508004	1509714	1710	1710	1960.0
YDR538W	chrIV	+	1510901	1511630	729	729	1865.0
YDR539W	chrIV	+	1512093	1513605	1512	1512	1958.0
YDR540C	chrIV	-	1517135	1517675	540	540	790.0
YDR541C	chrIV	-	1519663	1520698	1035	1035	1498.0
YDR542W	chrIV	+	1523248	1523611	363	363	613.0
YDR545W	chrIV	+	1526320	1531711	5391	5391	3149.0
YEL077C	chrV	-	263	4097	3834	3834	4084.0
YEL076C-A	chrV	-	4184	5114	930	651	901.0
YEL076C	chrV	-	4463	5114	651	651	901.0
YEL075C	chrV	-	5344	5713	369	369	619.0
YEL073C	chrV	-	7229	7553	324	324	574.0
YEL072W	chrV	+	13719	14415	696	696	953.0
YEL071W	chrV	+	16354	17845	1491	1491	1657.0
YEL070W	chrV	+	19588	21097	1509	1509	1759.0
YEL069C	chrV	-	21536	23231	1695	1695	1945.0
YEL068C	chrV	-	25645	25978	333	333	593.0
YEL067C	chrV	-	26188	26776	588	588	838.0
YEL066W	chrV	+	26720	27206	486	486	575.0
YEL065W	chrV	+	27656	29543	1887	1887	1984.0
YEL064C	chrV	-	29796	31239	1443	1443	1804.0
YEL063C	chrV	-	31693	33466	1773	1773	2331.0
YEL062W	chrV	+	34406	36254	1848	1848	2000.0
YEL061C	chrV	-	36534	39537	3003	3003	3351.0
YEL060C	chrV	-	40045	41953	1908	1908	2301.0
YEL059C-A	chrV	-	42399	42624	225	225	475.0
YEL059W	chrV	+	42651	42960	309	309	559.0
YEL058W	chrV	+	43251	44925	1674	1674	1928.0
YEL057C	chrV	-	45019	45721	702	702	952.0
YEL056W	chrV	+	47167	48373	1206	1206	1419.0
YEL055C	chrV	-	48470	51539	3069	3069	3337.0
YEL054C	chrV	-	52720	53218	498	498	765.0
YEL053C	chrV	-	53900	56102	2202	2202	2380.0
YEL052W	chrV	+	56570	58100	1530	1530	1654.0
YEL051W	chrV	+	58377	59148	771	771	954.0
YEL050C	chrV	-	59669	60851	1182	1182	1429.0
YEL049W	chrV	+	63727	64090	363	363	613.0
YEL048C	chrV	-	64708	65167	459	459	1051.0
YEL047C	chrV	-	65384	66797	1413	1413	1507.0
YEL046C	chrV	-	67628	68792	1164	1164	1847.0
YEL044W	chrV	+	69756	70257	501	501	1333.0
YEL043W	chrV	+	70477	73348	2871	2871	3055.0
YEL042W	chrV	+	73770	75327	1557	1557	1916.0
YEL041W	chrV	+	75943	77431	1488	1488	1738.0
YEL040W	chrV	+	78052	79456	1404	1404	1592.0
YEL039C	chrV	-	79635	79977	342	342	592.0
YEL038W	chrV	+	80461	81145	684	684	915.0
YEL037C	chrV	-	81406	82603	1197	1197	1604.0
YEL036C	chrV	-	83049	84552	1503	1503	1728.0
YEL035C	chrV	-	85044	85545	501	501	751.0
YEL034W	chrV	+	85675	86149	474	474	745.0
YEL033W	chrV	+	86178	86598	420	420	670.0
YEL032W	chrV	+	86936	89852	2916	2916	3219.0
YEL031W	chrV	+	90257	93905	3648	3648	3818.0
YEL030W	chrV	+	94643	96578	1935	1935	529.0
YEL029C	chrV	-	96857	97796	939	939	1401.0
YEL028W	chrV	+	98667	99129	462	462	712.0
YEL027W	chrV	+	100768	101251	483	483	799.0
YEL026W	chrV	+	101942	102323	381	381	585.0
YEL025C	chrV	-	102580	106147	3567	3567	3871.0
YEL024W	chrV	+	107259	107907	648	648	1360.0
YEL023C	chrV	-	108503	110552	2049	2049	2299.0
YEL022W	chrV	+	111420	115800	4380	4380	4551.0
YEL020W-A	chrV	+	117210	117474	264	264	456.0
YEL020C	chrV	-	118616	120299	1683	1683	1933.0
YEL019C	chrV	-	120497	121301	804	804	1054.0
YEL018W	chrV	+	121470	122310	840	840	1003.0
YEL017C-A	chrV	-	122797	122929	132	132	638.0
YEL017W	chrV	+	123656	124670	1014	1014	1578.0
YEL016C	chrV	-	124736	126218	1482	1482	1869.0
YEL015W	chrV	+	126628	128284	1656	1656	1859.0
YEL014C	chrV	-	128302	128608	306	306	556.0
YEL013W	chrV	+	128824	130561	1737	1737	2451.0
YEL012W	chrV	+	131771	132551	780	657	911.0
YEL011W	chrV	+	133119	135234	2115	2115	1363.0
YEL009C-A	chrV	-	136370	136778	408	408	658.0
YEL009C	chrV	-	138917	139763	846	846	1516.0
YEL008W	chrV	+	140511	140892	381	381	631.0
YEL007W	chrV	+	141891	143892	2001	2001	2424.0
YEL006W	chrV	+	144326	145334	1008	1008	1437.0
YEL005C	chrV	-	145906	146755	849	849	984.0
YEL004W	chrV	+	146950	147979	1029	1029	1830.0
YEL003W	chrV	+	148175	148599	424	336	479.0
YEL002C	chrV	-	148721	150014	1293	1293	1515.0
YEL001C	chrV	-	150300	150978	678	678	812.0
YER001W	chrV	+	153519	155808	2289	2289	2620.0
YER002W	chrV	+	156802	157498	696	696	839.0
YER003C	chrV	-	157735	159118	1383	1290	1559.0
YER004W	chrV	+	159579	160275	696	696	958.0
YER005W	chrV	+	160549	162442	1893	1893	2231.0
YER006W	chrV	+	162722	164285	1563	1563	1696.0
YER007W	chrV	+	164526	166083	1557	1557	1678.0
YER007C-A	chrV	-	166236	166885	649	546	766.0
YER008C	chrV	-	167807	171818	4011	4011	4152.0
YER009W	chrV	+	172114	172492	378	378	615.0
YER010C	chrV	-	172633	173338	705	705	850.0
YER011W	chrV	+	175247	176012	765	765	973.0
YER012W	chrV	+	177834	178431	597	597	805.0
YER013W	chrV	+	178840	182278	3438	3438	3557.0
YER014W	chrV	+	182599	184219	1620	1620	1785.0
YER014C-A	chrV	-	183730	184700	970	462	712.0
YER015W	chrV	+	184540	186775	2235	2235	2466.0
YER016W	chrV	+	188276	189311	1035	1035	1234.0
YER017C	chrV	-	189502	191788	2286	2286	2536.0
YER018C	chrV	-	191958	192624	666	666	828.0
YER019W	chrV	+	192796	194230	1434	1434	1910.0
YER019C-A	chrV	-	194272	194539	267	267	387.0
YER020W	chrV	+	195167	196517	1350	1350	1758.0
YER021W	chrV	+	196947	198519	1572	1572	1758.0
YER022W	chrV	+	198811	200875	2064	2064	2198.0
YER023W	chrV	+	201075	201936	861	861	1104.0
YER024W	chrV	+	202191	204963	2772	2772	3022.0
YER025W	chrV	+	205250	206834	1584	1584	1889.0
YER026C	chrV	-	207643	208474	831	831	1029.0
YER027C	chrV	-	208978	210232	1254	1254	1621.0
YER028C	chrV	-	210691	211876	1185	1185	1309.0
YER029C	chrV	-	212586	213177	591	591	769.0
YER030W	chrV	+	213436	213898	462	462	694.0
YER031C	chrV	-	214075	214747	672	672	895.0
YER032W	chrV	+	215062	217693	2631	2631	2941.0
YER033C	chrV	-	218056	221287	3231	3231	3481.0
YER034W	chrV	+	221845	222403	558	558	825.0
YER035W	chrV	+	222638	223076	438	438	689.0
YER036C	chrV	-	223366	225199	1833	1833	1969.0
YER037W	chrV	+	225888	226854	966	966	1216.0
YER038C	chrV	-	226857	228252	1395	1395	1651.0
YER038W-A	chrV	+	228450	228831	381	381	631.0
YER039C	chrV	-	228455	229205	750	750	1000.0
YER039C-A	chrV	-	229262	229481	219	219	469.0
YER040W	chrV	+	229794	231987	2193	2193	2540.0
YER041W	chrV	+	232460	234740	2280	2280	2507.0
YER042W	chrV	+	234936	235491	555	555	830.0
YER043C	chrV	-	235769	237119	1350	1350	1652.0
YER044C	chrV	-	237569	238016	447	447	703.0
YER044C-A	chrV	-	238459	239774	1315	1227	1477.0
YER045C	chrV	-	240031	241501	1470	1470	1843.0
YER046W	chrV	+	243179	243611	432	432	588.0
YER047C	chrV	-	243809	246503	2694	2694	3003.0
YER048C	chrV	-	246981	248157	1176	1176	1426.0
YER048W-A	chrV	+	250717	251002	285	285	725.0
YER049W	chrV	+	251727	253662	1935	1935	2135.0
YER050C	chrV	-	253970	254387	417	417	638.0
YER051W	chrV	+	254655	256134	1479	1479	1710.0
YER052C	chrV	-	256374	257958	1584	1584	1863.0
YER053C	chrV	-	258736	259639	903	903	1274.0
YER053C-A	chrV	-	260932	261046	114	114	364.0
YER054C	chrV	-	262051	263698	1647	1647	1897.0
YER055C	chrV	-	264891	265785	894	894	1052.0
YER056C	chrV	-	266511	268113	1602	1602	1808.0
YER056C-A	chrV	-	269422	270185	763	366	453.0
YER057C	chrV	-	270736	271126	390	390	554.0
YER058W	chrV	+	271767	272091	324	324	574.0
YER059W	chrV	+	272623	273886	1263	1263	1496.0
YER060W	chrV	+	274566	276153	1587	1587	2079.0
YER060W-A	chrV	+	276571	278164	1593	1593	1843.0
YER061C	chrV	-	278297	279626	1329	1329	1384.0
YER062C	chrV	-	279929	280682	753	753	1078.0
YER063W	chrV	+	281709	282366	657	657	952.0
YER064C	chrV	-	282704	284222	1518	1518	1850.0
YER065C	chrV	-	285240	286914	1674	1674	2122.0
YER066W	chrV	+	290241	290799	558	558	808.0
YER067W	chrV	+	292065	292551	486	486	575.0
YER068W	chrV	+	293049	294813	1764	1764	1970.0
YER069W	chrV	+	295409	298001	2592	2592	2719.0
YER070W	chrV	+	298949	301616	2667	2667	2959.0
YER071C	chrV	-	301946	302327	381	381	630.0
YER072W	chrV	+	302805	303195	390	390	606.0
YER073W	chrV	+	304029	305592	1563	1563	1914.0
YER074W	chrV	+	306322	307196	874	408	588.0
YER074W-A	chrV	+	307652	308123	471	258	555.0
YER075C	chrV	-	308412	311199	2787	2787	3050.0
YER076C	chrV	-	312589	313498	909	909	1210.0
YER077C	chrV	-	314533	316600	2067	2067	2093.0
YER078C	chrV	-	316806	318342	1536	1536	1850.0
YER078W-A	chrV	+	318645	318810	165	165	415.0
YER079W	chrV	+	318919	319552	633	633	883.0
YER080W	chrV	+	319962	321846	1884	1884	2070.0
YER081W	chrV	+	322685	324095	1410	1410	1660.0
YER082C	chrV	-	324271	325936	1665	1665	1834.0
YER083C	chrV	-	326173	327031	858	858	914.0
YER084W	chrV	+	327064	327451	387	387	637.0
YER085C	chrV	-	327618	328140	522	522	772.0
YER086W	chrV	+	328476	330207	1731	1731	1979.0
YER087W	chrV	+	330575	332306	1731	1731	1894.0
YER087C-B	chrV	-	332581	332830	249	249	497.0
YER088C	chrV	-	333175	335188	2013	2013	2270.0
YER089C	chrV	-	335945	337340	1395	1395	2391.0
YER090W	chrV	+	337948	339472	1524	1524	1764.0
YER091C	chrV	-	339863	342167	2304	2304	2599.0
YER092W	chrV	+	342854	343232	378	378	672.0
YER093C	chrV	-	343319	347612	4293	4293	4433.0
YER093C-A	chrV	-	347911	348400	489	414	565.0
YER094C	chrV	-	348728	349346	618	618	862.0
YER095W	chrV	+	349979	351182	1203	1203	1492.0
YER096W	chrV	+	351697	353236	1539	1539	1789.0
YER098W	chrV	+	355465	357730	2265	2265	2515.0
YER099C	chrV	-	358104	359061	957	957	1307.0
YER100W	chrV	+	359561	360314	753	753	1126.0
YER101C	chrV	-	360501	361794	1293	1293	1466.0
YER102W	chrV	+	363099	363702	603	603	853.0
YER103W	chrV	+	364588	366517	1929	1929	2235.0
YER104W	chrV	+	366801	367428	627	627	877.0
YER105C	chrV	-	367837	372013	4176	4176	4449.0
YER106W	chrV	+	372325	373234	909	909	1159.0
YER107C	chrV	-	373447	374545	1098	1098	1412.0
YER110C	chrV	-	378761	382103	3342	3342	3606.0
YER111C	chrV	-	382594	385876	3282	3282	3761.0
YER112W	chrV	+	387231	387795	564	564	745.0
YER113C	chrV	-	387931	390052	2121	2121	2392.0
YER114C	chrV	-	390589	393712	3123	3123	3763.0
YER115C	chrV	-	394291	394867	576	576	826.0
YER116C	chrV	-	395347	396172	825	825	1174.0
YER117W	chrV	+	396768	397653	885	414	589.0
YER118C	chrV	-	397951	399055	1104	1104	1570.0
YER119C	chrV	-	399495	400842	1347	1347	1462.0
YER120W	chrV	+	401134	401869	735	735	997.0
YER121W	chrV	+	402374	402719	345	345	595.0
YER122C	chrV	-	402870	404352	1482	1482	1716.0
YER123W	chrV	+	404812	406387	1575	1575	2186.0
YER124C	chrV	-	407341	409063	1722	1722	2145.0
YER125W	chrV	+	410188	412618	2430	2430	3327.0
YER126C	chrV	-	413393	414179	786	786	1311.0
YER127W	chrV	+	414480	415554	1074	1074	1214.0
YER128W	chrV	+	415858	416470	612	612	786.0
YER129W	chrV	+	417280	420709	3429	3429	4205.0
YER130C	chrV	-	421114	422446	1332	1332	1681.0
YER131W	chrV	+	423951	424311	360	360	1506.0
YER132C	chrV	-	425187	430449	5262	5262	5394.0
YER133W	chrV	+	432494	433958	1464	939	1435.0
YER134C	chrV	-	437266	437803	537	537	787.0
YER135C	chrV	-	437951	438344	393	393	848.0
YER136W	chrV	+	439615	440971	1356	1356	1817.0
YER137C	chrV	-	441372	441819	447	447	623.0
YER138W-A	chrV	+	449473	449578	105	105	588.0
YER139C	chrV	-	450562	451243	681	681	1510.0
YER140W	chrV	+	451564	453235	1671	1671	1961.0
YER141W	chrV	+	453458	454919	1461	1461	1745.0
YER142C	chrV	-	455145	456036	891	891	1108.0
YER143W	chrV	+	456318	457605	1287	1287	1547.0
YER144C	chrV	-	457805	460223	2418	2418	2542.0
YER145C	chrV	-	460525	461740	1215	1215	1414.0
YER145C-A	chrV	-	462385	462823	438	438	688.0
YER146W	chrV	+	462584	462866	282	282	408.0
YER147C	chrV	-	462967	464842	1875	1875	2047.0
YER148W	chrV	+	465302	466025	723	723	1105.0
YER149C	chrV	-	466207	467470	1263	1263	1418.0
YER150W	chrV	+	468369	468816	447	447	1256.0
YER151C	chrV	-	469685	472424	2739	2739	2901.0
YER152C	chrV	-	472656	473988	1332	1332	1415.0
YER153C	chrV	-	474040	474805	765	765	1014.0
YER154W	chrV	+	475019	476228	1209	1209	2016.0
YER155C	chrV	-	476344	482848	6504	6504	6670.0
YER156C	chrV	-	483324	484341	1017	1017	1147.0
YER157W	chrV	+	484787	487193	2406	2406	2510.0
YER158C	chrV	-	488856	490578	1722	1722	2045.0
YER159C	chrV	-	491529	491958	429	429	747.0
YER161C	chrV	-	499346	500348	1002	1002	1346.0
YER162C	chrV	-	500629	502894	2265	2265	2413.0
YER163C	chrV	-	503083	503782	699	699	839.0
YER164W	chrV	+	505391	509798	4407	4407	4826.0
YER165W	chrV	+	510372	512106	1734	1734	2059.0
YER166W	chrV	+	512743	517459	4716	4716	5239.0
YER167W	chrV	+	518215	520771	2556	2556	3003.0
YER168C	chrV	-	521028	522669	1641	1641	1787.0
YER169W	chrV	+	523368	525759	2391	2391	2875.0
YER170W	chrV	+	525973	526651	678	678	1067.0
YER171W	chrV	+	527081	529418	2337	2337	2558.0
YER172C	chrV	-	529529	536021	6492	6492	6673.0
YER173W	chrV	+	536299	538279	1980	1980	2154.0
YER174C	chrV	-	538433	539168	735	735	959.0
YER175C	chrV	-	539463	540363	900	900	1152.0
YER175W-A	chrV	+	540649	540814	165	165	415.0
YER176W	chrV	+	541689	545055	3366	3366	3522.0
YER177W	chrV	+	545610	546414	804	804	1094.0
YER178W	chrV	+	546816	548079	1263	1263	1422.0
YER179W	chrV	+	548420	549517	1097	1005	1255.0
YER180C	chrV	-	549723	550527	804	804	1054.0
YER180C-A	chrV	-	550864	551122	258	258	555.0
YER181C	chrV	-	551472	551796	324	324	574.0
YER182W	chrV	+	552524	553259	735	735	855.0
YER183C	chrV	-	553333	553969	636	636	719.0
YER184C	chrV	-	556295	558680	2385	2385	3025.0
YER185W	chrV	+	559453	560365	912	912	1162.0
YER186C	chrV	-	561704	562625	921	921	1336.0
YER187W	chrV	+	566229	566655	426	426	676.0
YER188W	chrV	+	568039	568759	720	720	970.0
YER188C-A	chrV	-	569607	569907	300	300	550.0
YER189W	chrV	+	571154	571523	369	369	619.0
YER190W	chrV	+	571479	576525	5046	5046	5296.0
YER190C-B	chrV	-	575679	576162	483	483	733.0
YFL068W	chrVI	+	52	535	483	483	733.0
YFL067W	chrVI	+	835	1363	528	528	778.0
YFL066C	chrVI	-	1436	2615	1179	1179	1429.0
YFL065C	chrVI	-	3029	3338	309	309	559.0
YFL064C	chrVI	-	3321	3846	525	525	775.0
YFL062W	chrVI	+	6425	7565	1140	1140	1390.0
YFL061W	chrVI	+	9544	10222	678	678	928.0
YFL060C	chrVI	-	10300	10969	669	669	919.0
YFL059W	chrVI	+	11362	12259	897	897	1147.0
YFL058W	chrVI	+	12928	13951	1023	1023	1273.0
YFL055W	chrVI	+	17003	18680	1677	1677	1927.0
YFL054C	chrVI	-	20846	22787	1941	1941	2054.0
YFL053W	chrVI	+	23422	25198	1776	1776	2026.0
YFL052W	chrVI	+	28231	29629	1398	1398	1648.0
YFL051C	chrVI	-	30057	30540	483	483	733.0
YFL050C	chrVI	-	33271	35848	2577	2577	3611.0
YFL049W	chrVI	+	36802	38674	1872	1872	2023.0
YFL048C	chrVI	-	38842	40180	1338	1338	1529.0
YFL047W	chrVI	+	40420	42565	2145	2145	2253.0
YFL046W	chrVI	+	42814	43438	624	624	796.0
YFL045C	chrVI	-	43627	44392	765	765	998.0
YFL044C	chrVI	-	44654	45560	906	906	1204.0
YFL042C	chrVI	-	45719	47744	2025	2025	2148.0
YFL041W-A	chrVI	+	48733	48925	192	192	1108.0
YFL041W	chrVI	+	49138	51007	1869	1869	2065.0
YFL040W	chrVI	+	51349	52972	1623	1623	1873.0
YFL039C	chrVI	-	53259	54696	1437	1128	1537.0
YFL038C	chrVI	-	55365	55986	621	621	1574.0
YFL037W	chrVI	+	56335	57709	1374	1374	1664.0
YFL036W	chrVI	+	58781	62837	4056	4056	4404.0
YFL034C-B	chrVI	-	63015	63993	978	864	1091.0
YFL034C-A	chrVI	-	64242	64932	690	369	497.0
YFL034W	chrVI	+	65476	68698	3222	3222	3528.0
YFL033C	chrVI	-	69114	74427	5313	5313	5536.0
YFL031W	chrVI	+	75178	76147	969	717	1181.0
YFL030W	chrVI	+	76830	77988	1158	1158	1380.0
YFL029C	chrVI	-	78054	79161	1107	1107	1196.0
YFL028C	chrVI	-	79343	80213	870	870	966.0
YFL027C	chrVI	-	80418	81912	1494	1494	1644.0
YFL026W	chrVI	+	82579	83875	1296	1296	1617.0
YFL025C	chrVI	-	84144	87234	3090	3090	3344.0
YFL024C	chrVI	-	87846	90345	2499	2499	3180.0
YFL023W	chrVI	+	90985	93376	2391	2391	2484.0
YFL022C	chrVI	-	93498	95010	1512	1512	1673.0
YFL021W	chrVI	+	95965	97498	1533	1533	1624.0
YFL020C	chrVI	-	99230	99599	369	369	619.0
YFL019C	chrVI	-	100251	100605	354	354	604.0
YFL018C	chrVI	-	101627	103127	1500	1500	1666.0
YFL017W-A	chrVI	+	103698	103932	234	234	339.0
YFL017C	chrVI	-	103982	104462	480	480	710.0
YFL015C	chrVI	-	106468	106963	495	495	745.0
YFL014W	chrVI	+	107255	107585	330	330	580.0
YFL013C	chrVI	-	107851	109930	2079	2079	2193.0
YFL012W	chrVI	+	110646	111093	447	447	697.0
YFL011W	chrVI	+	112344	113985	1641	1641	1891.0
YFL010W-A	chrVI	+	114989	115274	285	285	535.0
YFL010C	chrVI	-	115107	115743	636	636	827.0
YFL009W	chrVI	+	116144	118484	2340	2340	2617.0
YFL008W	chrVI	+	119428	123106	3678	3678	3813.0
YFL007W	chrVI	+	123478	129910	6432	6432	6632.0
YFL005W	chrVI	+	130333	130981	648	648	1052.0
YFL004W	chrVI	+	131809	134296	2487	2487	2859.0
YFL003C	chrVI	-	134520	137157	2637	2637	2887.0
YFL002C	chrVI	-	145113	146934	1821	1821	2011.0
YFL001W	chrVI	+	147130	148459	1329	1329	1403.0
YFR001W	chrVI	+	149109	149724	615	615	737.0
YFR002W	chrVI	+	150015	152535	2520	2520	2624.0
YFR003C	chrVI	-	152656	153124	468	468	735.0
YFR004W	chrVI	+	153392	154313	921	921	1050.0
YFR005C	chrVI	-	154526	155873	1347	1347	1625.0
YFR006W	chrVI	+	156144	157752	1608	1608	1693.0
YFR007W	chrVI	+	159298	160360	1062	1062	1118.0
YFR008W	chrVI	+	160534	161200	666	666	1154.0
YFR009W	chrVI	+	162487	164746	2259	2259	2525.0
YFR010W	chrVI	+	165066	166566	1500	1500	1673.0
YFR011C	chrVI	-	166745	167258	513	513	698.0
YFR012W	chrVI	+	167887	168496	609	609	859.0
YFR012W-A	chrVI	+	169223	169310	87	87	337.0
YFR013W	chrVI	+	169921	172285	2364	2364	2578.0
YFR014C	chrVI	-	172536	173877	1341	1341	1572.0
YFR015C	chrVI	-	174264	176391	2127	2127	2377.0
YFR016C	chrVI	-	177041	180743	3702	3702	3847.0
YFR017C	chrVI	-	182273	182861	588	588	838.0
YFR018C	chrVI	-	183130	184222	1092	1092	1314.0
YFR019W	chrVI	+	184501	191338	6837	6837	6883.0
YFR020W	chrVI	+	192736	193435	699	699	1563.0
YFR021W	chrVI	+	194811	196314	1503	1503	1715.0
YFR022W	chrVI	+	196832	199034	2202	2202	2651.0
YFR023W	chrVI	+	199873	201709	1836	1836	2086.0
YFR024C-A	chrVI	-	201959	203433	1474	1380	1677.0
YFR025C	chrVI	-	203742	204750	1008	1008	1162.0
YFR026C	chrVI	-	205747	206257	510	510	760.0
YFR027W	chrVI	+	207451	208297	846	846	1096.0
YFR028C	chrVI	-	208412	210068	1656	1656	1769.0
YFR029W	chrVI	+	210936	212973	2037	2037	2148.0
YFR030W	chrVI	+	213311	216419	3108	3108	3219.0
YFR031C	chrVI	-	216593	220106	3513	3513	3599.0
YFR031C-A	chrVI	-	220506	221418	912	765	948.0
YFR032C	chrVI	-	222089	222959	870	870	1120.0
YFR032C-A	chrVI	-	223257	223437	180	180	632.0
YFR032C-B	chrVI	-	223709	223973	264	264	632.0
YFR033C	chrVI	-	224325	224769	444	444	706.0
YFR034C	chrVI	-	225019	225958	939	939	1812.0
YFR035C	chrVI	-	226120	226465	345	345	595.0
YFR035W-A	chrVI	+	226259	226550	291	291	541.0
YFR036W	chrVI	+	226962	227337	375	375	521.0
YFR037C	chrVI	-	227512	229186	1674	1674	1880.0
YFR038W	chrVI	+	229379	231941	2562	2562	2648.0
YFR039C	chrVI	-	232011	233544	1533	1533	1717.0
YFR040W	chrVI	+	234241	237250	3009	3009	3424.0
YFR041C	chrVI	-	237367	238255	888	888	1054.0
YFR042W	chrVI	+	238457	239060	603	603	743.0
YFR043C	chrVI	-	239113	239827	714	714	785.0
YFR044C	chrVI	-	239991	241437	1446	1446	1638.0
YFR045W	chrVI	+	241997	242999	1002	930	1028.0
YFR046C	chrVI	-	243073	244159	1086	1086	1319.0
YFR047C	chrVI	-	244278	245166	888	888	1001.0
YFR048W	chrVI	+	246145	248134	1989	1989	2092.0
YFR049W	chrVI	+	248522	248894	372	372	682.0
YFR050C	chrVI	-	249065	249866	801	801	985.0
YFR051C	chrVI	-	250162	251803	1641	1641	1767.0
YFR052W	chrVI	+	252504	253329	825	825	1056.0
YFR053C	chrVI	-	253591	255049	1458	1458	1708.0
YFR054C	chrVI	-	258854	259433	579	579	829.0
YFR055W	chrVI	+	264203	265226	1023	1023	1544.0
YFR057W	chrVI	+	269060	269516	456	456	706.0
YGL263W	chrVII	+	2789	3932	1143	1143	1393.0
YGL262W	chrVII	+	5311	5839	528	528	778.0
YGL261C	chrVII	-	6289	6652	363	363	613.0
YGL260W	chrVII	+	6859	7090	231	231	481.0
YGL259W	chrVII	+	8469	8967	498	498	748.0
YGL258W-A	chrVII	+	9161	9395	234	234	484.0
YGL258W	chrVII	+	11109	11730	621	621	871.0
YGL257C	chrVII	-	12480	14157	1677	1677	1979.0
YGL256W	chrVII	+	15158	16307	1149	1149	2054.0
YGL255W	chrVII	+	20977	22108	1131	1131	1274.0
YGL254W	chrVII	+	22303	23203	900	900	1657.0
YGL253W	chrVII	+	23934	25395	1461	1461	1700.0
YGL252C	chrVII	-	25717	27484	1767	1767	1912.0
YGL251C	chrVII	-	27920	31636	3716	3564	2555.0
YGL250W	chrVII	+	31909	32635	726	726	960.0
YGL249W	chrVII	+	33097	35212	2115	2115	2365.0
YGL248W	chrVII	+	35652	36762	1110	1110	1315.0
YGL247W	chrVII	+	36932	37526	594	594	694.0
YGL246C	chrVII	-	37616	38780	1164	1164	1383.0
YGL245W	chrVII	+	39022	41149	2127	2127	2227.0
YGL244W	chrVII	+	41497	43174	1677	1677	1825.0
YGL243W	chrVII	+	43306	44509	1203	1203	1318.0
YGL242C	chrVII	-	44651	45197	546	546	807.0
YGL241W	chrVII	+	45444	48459	3015	3015	3204.0
YGL240W	chrVII	+	48612	49365	753	753	108.0
YGL238W	chrVII	+	49551	52434	2883	2883	2980.0
YGL237C	chrVII	-	52730	53528	798	798	1072.0
YGL236C	chrVII	-	53786	55796	2010	2010	2093.0
YGL235W	chrVII	+	55278	55815	537	537	787.0
YGL234W	chrVII	+	56481	58890	2409	2409	2609.0
YGL233W	chrVII	+	59121	61854	2733	2733	2947.0
YGL232W	chrVII	+	62074	63002	928	870	951.0
YGL231C	chrVII	-	63047	63620	573	573	658.0
YGL230C	chrVII	-	63771	64215	444	444	694.0
YGL229C	chrVII	-	64502	66959	2457	2457	2955.0
YGL228W	chrVII	+	67597	69331	1734	1734	1928.0
YGL227W	chrVII	+	69670	72547	2877	2877	3148.0
YGL226C-A	chrVII	-	72748	73158	410	261	742.0
YGL226W	chrVII	+	73339	73711	372	372	466.0
YGL225W	chrVII	+	76893	77907	1014	1014	1227.0
YGL224C	chrVII	-	78014	78857	843	843	1053.0
YGL223C	chrVII	-	79111	80365	1254	1254	1439.0
YGL222C	chrVII	-	80658	81186	528	528	738.0
YGL221C	chrVII	-	81425	82292	867	867	979.0
YGL220W	chrVII	+	82373	82736	363	363	472.0
YGL219C	chrVII	-	82877	84257	1380	1380	1505.0
YGL216W	chrVII	+	84884	87302	2418	2418	2729.0
YGL215W	chrVII	+	87980	89339	1359	1359	2406.0
YGL213C	chrVII	-	90053	91247	1194	1194	1417.0
YGL212W	chrVII	+	91431	92382	951	951	1185.0
YGL211W	chrVII	+	92511	93591	1080	1080	1793.0
YGL210W	chrVII	+	93791	94460	669	669	849.0
YGL209W	chrVII	+	95857	97006	1149	1149	1302.0
YGL208W	chrVII	+	97337	98585	1248	1248	1436.0
YGL207W	chrVII	+	98968	102076	3108	3108	3466.0
YGL206C	chrVII	-	102542	107504	4962	4962	5340.0
YGL205W	chrVII	+	108157	110404	2247	2247	2497.0
YGL204C	chrVII	-	111699	112005	306	306	918.0
YGL203C	chrVII	-	112474	114664	2190	2190	2406.0
YGL202W	chrVII	+	116058	117561	1503	1503	1763.0
YGL201C	chrVII	-	117853	120907	3054	3054	3445.0
YGL200C	chrVII	-	122693	123305	612	612	780.0
YGL198W	chrVII	+	123590	124298	708	708	764.0
YGL197W	chrVII	+	124697	129161	4464	4464	4753.0
YGL196W	chrVII	+	129882	131169	1287	1287	1558.0
YGL195W	chrVII	+	131524	139543	8019	8019	8835.0
YGL194C-A	chrVII	-	139718	139961	243	243	622.0
YGL194C	chrVII	-	140367	141726	1359	1359	1544.0
YGL193C	chrVII	-	141915	142227	312	312	562.0
YGL192W	chrVII	+	142245	144048	1803	1803	2053.0
YGL191W	chrVII	+	144807	145197	390	390	737.0
YGL190C	chrVII	-	145808	147389	1581	1581	2587.0
YGL189C	chrVII	-	148228	148588	360	360	610.0
YGL188C-A	chrVII	-	148823	148964	141	141	841.0
YGL187C	chrVII	-	149703	150171	468	468	1266.0
YGL186C	chrVII	-	151036	152776	1740	1740	1921.0
YGL185C	chrVII	-	153166	154306	1140	1140	1269.0
YGL184C	chrVII	-	154614	156012	1398	1398	1648.0
YGL183C	chrVII	-	156542	157285	743	660	910.0
YGL181W	chrVII	+	157905	159096	1191	1191	1380.0
YGL180W	chrVII	+	160064	162758	2694	2694	3617.0
YGL179C	chrVII	-	163408	165091	1683	1683	1883.0
YGL178W	chrVII	+	167351	170571	3220	2580	3407.0
YGL176C	chrVII	-	171414	173079	1665	1665	1830.0
YGL175C	chrVII	-	173284	174322	1038	1038	1288.0
YGL174W	chrVII	+	174544	175345	801	801	985.0
YGL173C	chrVII	-	175526	180113	4587	4587	5149.0
YGL172W	chrVII	+	180699	182118	1419	1419	1540.0
YGL171W	chrVII	+	182389	184084	1695	1695	1890.0
YGL170C	chrVII	-	184152	185394	1242	1242	1492.0
YGL169W	chrVII	+	186058	187339	1281	1281	1599.0
YGL168W	chrVII	+	187463	187796	333	333	583.0
YGL167C	chrVII	-	187615	190468	2853	2853	3494.0
YGL166W	chrVII	+	191128	191806	678	678	889.0
YGL164C	chrVII	-	191977	193300	1323	1323	1474.0
YGL163C	chrVII	-	193706	196403	2697	2697	2955.0
YGL162W	chrVII	+	198137	199037	900	900	1185.0
YGL161C	chrVII	-	199209	200142	933	933	1184.0
YGL160W	chrVII	+	200560	202273	1713	1713	1964.0
YGL159W	chrVII	+	202720	203833	1113	1113	1367.0
YGL158W	chrVII	+	207032	208571	1539	1539	1789.0
YGL157W	chrVII	+	209005	210049	1044	1044	1244.0
YGL156W	chrVII	+	210415	213667	3252	3252	3502.0
YGL155W	chrVII	+	214080	215211	1131	1131	1635.0
YGL154C	chrVII	-	215277	216096	819	819	849.0
YGL153W	chrVII	+	216272	217298	1026	1026	1127.0
YGL151W	chrVII	+	217523	220922	3399	3399	3541.0
YGL150C	chrVII	-	221103	225573	4470	4470	4942.0
YGL149W	chrVII	+	225571	225877	306	306	556.0
YGL148W	chrVII	+	226398	227529	1131	1131	1341.0
YGL147C	chrVII	-	227753	228329	576	576	701.0
YGL146C	chrVII	-	228750	229686	936	936	1186.0
YGL145W	chrVII	+	230242	232348	2106	2106	2307.0
YGL144C	chrVII	-	232449	234507	2058	2058	2157.0
YGL143C	chrVII	-	234716	235958	1242	1242	1411.0
YGL142C	chrVII	-	236268	238119	1851	1851	2029.0
YGL141W	chrVII	+	238352	241085	2733	2733	2882.0
YGL140C	chrVII	-	241352	245012	3660	3660	4126.0
YGL139W	chrVII	+	245715	248124	2409	2409	3053.0
YGL138C	chrVII	-	248493	249531	1038	1038	1288.0
YGL137W	chrVII	+	249868	252738	2870	2670	3054.0
YGL136C	chrVII	-	252896	253859	963	963	1144.0
YGL135W	chrVII	+	254640	255294	654	654	811.0
YGL134W	chrVII	+	255662	256964	1302	1302	1495.0
YGL133W	chrVII	+	257706	261501	3795	3795	4067.0
YGL131C	chrVII	-	261647	265859	4212	4212	4536.0
YGL130W	chrVII	+	266144	267524	1380	1380	1608.0
YGL129C	chrVII	-	267722	269075	1353	1353	1559.0
YGL128C	chrVII	-	269292	270144	852	852	1043.0
YGL127C	chrVII	-	270391	270775	384	384	559.0
YGL126W	chrVII	+	270996	272139	1143	1143	1470.0
YGL125W	chrVII	+	272519	274322	1803	1803	2385.0
YGL124C	chrVII	-	274779	276714	1935	1935	2081.0
YGL123W	chrVII	+	277616	278381	765	765	951.0
YGL122C	chrVII	-	278945	280523	1578	1578	1865.0
YGL121C	chrVII	-	280776	281157	381	381	631.0
YGL120C	chrVII	-	281633	283937	2304	2304	2477.0
YGL119W	chrVII	+	284441	285947	1506	1506	1604.0
YGL118C	chrVII	-	288013	288451	438	438	688.0
YGL117W	chrVII	+	288511	289309	798	798	991.0
YGL116W	chrVII	+	289808	291641	1833	1833	2069.0
YGL115W	chrVII	+	292032	293001	969	969	1199.0
YGL114W	chrVII	+	293459	295637	2178	2178	2513.0
YGL113W	chrVII	+	295931	297938	2007	2007	2340.0
YGL112C	chrVII	-	298177	299728	1551	1551	1733.0
YGL111W	chrVII	+	299977	301369	1392	1392	1641.0
YGL110C	chrVII	-	301536	303411	1875	1875	2051.0
YGL108C	chrVII	-	303648	304071	423	423	712.0
YGL107C	chrVII	-	304332	306273	1941	1941	2122.0
YGL106W	chrVII	+	306559	307009	450	450	742.0
YGL105W	chrVII	+	307436	308567	1131	1131	1296.0
YGL104C	chrVII	-	308712	310173	1461	1461	1711.0
YGL103W	chrVII	+	310966	311927	961	450	552.0
YGL101W	chrVII	+	312192	312840	648	648	937.0
YGL100W	chrVII	+	313233	314283	1050	1050	1248.0
YGL099W	chrVII	+	314630	316553	1923	1923	2032.0
YGL098W	chrVII	+	317341	318079	738	738	1757.0
YGL097W	chrVII	+	321781	323230	1449	1449	1658.0
YGL096W	chrVII	+	325330	326161	831	831	1126.0
YGL095C	chrVII	-	328873	330607	1734	1734	1904.0
YGL094C	chrVII	-	331117	334465	3348	3348	3672.0
YGL093W	chrVII	+	334885	337639	2754	2754	2830.0
YGL092W	chrVII	+	337905	341859	3954	3954	4227.0
YGL091C	chrVII	-	342055	343042	987	987	1246.0
YGL090W	chrVII	+	343318	344584	1266	1266	2087.0
YGL089C	chrVII	-	344790	345153	363	363	613.0
YGL088W	chrVII	+	345835	346201	366	366	438.0
YGL087C	chrVII	-	346405	346904	499	414	589.0
YGL086W	chrVII	+	347118	349368	2250	2250	2312.0
YGL085W	chrVII	+	349615	350440	825	825	1032.0
YGL084C	chrVII	-	350615	352298	1683	1683	1806.0
YGL083W	chrVII	+	353057	355472	2415	2415	2625.0
YGL082W	chrVII	+	355826	356972	1146	1146	1427.0
YGL081W	chrVII	+	357376	358339	963	963	1213.0
YGL080W	chrVII	+	358635	359028	393	393	739.0
YGL079W	chrVII	+	359443	360100	657	657	825.0
YGL078C	chrVII	-	360287	361859	1572	1572	1844.0
YGL077C	chrVII	-	362224	363916	1692	1692	1942.0
YGL076C	chrVII	-	364334	365996	1662	735	866.0
YGL075C	chrVII	-	366924	368088	1164	1164	1508.0
YGL073W	chrVII	+	368752	371254	2502	2502	2866.0
YGL071W	chrVII	+	372011	374084	2073	2073	2733.0
YGL070C	chrVII	-	374458	374827	369	369	721.0
YGL068W	chrVII	+	375086	375671	585	585	861.0
YGL067W	chrVII	+	376100	377255	1155	1155	1349.0
YGL066W	chrVII	+	377608	379582	1974	1974	2410.0
YGL065C	chrVII	-	379759	381271	1512	1512	1606.0
YGL064C	chrVII	-	381522	383208	1686	1686	1760.0
YGL063W	chrVII	+	383653	384766	1113	1113	1766.0
YGL062W	chrVII	+	385195	388732	3537	3537	3719.0
YGL061C	chrVII	-	388967	389711	744	744	920.0
YGL060W	chrVII	+	390064	391990	1926	1926	2132.0
YGL059W	chrVII	+	392222	393698	1476	1476	1565.0
YGL058W	chrVII	+	393985	394504	519	519	1000.0
YGL057C	chrVII	-	394965	395829	864	864	1031.0
YGL056C	chrVII	-	396034	397618	1584	1584	1867.0
YGL055W	chrVII	+	398627	400160	1533	1533	1877.0
YGL054C	chrVII	-	400870	401287	417	417	843.0
YGL053W	chrVII	+	402588	403302	714	714	1606.0
YGL051W	chrVII	+	403686	404391	705	705	955.0
YGL050W	chrVII	+	405775	406597	822	822	1081.0
YGL049C	chrVII	-	406859	409604	2745	2745	3073.0
YGL048C	chrVII	-	410068	411286	1218	1218	1380.0
YGL047W	chrVII	+	411551	412160	609	609	713.0
YGL045W	chrVII	+	414101	415730	1629	1629	2188.0
YGL044C	chrVII	-	416145	417036	891	891	1385.0
YGL043W	chrVII	+	417482	418412	930	930	1223.0
YGL041C-B	chrVII	-	418703	418886	183	183	433.0
YGL041W-A	chrVII	+	418824	419289	465	465	694.0
YGL040C	chrVII	-	419526	420555	1029	1029	1358.0
YGL039W	chrVII	+	423960	425007	1047	1047	1310.0
YGL038C	chrVII	-	425361	426804	1443	1443	1857.0
YGL037C	chrVII	-	427296	427947	651	651	903.0
YGL036W	chrVII	+	428600	431330	2730	2730	2904.0
YGL035C	chrVII	-	431547	433062	1515	1515	1859.0
YGL034C	chrVII	-	433213	433579	366	366	616.0
YGL033W	chrVII	+	435624	436401	777	645	895.0
YGL032C	chrVII	-	436569	436833	264	264	407.0
YGL031C	chrVII	-	437466	437934	468	468	1079.0
YGL030W	chrVII	+	439090	439638	548	318	475.0
YGL029W	chrVII	+	440062	440425	363	363	605.0
YGL028C	chrVII	-	441280	442909	1629	1629	2356.0
YGL027C	chrVII	-	443641	446143	2502	2502	2633.0
YGL026C	chrVII	-	446411	448535	2124	2124	2281.0
YGL025C	chrVII	-	448763	449957	1194	1194	1295.0
YGL023C	chrVII	-	450196	452104	1908	1908	2074.0
YGL022W	chrVII	+	452403	454560	2157	2157	2409.0
YGL021W	chrVII	+	454784	457067	2283	2283	2364.0
YGL020C	chrVII	-	457162	457870	708	708	837.0
YGL019W	chrVII	+	458155	458992	837	837	1017.0
YGL018C	chrVII	-	459109	459664	555	555	837.0
YGL017W	chrVII	+	459853	461365	1512	1512	1682.0
YGL016W	chrVII	+	461665	464911	3246	3246	3473.0
YGL015C	chrVII	-	465042	465435	393	393	643.0
YGL014W	chrVII	+	466140	468807	2667	2667	3165.0
YGL013C	chrVII	-	469091	472298	3207	3207	3437.0
YGL012W	chrVII	+	472854	474276	1422	1422	1573.0
YGL011C	chrVII	-	474488	475247	759	759	978.0
YGL010W	chrVII	+	475544	476069	525	525	745.0
YGL009C	chrVII	-	476312	478652	2340	2340	2576.0
YGL008C	chrVII	-	479909	482666	2757	2757	3508.0
YGL007C-A	chrVII	-	482940	483027	87	87	337.0
YGL007W	chrVII	+	483259	483637	378	378	628.0
YGL006W-A	chrVII	+	485422	485533	111	111	295.0
YGL006W	chrVII	+	485920	489442	3522	3522	3904.0
YGL005C	chrVII	-	489707	490547	840	840	1092.0
YGL004C	chrVII	-	490702	491956	1254	1254	1302.0
YGL003C	chrVII	-	492473	494174	1701	1701	2045.0
YGL002W	chrVII	+	494516	495167	651	651	1025.0
YGL001C	chrVII	-	495452	496502	1050	1050	1344.0
YGR001C	chrVII	-	497132	498034	902	747	842.0
YGR002C	chrVII	-	498475	499906	1431	1431	1721.0
YGR003W	chrVII	+	500131	502366	2235	2235	2563.0
YGR004W	chrVII	+	502937	504326	1389	1389	1713.0
YGR005C	chrVII	-	504656	505859	1203	1203	1364.0
YGR006W	chrVII	+	506069	506825	756	756	1016.0
YGR007W	chrVII	+	506968	507940	972	972	1222.0
YGR008C	chrVII	-	508109	508364	255	255	596.0
YGR009C	chrVII	-	509046	511002	1956	1956	2138.0
YGR010W	chrVII	+	511544	512732	1188	1188	1577.0
YGR012W	chrVII	+	513158	514340	1182	1182	1293.0
YGR013W	chrVII	+	514553	516416	1863	1863	2142.0
YGR014W	chrVII	+	516942	520863	3921	3921	4304.0
YGR015C	chrVII	-	521089	522076	987	987	1234.0
YGR016W	chrVII	+	522260	522833	573	573	842.0
YGR016C-A	chrVII	-	523245	523353	108	108	358.0
YGR017W	chrVII	+	523786	524680	894	894	1167.0
YGR018C	chrVII	-	524364	524694	330	330	580.0
YGR019W	chrVII	+	525228	526644	1416	1416	1546.0
YGR020C	chrVII	-	526972	527329	357	357	575.0
YGR021W	chrVII	+	527631	528504	873	873	991.0
YGR023W	chrVII	+	529263	530919	1656	1656	1906.0
YGR024C	chrVII	-	531882	532596	714	714	837.0
YGR025W	chrVII	+	532638	532941	303	303	354.0
YGR026W	chrVII	+	532984	533821	837	837	1145.0
YGR027C	chrVII	-	534131	534458	327	327	858.0
YGR028W	chrVII	+	542202	543291	1089	1089	1436.0
YGR029W	chrVII	+	543552	544205	653	570	799.0
YGR030C	chrVII	-	545680	546157	477	477	727.0
YGR031W	chrVII	+	546440	547469	1029	1029	1664.0
YGR031C-A	chrVII	-	546808	547300	492	492	742.0
YGR032W	chrVII	+	548263	553951	5688	5688	5771.0
YGR033C	chrVII	-	554247	554967	720	720	1170.0
YGR034W	chrVII	+	555811	556672	861	384	562.0
YGR035C	chrVII	-	557071	557422	351	351	600.0
YGR035W-A	chrVII	+	557564	557786	222	222	472.0
YGR036C	chrVII	-	558148	558868	720	720	1541.0
YGR037C	chrVII	-	559730	559994	264	264	530.0
YGR038W	chrVII	+	560681	561350	669	669	1181.0
YGR039W	chrVII	+	574887	575199	312	312	520.0
YGR040W	chrVII	+	575397	576504	1107	1107	1928.0
YGR041W	chrVII	+	577486	579130	1644	1644	2117.0
YGR042W	chrVII	+	579475	580291	816	816	993.0
YGR043C	chrVII	-	580434	581436	1002	1002	1252.0
YGR044C	chrVII	-	582989	583892	903	903	1243.0
YGR045C	chrVII	-	583933	584296	363	363	613.0
YGR046W	chrVII	+	584894	586052	1158	1158	1612.0
YGR047C	chrVII	-	586391	589469	3078	3078	3214.0
YGR048W	chrVII	+	589825	590911	1086	1086	1226.0
YGR049W	chrVII	+	591313	591877	564	564	964.0
YGR050C	chrVII	-	592085	592442	357	357	607.0
YGR052W	chrVII	+	593595	594705	1110	1110	1360.0
YGR053C	chrVII	-	594985	595837	852	852	1102.0
YGR054W	chrVII	+	596692	598621	1929	1929	2308.0
YGR055W	chrVII	+	599416	601141	1725	1725	1905.0
YGR056W	chrVII	+	601660	604447	2787	2787	2966.0
YGR057C	chrVII	-	604772	605501	729	729	1139.0
YGR058W	chrVII	+	606135	607143	1008	1008	1326.0
YGR059W	chrVII	+	607562	609101	1539	1539	1789.0
YGR060W	chrVII	+	610563	611493	930	930	1315.0
YGR061C	chrVII	-	611888	615965	4077	4077	4299.0
YGR062C	chrVII	-	616327	617278	951	951	1201.0
YGR063C	chrVII	-	617515	617824	309	309	458.0
YGR065C	chrVII	-	618076	619858	1782	1782	1987.0
YGR066C	chrVII	-	620920	621799	879	879	1129.0
YGR067C	chrVII	-	622371	624786	2415	2415	2665.0
YGR068C	chrVII	-	625323	627084	1761	1761	2200.0
YGR070W	chrVII	+	627805	631273	3468	3468	3718.0
YGR071C	chrVII	-	631480	634063	2583	2583	2839.0
YGR072W	chrVII	+	634303	635467	1164	1164	1327.0
YGR074W	chrVII	+	635711	636152	441	441	753.0
YGR075C	chrVII	-	636146	636875	729	729	1018.0
YGR076C	chrVII	-	637103	637577	474	474	623.0
YGR077C	chrVII	-	637743	639513	1770	1770	1894.0
YGR078C	chrVII	-	639771	640371	600	600	776.0
YGR079W	chrVII	+	640719	641832	1113	1113	1120.0
YGR080W	chrVII	+	642009	643008	999	999	1163.0
YGR081C	chrVII	-	643147	643780	633	633	855.0
YGR082W	chrVII	+	644043	644595	552	552	747.0
YGR083C	chrVII	-	644859	646815	1956	1956	2151.0
YGR084C	chrVII	-	647122	648142	1020	1020	1035.0
YGR085C	chrVII	-	648382	648907	525	525	635.0
YGR086C	chrVII	-	649597	650617	1020	1020	1472.0
YGR087C	chrVII	-	651289	652981	1692	1692	1942.0
YGR088W	chrVII	+	654633	656322	1689	1689	1766.0
YGR089W	chrVII	+	656959	659770	2811	2811	3208.0
YGR090W	chrVII	+	662357	666071	3714	3714	4095.0
YGR091W	chrVII	+	666340	667825	1485	1485	1723.0
YGR092W	chrVII	+	668188	669907	1719	1719	1986.0
YGR093W	chrVII	+	670387	671911	1524	1524	1738.0
YGR094W	chrVII	+	672185	675500	3315	3315	3399.0
YGR095C	chrVII	-	675670	676342	672	672	966.0
YGR096W	chrVII	+	676620	677565	945	945	1195.0
YGR097W	chrVII	+	678694	682135	3441	3441	3784.0
YGR098C	chrVII	-	682565	687458	4893	4893	5305.0
YGR099W	chrVII	+	687898	689965	2067	2067	2231.0
YGR100W	chrVII	+	690244	693097	2853	2853	3242.0
YGR101W	chrVII	+	693362	694403	1041	1041	1204.0
YGR102C	chrVII	-	694583	695135	552	552	732.0
YGR103W	chrVII	+	695416	697234	1818	1818	2021.0
YGR104C	chrVII	-	697444	698368	924	924	1159.0
YGR105W	chrVII	+	698598	698832	234	234	460.0
YGR106C	chrVII	-	698988	699786	798	798	959.0
YGR108W	chrVII	+	703635	705051	1416	1416	1812.0
YGR109C	chrVII	-	705358	706501	1143	1143	1393.0
YGR110W	chrVII	+	713708	715046	1338	1338	1588.0
YGR111W	chrVII	+	715827	717030	1203	1203	1705.0
YGR112W	chrVII	+	717357	718527	1170	1170	1392.0
YGR113W	chrVII	+	718892	719924	1032	1032	1420.0
YGR116W	chrVII	+	720408	724764	4356	4356	4625.0
YGR117C	chrVII	-	725048	726479	1431	1431	1751.0
YGR118W	chrVII	+	726973	727730	757	438	634.0
YGR119C	chrVII	-	728045	729671	1626	1626	1878.0
YGR120C	chrVII	-	730032	730821	789	789	1017.0
YGR121C	chrVII	-	731448	732927	1479	1479	1631.0
YGR121W-A	chrVII	+	733411	733627	216	216	466.0
YGR122W	chrVII	+	733934	735143	1209	1209	1733.0
YGR123C	chrVII	-	736661	738203	1542	1542	1814.0
YGR124W	chrVII	+	739943	741662	1719	1719	2053.0
YGR125W	chrVII	+	742324	745435	3111	3111	3341.0
YGR126W	chrVII	+	745834	746527	693	693	1054.0
YGR127W	chrVII	+	746797	747736	939	939	1189.0
YGR128C	chrVII	-	747949	750091	2142	2142	2313.0
YGR129W	chrVII	+	750399	751047	648	648	740.0
YGR130C	chrVII	-	751393	753844	2451	2451	2733.0
YGR131W	chrVII	+	754725	755250	525	525	775.0
YGR132C	chrVII	-	755588	756452	864	864	1252.0
YGR133W	chrVII	+	756895	757447	552	552	745.0
YGR134W	chrVII	+	757769	761138	3369	3369	3684.0
YGR135W	chrVII	+	761391	762168	777	777	972.0
YGR136W	chrVII	+	762427	763153	726	726	997.0
YGR138C	chrVII	-	763761	765606	1845	1845	2233.0
YGR140W	chrVII	+	767428	770299	2871	2871	2885.0
YGR141W	chrVII	+	770568	771972	1404	1404	1520.0
YGR142W	chrVII	+	772453	773686	1233	1233	1484.0
YGR143W	chrVII	+	775192	777508	2316	2316	3154.0
YGR144W	chrVII	+	780398	781379	981	981	1231.0
YGR145W	chrVII	+	781766	783890	2124	2124	2278.0
YGR146C	chrVII	-	784222	784858	636	636	1158.0
YGR146C-A	chrVII	-	785275	785437	162	162	412.0
YGR147C	chrVII	-	786053	786920	867	867	1046.0
YGR148C	chrVII	-	787311	787779	468	468	1045.0
YGR149W	chrVII	+	789030	790329	1299	1299	1548.0
YGR150C	chrVII	-	790458	793053	2595	2595	2758.0
YGR152C	chrVII	-	794673	795492	819	819	1127.0
YGR153W	chrVII	+	796091	796745	654	654	904.0
YGR154C	chrVII	-	796797	797868	1071	1071	1528.0
YGR155W	chrVII	+	798542	800066	1524	1524	1716.0
YGR156W	chrVII	+	800545	801823	1278	1278	1533.0
YGR157W	chrVII	+	802439	805049	2610	2610	3041.0
YGR158C	chrVII	-	805268	806021	753	753	1060.0
YGR159C	chrVII	-	806411	807656	1245	1245	1433.0
YGR161C	chrVII	-	808628	809420	792	792	1153.0
YGR161W-C	chrVII	+	810226	810505	279	279	771.0
YGR162W	chrVII	+	824058	826917	2859	2859	3362.0
YGR163W	chrVII	+	827551	828577	1026	1026	1171.0
YGR164W	chrVII	+	828624	828960	336	336	586.0
YGR165W	chrVII	+	829115	830153	1038	1038	1247.0
YGR166W	chrVII	+	830514	832197	1683	1683	1844.0
YGR167W	chrVII	+	832455	833157	702	702	984.0
YGR168C	chrVII	-	833351	834482	1131	1131	1297.0
YGR169C	chrVII	-	834688	835903	1215	1215	1330.0
YGR169C-A	chrVII	-	836386	836665	279	279	754.0
YGR170W	chrVII	+	837141	840558	3417	3417	3748.0
YGR171C	chrVII	-	840823	842551	1728	1728	1978.0
YGR172C	chrVII	-	842844	843591	747	747	944.0
YGR173W	chrVII	+	843853	844960	1107	1107	1420.0
YGR174C	chrVII	-	845892	846405	513	513	763.0
YGR174W-A	chrVII	+	846654	846741	87	87	337.0
YGR175C	chrVII	-	846932	848423	1491	1491	1783.0
YGR177C	chrVII	-	848828	850436	1608	1608	1879.0
YGR178C	chrVII	-	851046	853215	2169	2169	2533.0
YGR179C	chrVII	-	853674	854895	1221	1221	1380.0
YGR180C	chrVII	-	855263	856301	1038	1038	1370.0
YGR181W	chrVII	+	858286	858604	318	318	624.0
YGR183C	chrVII	-	859062	859476	414	201	642.0
YGR184C	chrVII	-	859900	865753	5853	5853	6309.0
YGR185C	chrVII	-	866335	867520	1185	1185	1341.0
YGR186W	chrVII	+	867773	869981	2208	2208	2371.0
YGR187C	chrVII	-	870231	871416	1185	1185	1412.0
YGR188C	chrVII	-	872043	875109	3066	3066	3316.0
YGR189C	chrVII	-	876668	878192	1524	1524	1721.0
YGR191W	chrVII	+	880419	882231	1812	1812	2371.0
YGR192C	chrVII	-	882811	883810	999	999	1144.0
YGR193C	chrVII	-	884508	885741	1233	1233	1442.0
YGR194C	chrVII	-	886072	887875	1803	1803	1877.0
YGR195W	chrVII	+	888881	889622	741	741	938.0
YGR196C	chrVII	-	889732	892186	2454	2454	2606.0
YGR197C	chrVII	-	892496	894140	1644	1644	1907.0
YGR198W	chrVII	+	894692	897146	2454	2454	2640.0
YGR199W	chrVII	+	897501	899781	2280	2280	2397.0
YGR200C	chrVII	-	899903	902270	2367	2367	2546.0
YGR201C	chrVII	-	902519	903197	678	678	675.0
YGR202C	chrVII	-	903473	904748	1275	1275	1490.0
YGR203W	chrVII	+	905236	905683	447	447	738.0
YGR204W	chrVII	+	905933	908774	2841	2841	2998.0
YGR204C-A	chrVII	-	909060	909174	114	114	364.0
YGR205W	chrVII	+	909212	910085	873	873	1222.0
YGR206W	chrVII	+	910431	910737	306	306	414.0
YGR207C	chrVII	-	910842	911628	786	786	926.0
YGR208W	chrVII	+	911882	912812	930	930	1096.0
YGR209C	chrVII	-	912912	913227	315	315	479.0
YGR210C	chrVII	-	913502	914738	1236	1236	1442.0
YGR211W	chrVII	+	915240	916701	1461	1461	1762.0
YGR212W	chrVII	+	917039	918446	1407	1407	1460.0
YGR213C	chrVII	-	918511	919465	954	954	1260.0
YGR214W	chrVII	+	920574	921788	1214	759	914.0
YGR215W	chrVII	+	922174	922507	333	333	577.0
YGR216C	chrVII	-	922632	924462	1830	1830	1989.0
YGR217W	chrVII	+	924695	930815	6120	6120	6213.0
YGR218W	chrVII	+	932540	935795	3255	3255	3762.0
YGR220C	chrVII	-	936073	936883	810	810	909.0
YGR221C	chrVII	-	937123	938992	1869	1869	1933.0
YGR222W	chrVII	+	939922	940804	882	882	974.0
YGR223C	chrVII	-	940868	942215	1347	1347	1470.0
YGR224W	chrVII	+	942805	944647	1842	1842	2092.0
YGR225W	chrVII	+	945144	947019	1875	1782	2032.0
YGR227W	chrVII	+	947419	948997	1578	1578	1715.0
YGR227C-A	chrVII	-	949051	949225	174	174	424.0
YGR229C	chrVII	-	949381	950899	1518	1518	2053.0
YGR230W	chrVII	+	951893	952307	414	414	672.0
YGR231C	chrVII	-	952547	953480	933	933	1246.0
YGR232W	chrVII	+	953959	954646	687	687	762.0
YGR233C	chrVII	-	954673	958210	3537	3537	3789.0
YGR234W	chrVII	+	959903	961103	1200	1200	1488.0
YGR235C	chrVII	-	961359	962061	702	702	922.0
YGR236C	chrVII	-	962529	962817	288	288	538.0
YGR237C	chrVII	-	963297	965655	2358	2358	2641.0
YGR238C	chrVII	-	966038	968687	2649	2649	2774.0
YGR239C	chrVII	-	969186	970053	867	867	315.0
YGR240C	chrVII	-	970770	973734	2964	2964	3438.0
YGR240C-A	chrVII	-	974576	974777	201	201	451.0
YGR241C	chrVII	-	974874	976581	1707	1707	2070.0
YGR243W	chrVII	+	977335	977776	441	441	691.0
YGR244C	chrVII	-	978035	979319	1284	1284	1534.0
YGR245C	chrVII	-	979764	982068	2304	2304	2531.0
YGR246C	chrVII	-	982481	984272	1791	1791	1982.0
YGR247W	chrVII	+	984965	985685	720	720	938.0
YGR248W	chrVII	+	985971	986739	768	768	1018.0
YGR249W	chrVII	+	988048	989419	1371	1371	1865.0
YGR250C	chrVII	-	991175	993521	2346	2346	2702.0
YGR251W	chrVII	+	995638	996229	591	591	1157.0
YGR252W	chrVII	+	996868	998188	1320	1320	1573.0
YGR253C	chrVII	-	998357	999140	783	783	945.0
YGR254W	chrVII	+	1000926	1002240	1314	1314	1499.0
YGR255C	chrVII	-	1002522	1003962	1440	1440	1667.0
YGR256W	chrVII	+	1004623	1006102	1479	1479	1729.0
YGR257C	chrVII	-	1006204	1007305	1101	1101	1301.0
YGR258C	chrVII	-	1007670	1010766	3096	3096	3182.0
YGR260W	chrVII	+	1012484	1014089	1605	1605	1925.0
YGR261C	chrVII	-	1014320	1016750	2430	2430	2560.0
YGR262C	chrVII	-	1016973	1017759	786	786	935.0
YGR263C	chrVII	-	1017966	1019241	1275	1275	1364.0
YGR264C	chrVII	-	1019597	1021853	2256	2256	2542.0
YGR266W	chrVII	+	1022655	1024761	2106	2106	2430.0
YGR267C	chrVII	-	1025003	1025735	732	732	979.0
YGR268C	chrVII	-	1026056	1026653	597	597	782.0
YGR270W	chrVII	+	1027369	1031509	4140	4140	4736.0
YGR271W	chrVII	+	1031790	1037694	5904	5904	6062.0
YGR271C-A	chrVII	-	1037799	1038501	702	702	871.0
YGR273C	chrVII	-	1038714	1039239	525	525	775.0
YGR274C	chrVII	-	1039894	1043095	3201	3201	3320.0
YGR275W	chrVII	+	1043275	1043749	474	474	602.0
YGR276C	chrVII	-	1043818	1045480	1662	1662	1770.0
YGR277C	chrVII	-	1045643	1046561	918	918	1066.0
YGR278W	chrVII	+	1046730	1048464	1734	1734	1984.0
YGR279C	chrVII	-	1048797	1049958	1161	1161	1495.0
YGR280C	chrVII	-	1050909	1051725	816	816	1168.0
YGR281W	chrVII	+	1052823	1057257	4434	4434	4844.0
YGR282C	chrVII	-	1057782	1058724	942	942	1320.0
YGR283C	chrVII	-	1059014	1060040	1026	1026	1171.0
YGR284C	chrVII	-	1060657	1061590	933	933	1192.0
YGR285C	chrVII	-	1061851	1063153	1302	1302	1421.0
YGR286C	chrVII	-	1063812	1064940	1128	1128	1401.0
YGR287C	chrVII	-	1067221	1068991	1770	1770	1916.0
YGR288W	chrVII	+	1070292	1071714	1422	1422	1715.0
YGR289C	chrVII	-	1073962	1075813	1851	1851	2101.0
YGR292W	chrVII	+	1076598	1078353	1755	1755	2005.0
YGR294W	chrVII	+	1080305	1080668	363	363	613.0
YGR295C	chrVII	-	1081583	1082729	1146	1146	1234.0
YGR296W	chrVII	+	1084863	1090591	5728	5580	5651.0
YHL050C	chrVIII	-	444	3311	2867	2094	2344.0
YHL049C	chrVIII	-	3725	4541	816	816	1066.0
YHL048C-A	chrVIII	-	5662	5797	135	135	385.0
YHL048W	chrVIII	+	6400	7546	1146	1146	1264.0
YHL047C	chrVIII	-	8350	10213	1863	1863	3097.0
YHL046C	chrVIII	-	11922	12285	363	363	613.0
YHL045W	chrVIII	+	12501	12849	348	348	598.0
YHL044W	chrVIII	+	13564	14272	708	708	958.0
YHL043W	chrVIII	+	14900	15413	513	513	763.0
YHL042W	chrVIII	+	15666	16119	453	453	703.0
YHL041W	chrVIII	+	17391	17841	450	450	700.0
YHL040C	chrVIII	-	19087	20971	1884	1884	2322.0
YHL039W	chrVIII	+	21782	23540	1758	1758	1878.0
YHL038C	chrVIII	-	23616	25509	1893	1893	2057.0
YHL037C	chrVIII	-	25777	26179	402	402	652.0
YHL036W	chrVIII	+	26240	27881	1641	1641	1738.0
YHL035C	chrVIII	-	27977	32756	4779	4779	5014.0
YHL034C	chrVIII	-	33192	34077	885	885	1148.0
YHL033C	chrVIII	-	35254	36025	771	771	1282.0
YHL032C	chrVIII	-	36378	38508	2130	2130	2268.0
YHL031C	chrVIII	-	38814	39486	672	672	754.0
YHL030W	chrVIII	+	40083	45690	5607	5607	5729.0
YHL029C	chrVIII	-	45928	47968	2040	2040	2194.0
YHL028W	chrVIII	+	48762	50580	1818	1818	1967.0
YHL027W	chrVIII	+	51110	52988	1878	1878	2229.0
YHL026C	chrVIII	-	53218	54166	948	948	1198.0
YHL025W	chrVIII	+	54850	55849	999	999	1134.0
YHL024W	chrVIII	+	56648	58790	2142	2142	2392.0
YHL023C	chrVIII	-	59122	62563	3441	3441	3525.0
YHL022C	chrVIII	-	62960	64157	1197	1197	1447.0
YHL021C	chrVIII	-	64461	65859	1398	1398	1589.0
YHL020C	chrVIII	-	66241	67456	1215	1215	1408.0
YHL019C	chrVIII	-	67730	69548	1818	1818	1919.0
YHL018W	chrVIII	+	69707	70070	363	363	628.0
YHL017W	chrVIII	+	70275	71874	1599	1599	1744.0
YHL016C	chrVIII	-	72036	74244	2208	2208	2458.0
YHL015W-A	chrVIII	+	74698	74782	84	84	334.0
YHL015W	chrVIII	+	75411	75777	366	366	690.0
YHL014C	chrVIII	-	76096	77314	1218	1218	1369.0
YHL013C	chrVIII	-	77429	78353	924	924	1072.0
YHL012W	chrVIII	+	78935	80417	1482	1482	1732.0
YHL011C	chrVIII	-	80653	81616	963	963	1280.0
YHL010C	chrVIII	-	81963	83721	1758	1758	2044.0
YHL009C	chrVIII	-	84067	85060	993	993	1345.0
YHL008C	chrVIII	-	92626	94510	1884	1884	2222.0
YHL007C	chrVIII	-	95117	97937	2820	2820	3098.0
YHL006C	chrVIII	-	98342	98795	453	453	764.0
YHL005C	chrVIII	-	98827	99220	393	393	643.0
YHL004W	chrVIII	+	99218	100403	1185	1185	1371.0
YHL003C	chrVIII	-	100647	101883	1236	1236	1658.0
YHL002W	chrVIII	+	102611	103970	1359	1359	1465.0
YHL001W	chrVIII	+	104276	105091	815	417	588.0
YHR001W	chrVIII	+	106054	107368	1314	1314	1647.0
YHR001W-A	chrVIII	+	107825	108122	297	234	539.0
YHR002W	chrVIII	+	108811	109885	1074	1074	1358.0
YHR003C	chrVIII	-	110027	111317	1290	1290	1447.0
YHR004C	chrVIII	-	111753	113094	1341	1341	1711.0
YHR005C	chrVIII	-	113498	114917	1419	1419	1646.0
YHR005C-A	chrVIII	-	115619	115901	282	282	457.0
YHR006W	chrVIII	+	117813	119439	1626	1626	1810.0
YHR007C	chrVIII	-	120090	121683	1593	1593	2016.0
YHR007C-A	chrVIII	-	122549	122765	216	216	466.0
YHR008C	chrVIII	-	122888	123590	702	702	998.0
YHR009C	chrVIII	-	124108	125680	1572	1572	1999.0
YHR010W	chrVIII	+	126520	127492	972	411	581.0
YHR011W	chrVIII	+	127779	129120	1341	1341	1456.0
YHR012W	chrVIII	+	129480	130448	968	849	1197.0
YHR013C	chrVIII	-	130729	131446	717	717	920.0
YHR014W	chrVIII	+	132046	132922	876	876	1126.0
YHR015W	chrVIII	+	134553	136533	1980	1980	2230.0
YHR016C	chrVIII	-	136880	138455	1575	1407	1665.0
YHR017W	chrVIII	+	138693	139851	1158	1158	1270.0
YHR018C	chrVIII	-	140010	141402	1392	1392	1595.0
YHR019C	chrVIII	-	141893	143558	1665	1665	1848.0
YHR020W	chrVIII	+	143995	146062	2067	2067	2296.0
YHR021C	chrVIII	-	147870	148669	799	249	409.0
YHR021W-A	chrVIII	+	149224	149680	456	456	706.0
YHR022C	chrVIII	-	149574	150345	771	771	1021.0
YHR022C-A	chrVIII	-	151216	151306	90	90	340.0
YHR023W	chrVIII	+	151665	157452	5787	5787	5940.0
YHR024C	chrVIII	-	157743	159192	1449	1449	1803.0
YHR025W	chrVIII	+	159437	160511	1074	1074	1184.0
YHR026W	chrVIII	+	160843	161485	642	642	998.0
YHR027C	chrVIII	-	161729	164711	2982	2982	3142.0
YHR028C	chrVIII	-	164977	167434	2457	2457	2622.0
YHR029C	chrVIII	-	167676	168561	885	885	995.0
YHR030C	chrVIII	-	168889	170344	1455	1455	1816.0
YHR031C	chrVIII	-	170798	172970	2172	2172	2371.0
YHR032W	chrVIII	+	173343	175089	1746	1746	2286.0
YHR033W	chrVIII	+	175547	176819	1272	1272	1522.0
YHR034C	chrVIII	-	176964	177999	1035	1035	1095.0
YHR035W	chrVIII	+	178218	180111	1893	1893	2143.0
YHR036W	chrVIII	+	180344	181760	1416	1416	1748.0
YHR037W	chrVIII	+	181976	183704	1728	1728	1953.0
YHR038W	chrVIII	+	184065	184758	693	693	809.0
YHR039C	chrVIII	-	184874	186809	1935	1935	2205.0
YHR039C-A	chrVIII	-	187172	187679	507	345	475.0
YHR040W	chrVIII	+	187923	189024	1101	1101	1221.0
YHR041C	chrVIII	-	189130	189864	734	633	742.0
YHR042W	chrVIII	+	190542	192618	2076	2076	2335.0
YHR043C	chrVIII	-	192804	193545	741	741	999.0
YHR044C	chrVIII	-	194067	194808	741	741	891.0
YHR045W	chrVIII	+	195550	197233	1683	1683	1891.0
YHR046C	chrVIII	-	197397	198285	888	888	1248.0
YHR047C	chrVIII	-	198739	201310	2571	2571	2917.0
YHR048W	chrVIII	+	204606	206151	1545	1545	1881.0
YHR049W	chrVIII	+	206461	207193	732	732	933.0
YHR050W	chrVIII	+	207653	209303	1650	1650	1900.0
YHR050W-A	chrVIII	+	209474	209645	171	171	421.0
YHR051W	chrVIII	+	209704	210151	447	447	1054.0
YHR052W	chrVIII	+	210847	211978	1131	1131	1345.0
YHR052C-B	chrVIII	-	212518	212692	174	174	424.0
YHR053C	chrVIII	-	212534	212720	186	186	452.0
YHR054C	chrVIII	-	213184	214249	1065	1065	1211.0
YHR054C-B	chrVIII	-	214516	214690	174	174	424.0
YHR055C	chrVIII	-	214532	214718	186	186	452.0
YHR056C	chrVIII	-	215182	217834	2652	2652	2846.0
YHR057C	chrVIII	-	218225	218843	618	618	754.0
YHR058C	chrVIII	-	218996	219884	888	888	1773.0
YHR059W	chrVIII	+	220107	220500	393	393	546.0
YHR060W	chrVIII	+	220724	221270	546	546	595.0
YHR061C	chrVIII	-	221533	222478	945	945	1416.0
YHR062C	chrVIII	-	222876	223758	882	882	1065.0
YHR063C	chrVIII	-	224029	225169	1140	1140	1307.0
YHR064C	chrVIII	-	225524	227141	1617	1617	1785.0
YHR065C	chrVIII	-	227531	229037	1506	1506	1687.0
YHR066W	chrVIII	+	229334	230696	1362	1362	1550.0
YHR067W	chrVIII	+	230969	231812	843	843	1232.0
YHR068W	chrVIII	+	232132	233296	1164	1164	1514.0
YHR069C	chrVIII	-	233578	234658	1080	1080	1321.0
YHR070W	chrVIII	+	234880	236380	1500	1500	1955.0
YHR071W	chrVIII	+	237003	237693	690	690	1214.0
YHR072W	chrVIII	+	239097	241293	2196	2196	2364.0
YHR072W-A	chrVIII	+	241663	241840	177	177	392.0
YHR073W	chrVIII	+	242581	245572	2991	2991	3241.0
YHR074W	chrVIII	+	246192	248337	2145	2145	2353.0
YHR075C	chrVIII	-	248438	249641	1203	1203	1323.0
YHR076W	chrVIII	+	251100	252225	1125	1032	1216.0
YHR077C	chrVIII	-	252373	255756	3383	3270	3442.0
YHR078W	chrVIII	+	256359	258018	1659	1659	1851.0
YHR079C	chrVIII	-	258243	261591	3348	3348	3822.0
YHR079C-A	chrVIII	-	262191	262553	362	276	526.0
YHR080C	chrVIII	-	262800	266838	4038	4038	4297.0
YHR081W	chrVIII	+	267537	268092	555	555	810.0
YHR082C	chrVIII	-	268458	271548	3090	3090	4253.0
YHR083W	chrVIII	+	272626	273616	990	990	1150.0
YHR084W	chrVIII	+	274173	276240	2067	2067	2676.0
YHR085W	chrVIII	+	276763	277768	1005	1005	1147.0
YHR086W	chrVIII	+	278152	279724	1572	1572	2221.0
YHR086W-A	chrVIII	+	280230	280392	162	162	412.0
YHR087W	chrVIII	+	280819	281155	336	336	595.0
YHR088W	chrVIII	+	281494	282382	888	888	1158.0
YHR089C	chrVIII	-	282680	283298	618	618	889.0
YHR090C	chrVIII	-	283776	284625	849	849	1134.0
YHR091C	chrVIII	-	284838	286770	1932	1932	2052.0
YHR092C	chrVIII	-	287080	288811	1731	1731	1981.0
YHR093W	chrVIII	+	289141	289690	549	549	799.0
YHR094C	chrVIII	-	290912	292625	1713	1713	1837.0
YHR096C	chrVIII	-	294668	296447	1779	1779	2029.0
YHR097C	chrVIII	-	297384	298609	1225	1101	1371.0
YHR098C	chrVIII	-	299144	301934	2790	2790	3007.0
YHR099W	chrVIII	+	302760	313995	11235	11235	11339.0
YHR100C	chrVIII	-	314115	314673	558	558	732.0
YHR101C	chrVIII	-	314873	315968	1095	1008	1297.0
YHR102W	chrVIII	+	316571	319814	3243	3243	3477.0
YHR103W	chrVIII	+	320413	322972	2559	2559	3063.0
YHR104W	chrVIII	+	323408	324392	984	984	1268.0
YHR105W	chrVIII	+	324765	325410	645	645	997.0
YHR106W	chrVIII	+	325597	326626	1029	1029	1179.0
YHR107C	chrVIII	-	326812	328036	1224	1224	1445.0
YHR108W	chrVIII	+	328302	330060	1758	1758	1982.0
YHR109W	chrVIII	+	330309	332067	1758	1758	1856.0
YHR110W	chrVIII	+	332281	332920	639	639	838.0
YHR111W	chrVIII	+	333071	334394	1323	1323	1403.0
YHR112C	chrVIII	-	334526	335663	1137	1137	1426.0
YHR113W	chrVIII	+	336336	337809	1473	1473	1654.0
YHR114W	chrVIII	+	338082	339984	1902	1902	2141.0
YHR115C	chrVIII	-	340108	341359	1251	1251	1548.0
YHR116W	chrVIII	+	341664	342120	456	456	629.0
YHR117W	chrVIII	+	342348	344268	1920	1920	2152.0
YHR118C	chrVIII	-	344320	345628	1308	1308	1389.0
YHR119W	chrVIII	+	346042	349285	3243	3243	3619.0
YHR120W	chrVIII	+	349573	352453	2880	2880	2975.0
YHR121W	chrVIII	+	352755	353319	564	564	725.0
YHR122W	chrVIII	+	353624	354320	696	696	956.0
YHR123W	chrVIII	+	354814	356081	1267	1176	1422.0
YHR124W	chrVIII	+	356560	358444	1884	1884	2134.0
YHR125W	chrVIII	+	358857	359163	306	306	556.0
YHR126C	chrVIII	-	359701	360181	480	480	730.0
YHR127W	chrVIII	+	360912	361644	732	732	980.0
YHR128W	chrVIII	+	362114	362765	651	651	929.0
YHR129C	chrVIII	-	362998	364153	1155	1155	1334.0
YHR130C	chrVIII	-	364964	365300	336	336	586.0
YHR131C	chrVIII	-	365339	367892	2553	2553	3064.0
YHR132C	chrVIII	-	368501	369794	1293	1293	1498.0
YHR132W-A	chrVIII	+	370053	370449	396	396	625.0
YHR133C	chrVIII	-	370721	371597	876	876	1142.0
YHR134W	chrVIII	+	371748	372558	810	810	899.0
YHR135C	chrVIII	-	372693	374310	1617	1617	1828.0
YHR136C	chrVIII	-	374653	375100	447	447	697.0
YHR137W	chrVIII	+	375708	377250	1542	1542	1998.0
YHR138C	chrVIII	-	377354	377699	345	345	531.0
YHR139C	chrVIII	-	378218	379199	981	981	1231.0
YHR139C-A	chrVIII	-	380107	380419	312	312	562.0
YHR140W	chrVIII	+	380571	381291	720	720	970.0
YHR141C	chrVIII	-	381989	382751	762	321	466.0
YHR142W	chrVIII	+	383537	384488	951	951	1140.0
YHR143W	chrVIII	+	385509	386487	978	978	1486.0
YHR143W-A	chrVIII	+	387232	387445	213	213	577.0
YHR144C	chrVIII	-	387787	388726	939	939	1113.0
YHR146W	chrVIII	+	390299	391697	1398	1398	1735.0
YHR147C	chrVIII	-	392638	393283	645	645	810.0
YHR148W	chrVIII	+	393533	394085	552	552	917.0
YHR149C	chrVIII	-	394454	396659	2205	2205	2512.0
YHR150W	chrVIII	+	397250	398990	1740	1740	2006.0
YHR151C	chrVIII	-	399267	400848	1581	1581	1886.0
YHR152W	chrVIII	+	401433	401955	522	522	734.0
YHR153C	chrVIII	-	402085	402682	597	597	847.0
YHR154W	chrVIII	+	402965	406178	3213	3213	3339.0
YHR155W	chrVIII	+	407102	410789	3687	3687	3941.0
YHR156C	chrVIII	-	411383	412406	1023	1023	1091.0
YHR157W	chrVIII	+	412906	413455	549	549	799.0
YHR158C	chrVIII	-	413684	417179	3495	3495	3769.0
YHR159W	chrVIII	+	417548	419063	1515	1515	1739.0
YHR160C	chrVIII	-	419220	420072	852	852	1102.0
YHR161C	chrVIII	-	420372	422286	1914	1914	2202.0
YHR162W	chrVIII	+	423071	423461	390	390	684.0
YHR163W	chrVIII	+	423723	424473	750	750	934.0
YHR164C	chrVIII	-	424609	429178	4569	4569	4775.0
YHR165C	chrVIII	-	429706	436948	7242	7242	7423.0
YHR166C	chrVIII	-	437169	439050	1881	1881	1997.0
YHR167W	chrVIII	+	439341	440127	786	786	928.0
YHR168W	chrVIII	+	440376	441933	1557	1557	1789.0
YHR169W	chrVIII	+	442180	443476	1296	1296	1549.0
YHR170W	chrVIII	+	443827	445384	1557	1557	1791.0
YHR171W	chrVIII	+	445712	447605	1893	1893	2018.0
YHR172W	chrVIII	+	448334	450806	2472	2472	3012.0
YHR173C	chrVIII	-	450814	451153	339	339	589.0
YHR174W	chrVIII	+	451326	452640	1314	1314	1498.0
YHR175W	chrVIII	+	452871	453441	570	570	781.0
YHR175W-A	chrVIII	+	453557	453707	150	150	400.0
YHR176W	chrVIII	+	454228	455527	1299	1299	1410.0
YHR177W	chrVIII	+	456590	457952	1362	1362	1612.0
YHR178W	chrVIII	+	459298	461530	2232	2232	2460.0
YHR179W	chrVIII	+	462501	463704	1203	1203	1363.0
YHR180W	chrVIII	+	465177	465669	492	492	742.0
YHR181W	chrVIII	+	467227	467914	687	687	862.0
YHR182W	chrVIII	+	468218	470576	2358	2358	2433.0
YHR183W	chrVIII	+	470959	472429	1470	1470	1700.0
YHR184W	chrVIII	+	472743	474459	1716	1716	1966.0
YHR185C	chrVIII	-	474626	475340	714	714	964.0
YHR186C	chrVIII	-	475998	480672	4674	4674	4837.0
YHR187W	chrVIII	+	480989	481919	930	930	1049.0
YHR188C	chrVIII	-	482004	483837	1833	1833	2702.0
YHR189W	chrVIII	+	484027	484600	573	573	845.0
YHR190W	chrVIII	+	484844	486179	1335	1335	1483.0
YHR191C	chrVIII	-	486229	486631	402	402	565.0
YHR192W	chrVIII	+	486825	487662	837	837	923.0
YHR193C	chrVIII	-	487711	488236	525	525	621.0
YHR194W	chrVIII	+	488656	490396	1740	1740	1877.0
YHR195W	chrVIII	+	490746	491712	966	966	1366.0
YHR196W	chrVIII	+	491930	493658	1728	1728	1833.0
YHR197W	chrVIII	+	493895	496187	2292	2292	2438.0
YHR198C	chrVIII	-	496314	497280	966	966	1076.0
YHR199C	chrVIII	-	497489	498422	933	933	1084.0
YHR199C-A	chrVIII	-	498570	498859	289	222	502.0
YHR200W	chrVIII	+	499078	499885	807	807	915.0
YHR201C	chrVIII	-	499949	501143	1194	1194	1274.0
YHR202W	chrVIII	+	502387	504196	1809	1809	2059.0
YHR203C	chrVIII	-	504475	505530	1055	786	957.0
YHR204W	chrVIII	+	506318	508709	2391	2391	2510.0
YHR205W	chrVIII	+	509362	511837	2475	2475	3140.0
YHR206W	chrVIII	+	512731	514600	1869	1869	2441.0
YHR207C	chrVIII	-	514904	516485	1581	1581	1735.0
YHR208W	chrVIII	+	517531	518713	1182	1182	1362.0
YHR209W	chrVIII	+	519436	520312	876	876	964.0
YHR210C	chrVIII	-	520711	521737	1026	1026	1276.0
YHR211W	chrVIII	+	525391	528619	3228	3228	3478.0
YHR212W-A	chrVIII	+	538741	538945	204	204	454.0
YHR213W	chrVIII	+	539150	539747	597	597	847.0
YHR213W-A	chrVIII	+	540548	540782	234	234	484.0
YHR213W-B	chrVIII	+	540799	541099	300	300	550.0
YHR214W	chrVIII	+	541650	542262	612	612	943.0
YHR214C-D	chrVIII	-	550647	550941	294	294	544.0
YHR214C-E	chrVIII	-	551199	551499	300	300	550.0
YHR215W	chrVIII	+	552098	553502	1404	1404	1517.0
YHR216W	chrVIII	+	554395	555967	1572	1572	1863.0
YHR218W	chrVIII	+	558013	559924	1911	1812	2062.0
YHR219W	chrVIII	+	560172	562047	1875	1875	2125.0
YIL177C	chrIX	-	482	6147	5665	5277	5527.0
YIL176C	chrIX	-	8792	9155	363	363	613.0
YIL173W	chrIX	+	11491	16141	4650	4650	4900.0
YIL172C	chrIX	-	16783	18553	1770	1770	2020.0
YIL169C	chrIX	-	23118	26106	2988	2988	3238.0
YIL166C	chrIX	-	30937	32566	1629	1629	1879.0
YIL165C	chrIX	-	33717	34077	360	360	610.0
YIL164C	chrIX	-	34086	34686	600	600	1470.0
YIL163C	chrIX	-	36898	37252	354	354	604.0
YIL162W	chrIX	+	37384	38983	1599	1599	1817.0
YIL161W	chrIX	+	39432	40140	708	708	754.0
YIL160C	chrIX	-	40190	41444	1254	1254	1504.0
YIL159W	chrIX	+	41824	45952	4128	4128	4239.0
YIL158W	chrIX	+	46200	46815	615	615	724.0
YIL157C	chrIX	-	46948	47542	594	594	811.0
YIL156W-B	chrIX	+	47689	47973	284	222	346.0
YIL156W	chrIX	+	48090	51306	3216	3216	3422.0
YIL155C	chrIX	-	51758	53708	1950	1950	2339.0
YIL154C	chrIX	-	53980	55021	1041	1041	1164.0
YIL153W	chrIX	+	55197	56379	1182	1182	1248.0
YIL152W	chrIX	+	56544	57252	708	708	885.0
YIL151C	chrIX	-	57337	60694	3357	3357	3564.0
YIL150C	chrIX	-	61012	62728	1716	1716	1966.0
YIL149C	chrIX	-	63027	68067	5040	5040	5272.0
YIL148W	chrIX	+	68707	69528	821	387	502.0
YIL147C	chrIX	-	69790	73453	3663	3663	4175.0
YIL146C	chrIX	-	74183	75773	1590	1590	1840.0
YIL145C	chrIX	-	76353	77283	930	930	1471.0
YIL144W	chrIX	+	78073	80149	2076	2076	2361.0
YIL143C	chrIX	-	80509	83041	2532	2532	2787.0
YIL142W	chrIX	+	83301	84885	1584	1584	1673.0
YIL140W	chrIX	+	85365	87837	2472	2472	2722.0
YIL139C	chrIX	-	87978	88716	738	738	838.0
YIL138C	chrIX	-	89229	89715	486	486	853.0
YIL137C	chrIX	-	89947	92788	2841	2841	2974.0
YIL136W	chrIX	+	93618	94800	1182	1182	1293.0
YIL135C	chrIX	-	95064	96375	1311	1311	1524.0
YIL134C-A	chrIX	-	96521	96725	204	204	454.0
YIL134W	chrIX	+	97394	98330	936	936	1539.0
YIL133C	chrIX	-	98526	99416	890	600	718.0
YIL132C	chrIX	-	99859	100501	642	642	892.0
YIL131C	chrIX	-	100780	102235	1455	1455	1680.0
YIL130W	chrIX	+	102781	105676	2895	2895	3166.0
YIL129C	chrIX	-	106106	113237	7131	7131	7376.0
YIL128W	chrIX	+	113805	116904	3099	3099	3290.0
YIL127C	chrIX	-	117023	117644	621	621	812.0
YIL126W	chrIX	+	117991	122071	4080	4080	4301.0
YIL125W	chrIX	+	122688	125733	3045	3045	3577.0
YIL124W	chrIX	+	126203	127097	894	894	1122.0
YIL123W	chrIX	+	128150	129581	1431	1431	2479.0
YIL122W	chrIX	+	130609	131665	1056	1056	1465.0
YIL121W	chrIX	+	132243	133872	1629	1629	1857.0
YIL120W	chrIX	+	134416	136108	1692	1692	969.0
YIL119C	chrIX	-	136653	137877	1224	1224	1664.0
YIL118W	chrIX	+	139751	140447	696	696	1163.0
YIL117C	chrIX	-	140612	141569	957	957	1181.0
YIL116W	chrIX	+	142927	144085	1158	1158	1337.0
YIL115C	chrIX	-	144326	148709	4383	4383	4810.0
YIL114C	chrIX	-	149142	149988	846	846	1040.0
YIL113W	chrIX	+	150558	151188	630	630	880.0
YIL112W	chrIX	+	151594	154846	3252	3252	3403.0
YIL111W	chrIX	+	155221	155765	544	456	706.0
YIL110W	chrIX	+	156044	157178	1134	1134	1388.0
YIL109C	chrIX	-	157384	160165	2781	2781	3067.0
YIL108W	chrIX	+	160886	162977	2091	2091	2337.0
YIL107C	chrIX	-	163277	165761	2484	2484	2954.0
YIL106W	chrIX	+	166414	167444	1030	945	1182.0
YIL105C	chrIX	-	167580	169641	2061	2061	2366.0
YIL105W-A	chrIX	+	167663	167804	141	141	391.0
YIL104C	chrIX	-	169981	171505	1524	1524	1652.0
YIL103W	chrIX	+	171750	173028	1278	1278	1409.0
YIL102C-A	chrIX	-	173364	173592	228	228	612.0
YIL102C	chrIX	-	174581	174887	306	306	556.0
YIL101C	chrIX	-	175306	177250	1944	1944	2194.0
YIL099W	chrIX	+	178003	179653	1650	1650	1900.0
YIL098C	chrIX	-	179771	180239	468	468	590.0
YIL097W	chrIX	+	180426	181977	1551	1551	1672.0
YIL096C	chrIX	-	182116	183127	1011	1011	1195.0
YIL095W	chrIX	+	183936	186369	2433	2433	2691.0
YIL094C	chrIX	-	186516	187632	1116	1116	1441.0
YIL093C	chrIX	-	187989	188784	795	795	971.0
YIL092W	chrIX	+	189065	190967	1902	1902	2079.0
YIL091C	chrIX	-	191029	193195	2166	2166	2313.0
YIL090W	chrIX	+	193594	195070	1476	1476	1965.0
YIL089W	chrIX	+	195598	196216	618	618	868.0
YIL088C	chrIX	-	197930	199403	1473	1473	1626.0
YIL087C	chrIX	-	199645	200119	474	474	577.0
YIL086C	chrIX	-	200152	200461	309	309	559.0
YIL085C	chrIX	-	200489	202043	1554	1554	1804.0
YIL084C	chrIX	-	202275	203259	984	984	1253.0
YIL083C	chrIX	-	203555	204653	1098	1098	1528.0
YIL079C	chrIX	-	210922	212005	1083	1083	1228.0
YIL078W	chrIX	+	212498	214703	2205	2205	2336.0
YIL077C	chrIX	-	214990	215953	963	963	1618.0
YIL076W	chrIX	+	216657	217548	891	891	1114.0
YIL075C	chrIX	-	217862	220700	2838	2838	2997.0
YIL074C	chrIX	-	221080	222490	1410	1410	1618.0
YIL073C	chrIX	-	222936	225954	3018	2928	3178.0
YIL072W	chrIX	+	226601	228419	1818	1818	2068.0
YIL071C	chrIX	-	228659	229994	1335	1335	1562.0
YIL070C	chrIX	-	230271	231072	801	801	1011.0
YIL069C	chrIX	-	231552	232369	817	408	663.0
YIL068C	chrIX	-	233056	235474	2418	2418	2577.0
YIL067C	chrIX	-	235723	237760	2037	2037	2179.0
YIL066C	chrIX	-	238098	240708	2610	2610	2755.0
YIL065C	chrIX	-	241307	241775	468	468	627.0
YIL064W	chrIX	+	242026	242716	690	690	831.0
YIL063C	chrIX	-	242760	243744	984	984	1067.0
YIL062C	chrIX	-	243997	244462	465	465	647.0
YIL061C	chrIX	-	244656	245559	903	903	1153.0
YIL060W	chrIX	+	246391	246826	435	435	685.0
YIL059C	chrIX	-	246549	246915	366	366	1054.0
YIL057C	chrIX	-	247901	248396	495	495	745.0
YIL056W	chrIX	+	249990	251913	1923	1923	2334.0
YIL055C	chrIX	-	252041	253925	1884	1884	2012.0
YIL054W	chrIX	+	254542	254860	318	318	568.0
YIL053W	chrIX	+	255114	255867	753	753	939.0
YIL052C	chrIX	-	256225	257063	838	366	506.0
YIL051C	chrIX	-	257842	258280	438	438	609.0
YIL050W	chrIX	+	258912	259770	858	858	1098.0
YIL049W	chrIX	+	260157	260919	762	762	837.0
YIL048W	chrIX	+	261436	264892	3456	3456	3896.0
YIL047C	chrIX	-	265114	267823	2709	2709	2902.0
YIL046W-A	chrIX	+	268308	268473	165	165	415.0
YIL046W	chrIX	+	268650	270573	1923	1923	2149.0
YIL045W	chrIX	+	271160	272777	1617	1617	1855.0
YIL044C	chrIX	-	272949	273846	897	897	1097.0
YIL043C	chrIX	-	274071	274926	855	855	975.0
YIL042C	chrIX	-	275107	276292	1185	1185	1322.0
YIL041W	chrIX	+	276524	277505	981	981	1160.0
YIL040W	chrIX	+	277722	278139	417	417	518.0
YIL039W	chrIX	+	278425	279847	1422	1422	1623.0
YIL038C	chrIX	-	280141	282652	2511	2511	2916.0
YIL037C	chrIX	-	283028	284999	1971	1971	2221.0
YIL036W	chrIX	+	285665	287429	1764	1764	2085.0
YIL035C	chrIX	-	287789	288908	1119	1119	1613.0
YIL034C	chrIX	-	289225	290089	864	864	977.0
YIL033C	chrIX	-	290418	291669	1251	1251	1563.0
YIL031W	chrIX	+	292632	295737	3105	3105	3475.0
YIL030C	chrIX	-	296049	300009	3960	3960	4157.0
YIL029C	chrIX	-	300828	301257	429	429	911.0
YIL027C	chrIX	-	303678	304104	426	426	614.0
YIL026C	chrIX	-	304476	307929	3453	3453	3613.0
YIL024C	chrIX	-	308601	309171	570	570	820.0
YIL023C	chrIX	-	309385	310426	1041	1041	2102.0
YIL022W	chrIX	+	311164	312460	1296	1296	1698.0
YIL021W	chrIX	+	312904	313861	957	957	1183.0
YIL020C	chrIX	-	314034	314820	786	786	995.0
YIL019W	chrIX	+	315092	316133	1041	1041	1234.0
YIL018W	chrIX	+	316767	317932	1165	765	876.0
YIL017C	chrIX	-	318199	320965	2766	2766	2953.0
YIL016W	chrIX	+	321453	321933	480	480	640.0
YIL015W	chrIX	+	322341	324105	1764	1764	1915.0
YIL014C-A	chrIX	-	325211	325526	315	315	584.0
YIL014W	chrIX	+	326102	327995	1893	1893	2167.0
YIL013C	chrIX	-	328206	332442	4236	4236	4435.0
YIL012W	chrIX	+	333010	333352	342	342	592.0
YIL011W	chrIX	+	333726	334536	810	810	970.0
YIL010W	chrIX	+	334881	335529	648	648	864.0
YIL009C-A	chrIX	-	335665	336212	547	546	695.0
YIL009W	chrIX	+	339343	341428	2085	2085	2317.0
YIL008W	chrIX	+	342535	342835	300	300	525.0
YIL007C	chrIX	-	342993	343656	663	663	837.0
YIL006W	chrIX	+	344061	345183	1122	1122	1395.0
YIL005W	chrIX	+	345691	347797	2106	2106	2426.0
YIL004C	chrIX	-	347945	348505	560	429	615.0
YIL003W	chrIX	+	349121	350003	882	882	1047.0
YIL002W-A	chrIX	+	350300	350510	210	210	384.0
YIL002C	chrIX	-	350590	353431	2841	2841	3187.0
YIL001W	chrIX	+	353939	355481	1542	1542	1680.0
YIR001C	chrIX	-	356142	356895	753	753	1141.0
YIR002C	chrIX	-	357414	360396	2982	2982	3176.0
YIR003W	chrIX	+	360884	362924	2040	2040	2303.0
YIR004W	chrIX	+	363220	364519	1299	1299	1468.0
YIR005W	chrIX	+	364888	365335	447	447	524.0
YIR006C	chrIX	-	365465	369908	4443	4443	4594.0
YIR007W	chrIX	+	370703	372998	2295	2295	2425.0
YIR008C	chrIX	-	373076	374306	1230	1230	1376.0
YIR009W	chrIX	+	374524	374860	336	336	834.0
YIR010W	chrIX	+	375430	377161	1731	1731	1906.0
YIR011C	chrIX	-	377286	378246	960	960	1086.0
YIR012W	chrIX	+	378485	379781	1296	1296	1453.0
YIR013C	chrIX	-	380018	380384	366	366	616.0
YIR014W	chrIX	+	381085	381814	729	729	1001.0
YIR015W	chrIX	+	381947	382382	435	435	710.0
YIR016W	chrIX	+	382627	383425	798	798	1048.0
YIR017C	chrIX	-	383555	384119	564	564	749.0
YIR018W	chrIX	+	384608	385346	738	738	1277.0
YIR018C-A	chrIX	-	385563	385701	138	138	814.0
YIR019C	chrIX	-	389571	393675	4104	4104	4354.0
YIR020C	chrIX	-	394254	394557	303	303	887.0
YIR021W	chrIX	+	397293	398385	1092	1092	1200.0
YIR021W-A	chrIX	+	398513	398726	213	213	463.0
YIR022W	chrIX	+	398732	399236	504	504	693.0
YIR023W	chrIX	+	399776	402689	2913	2913	3045.0
YIR024C	chrIX	-	402840	403491	651	651	852.0
YIR025W	chrIX	+	403658	404765	1107	1107	1255.0
YIR026C	chrIX	-	404872	405967	1095	1095	1311.0
YIR027C	chrIX	-	406259	407642	1383	1383	1633.0
YIR028W	chrIX	+	408467	410375	1908	1908	2158.0
YIR029W	chrIX	+	410806	411838	1032	1032	1282.0
YIR030C	chrIX	-	412035	412770	735	735	985.0
YIR031C	chrIX	-	413014	414679	1665	1665	1861.0
YIR032C	chrIX	-	415029	415617	588	588	838.0
YIR033W	chrIX	+	416123	419465	3342	3342	3564.0
YIR034C	chrIX	-	419614	420736	1122	1122	1267.0
YIR035C	chrIX	-	421025	421790	765	765	891.0
YIR036C	chrIX	-	422073	422865	792	792	884.0
YIR037W	chrIX	+	423127	423619	492	492	743.0
YIR038C	chrIX	-	423808	424513	705	705	935.0
YIR039C	chrIX	-	430497	432111	1614	1614	1864.0
YIR041W	chrIX	+	433928	434303	375	375	625.0
YIR042C	chrIX	-	435272	435983	711	711	961.0
YJL225C	chrX	-	465	6130	5665	5277	3373.0
YJL223C	chrX	-	8775	9138	363	363	613.0
YJL222W	chrX	+	11474	16124	4650	4650	4870.0
YJL221C	chrX	-	16766	18536	1770	1770	2020.0
YJL219W	chrX	+	19496	21200	1704	1704	1954.0
YJL218W	chrX	+	21972	22563	591	591	841.0
YJL217W	chrX	+	23132	23729	597	597	811.0
YJL216C	chrX	-	24340	26086	1746	1746	1996.0
YJL214W	chrX	+	26886	28596	1710	1710	1960.0
YJL213W	chrX	+	32162	33158	996	996	1683.0
YJL212C	chrX	-	33849	36249	2400	2400	2629.0
YJL210W	chrX	+	36918	37734	816	816	1124.0
YJL209W	chrX	+	38004	39969	1965	1965	2150.0
YJL208C	chrX	-	40193	41183	990	990	1225.0
YJL207C	chrX	-	41388	47433	6045	6045	6219.0
YJL206C	chrX	-	47658	49935	2277	2277	2339.0
YJL205C	chrX	-	50138	50443	305	162	341.0
YJL204C	chrX	-	50628	53151	2523	2523	2610.0
YJL203W	chrX	+	53340	54183	843	843	1150.0
YJL201W	chrX	+	54378	56178	1800	1800	1946.0
YJL200C	chrX	-	56443	58813	2370	2370	2630.0
YJL199C	chrX	-	59855	60182	327	327	577.0
YJL198W	chrX	+	60843	63489	2646	2646	2811.0
YJL197W	chrX	+	63804	67569	3765	3765	3916.0
YJL196C	chrX	-	67849	68782	933	933	1124.0
YJL194W	chrX	+	69337	70879	1542	1542	1713.0
YJL193W	chrX	+	71365	72574	1209	1209	1353.0
YJL192C	chrX	-	72709	73414	705	705	851.0
YJL191W	chrX	+	73786	74611	825	417	552.0
YJL190C	chrX	-	74909	75302	393	393	558.0
YJL189W	chrX	+	75932	76474	542	156	319.0
YJL187C	chrX	-	76802	79262	2460	2460	2639.0
YJL186W	chrX	+	80154	81915	1761	1761	1911.0
YJL185C	chrX	-	82094	82976	882	882	1056.0
YJL184W	chrX	+	83447	83819	372	372	485.0
YJL183W	chrX	+	84067	85336	1269	1269	1433.0
YJL181W	chrX	+	85659	87495	1836	1836	1942.0
YJL180C	chrX	-	87582	88560	978	978	1112.0
YJL179W	chrX	+	88786	89116	330	330	531.0
YJL178C	chrX	-	89281	90097	816	816	955.0
YJL177W	chrX	+	90785	91657	872	555	752.0
YJL176C	chrX	-	92052	94530	2478	2478	2820.0
YJL174W	chrX	+	95091	95922	831	831	1258.0
YJL173C	chrX	-	96160	96529	369	369	530.0
YJL172W	chrX	+	97736	99467	1731	1731	1911.0
YJL171C	chrX	-	99703	100894	1191	1191	1429.0
YJL170C	chrX	-	101149	101779	630	630	880.0
YJL168C	chrX	-	102226	104428	2202	2202	2501.0
YJL167W	chrX	+	105013	106072	1059	1059	1299.0
YJL166W	chrX	+	106433	106718	285	285	562.0
YJL165C	chrX	-	106893	109461	2568	2568	2743.0
YJL164C	chrX	-	109965	111159	1194	1194	1526.0
YJL163C	chrX	-	111665	113333	1668	1668	1918.0
YJL162C	chrX	-	113877	115629	1752	1752	1971.0
YJL161W	chrX	+	117244	117787	543	543	793.0
YJL160C	chrX	-	117961	118825	864	864	1114.0
YJL159W	chrX	+	120448	121690	1242	1242	1598.0
YJL158C	chrX	-	122264	122948	684	684	1040.0
YJL157C	chrX	-	123835	126328	2493	2493	2718.0
YJL156C	chrX	-	126852	128952	2100	2100	2569.0
YJL155C	chrX	-	129284	130643	1359	1359	1695.0
YJL154C	chrX	-	131100	133935	2835	2835	3087.0
YJL153C	chrX	-	134331	135933	1602	1602	1852.0
YJL151C	chrX	-	136371	136773	402	402	508.0
YJL149W	chrX	+	137378	139370	1992	1992	2077.0
YJL148W	chrX	+	140436	141138	702	702	1028.0
YJL147C	chrX	-	141418	142567	1149	1149	1368.0
YJL146W	chrX	+	143291	144701	1410	1410	1773.0
YJL145W	chrX	+	145159	146044	885	885	1073.0
YJL144W	chrX	+	146358	146673	315	315	576.0
YJL143W	chrX	+	147100	147577	477	477	807.0
YJL142C	chrX	-	147818	148211	393	393	643.0
YJL141C	chrX	-	147966	150390	2424	2424	2666.0
YJL140W	chrX	+	150960	151626	666	666	898.0
YJL139C	chrX	-	151712	152999	1287	1287	1484.0
YJL138C	chrX	-	153503	154691	1188	1188	1472.0
YJL137C	chrX	-	154984	156127	1143	1143	1393.0
YJL136W-A	chrX	+	156168	156252	84	84	334.0
YJL136C	chrX	-	156549	157273	724	264	467.0
YJL134W	chrX	+	158187	159417	1230	1230	1381.0
YJL133C-A	chrX	-	159622	159847	225	225	424.0
YJL133W	chrX	+	160618	161563	945	945	1259.0
YJL132W	chrX	+	161913	164166	2253	2253	2409.0
YJL131C	chrX	-	164277	165348	1071	1071	1183.0
YJL130C	chrX	-	165722	172367	6645	6645	7325.0
YJL129C	chrX	-	173598	177306	3708	3708	4059.0
YJL128C	chrX	-	178096	180103	2007	2007	2489.0
YJL127C-B	chrX	-	181550	181709	159	159	537.0
YJL127C	chrX	-	182297	184220	1923	1923	2979.0
YJL126W	chrX	+	184500	185424	924	924	1069.0
YJL125C	chrX	-	185527	186679	1152	1152	1290.0
YJL124C	chrX	-	187125	187644	519	519	1005.0
YJL123C	chrX	-	188003	189440	1437	1437	1594.0
YJL122W	chrX	+	189715	190243	528	528	700.0
YJL121C	chrX	-	190373	191090	717	717	859.0
YJL118W	chrX	+	191638	192298	660	660	780.0
YJL117W	chrX	+	192530	193466	936	936	1168.0
YJL116C	chrX	-	193859	194873	1014	1014	1264.0
YJL115W	chrX	+	196286	197126	840	840	983.0
YJL112W	chrX	+	205304	207449	2145	2145	2324.0
YJL111W	chrX	+	207876	209529	1653	1653	1896.0
YJL110C	chrX	-	209921	211577	1656	1656	1848.0
YJL109C	chrX	-	211999	217309	5310	5310	5434.0
YJL108C	chrX	-	217704	218856	1152	1152	1402.0
YJL107C	chrX	-	218852	220016	1164	1164	1481.0
YJL106W	chrX	+	221389	223327	1938	1938	2869.0
YJL105W	chrX	+	225054	226737	1683	1683	1933.0
YJL104W	chrX	+	227326	227776	450	450	684.0
YJL103C	chrX	-	229024	230881	1857	1857	2107.0
YJL102W	chrX	+	231300	233760	2460	2460	2615.0
YJL101C	chrX	-	234319	236356	2037	2037	2454.0
YJL100W	chrX	+	237262	239086	1824	1824	1993.0
YJL099W	chrX	+	239413	241654	2241	2241	864.0
YJL098W	chrX	+	242081	245258	3177	3177	3503.0
YJL097W	chrX	+	245590	246244	654	654	792.0
YJL096W	chrX	+	246489	246975	486	486	594.0
YJL095W	chrX	+	247254	251691	4437	4437	4508.0
YJL094C	chrX	-	251820	254442	2622	2622	2788.0
YJL093C	chrX	-	254736	256812	2076	2076	2204.0
YJL092W	chrX	+	257422	260947	3525	3525	3875.0
YJL091C	chrX	-	261079	262552	1473	1473	1636.0
YJL090C	chrX	-	262756	265051	2295	2295	2438.0
YJL089W	chrX	+	265925	268415	2490	2490	2740.0
YJL088W	chrX	+	268798	269815	1017	1017	1267.0
YJL087C	chrX	-	270001	272485	2484	2484	2777.0
YJL085W	chrX	+	272826	274698	1872	1872	2029.0
YJL084C	chrX	-	274861	278002	3141	3141	3413.0
YJL083W	chrX	+	278840	280655	1815	1815	2247.0
YJL082W	chrX	+	281184	283380	2196	2196	2521.0
YJL081C	chrX	-	283801	285271	1470	1470	1843.0
YJL080C	chrX	-	285557	289226	3669	3669	4031.0
YJL079C	chrX	-	289874	290774	900	900	1248.0
YJL078C	chrX	-	291335	293981	2646	2646	3086.0
YJL077W-B	chrX	+	294046	294145	99	99	1901.0
YJL077C	chrX	-	294665	295061	396	396	646.0
YJL077W-A	chrX	+	294798	294885	87	87	433.0
YJL076W	chrX	+	295244	298814	3570	3570	3958.0
YJL075C	chrX	-	298459	298876	417	417	667.0
YJL074C	chrX	-	299156	302849	3693	3693	3810.0
YJL073W	chrX	+	303180	305118	1938	1938	2140.0
YJL072C	chrX	-	305220	305862	642	642	835.0
YJL071W	chrX	+	306131	307856	1725	1725	1894.0
YJL070C	chrX	-	307970	310637	2667	2667	2780.0
YJL069C	chrX	-	310921	312706	1785	1785	1929.0
YJL068C	chrX	-	313015	313915	900	900	1041.0
YJL066C	chrX	-	314113	314872	759	759	1011.0
YJL065C	chrX	-	315053	315557	504	504	653.0
YJL063C	chrX	-	315758	316475	717	717	844.0
YJL062W-A	chrX	+	316722	316980	258	258	484.0
YJL062W	chrX	+	317283	319776	2493	2493	2611.0
YJL061W	chrX	+	320015	322157	2142	2142	2433.0
YJL060W	chrX	+	323385	324720	1335	1335	1496.0
YJL059W	chrX	+	324963	326190	1227	1227	1376.0
YJL058C	chrX	-	326241	327873	1632	1632	1752.0
YJL057C	chrX	-	328117	330121	2004	2004	2191.0
YJL056C	chrX	-	330430	333073	2643	2643	2840.0
YJL055W	chrX	+	333356	334094	738	738	837.0
YJL054W	chrX	+	334264	335701	1437	1437	1606.0
YJL053W	chrX	+	335897	337037	1140	1140	1373.0
YJL052C-A	chrX	-	337883	338003	120	120	370.0
YJL052W	chrX	+	338270	339269	999	999	1202.0
YJL051W	chrX	+	339786	342255	2469	2469	2634.0
YJL050W	chrX	+	342521	345743	3222	3222	3349.0
YJL049W	chrX	+	345972	347325	1353	1353	1472.0
YJL048C	chrX	-	347446	348637	1191	1191	1339.0
YJL047C-A	chrX	-	349043	349178	135	135	571.0
YJL047C	chrX	-	349579	352108	2529	2529	2724.0
YJL046W	chrX	+	352385	353615	1230	1230	1290.0
YJL045W	chrX	+	356023	357928	1905	1905	2155.0
YJL044C	chrX	-	358299	359676	1377	1377	1819.0
YJL043W	chrX	+	360129	360903	774	774	1024.0
YJL042W	chrX	+	361248	365445	4197	4197	4452.0
YJL041W	chrX	+	365783	368373	2590	2472	2686.0
YJL039C	chrX	-	368747	373799	5052	5052	5606.0
YJL038C	chrX	-	375114	375774	660	660	910.0
YJL037W	chrX	+	376661	377336	675	675	925.0
YJL036W	chrX	+	378824	380096	1272	1272	1594.0
YJL035C	chrX	-	380248	381001	753	753	885.0
YJL034W	chrX	+	381326	383375	2049	2049	2324.0
YJL033W	chrX	+	383836	386149	2313	2313	2425.0
YJL031C	chrX	-	386367	387438	1071	984	1118.0
YJL030W	chrX	+	387656	388247	591	591	818.0
YJL029C	chrX	-	388384	390853	2469	2469	2630.0
YJL028W	chrX	+	391310	391646	336	336	586.0
YJL027C	chrX	-	391832	392249	417	417	667.0
YJL026W	chrX	+	392403	393603	1200	1200	1514.0
YJL025W	chrX	+	393966	395511	1545	1545	1732.0
YJL024C	chrX	-	395930	396592	662	585	972.0
YJL023C	chrX	-	397354	398398	1044	1044	1128.0
YJL020C	chrX	-	398936	402410	3474	3474	3715.0
YJL019W	chrX	+	402896	404945	2049	2049	2666.0
YJL016W	chrX	+	405587	407273	1686	1686	2090.0
YJL014W	chrX	+	407557	409162	1605	1605	1894.0
YJL013C	chrX	-	409492	411040	1548	1548	1703.0
YJL012C	chrX	-	411233	413399	2166	2166	2266.0
YJL011C	chrX	-	414284	414770	486	486	701.0
YJL010C	chrX	-	417561	419562	2001	2001	2117.0
YJL008C	chrX	-	419956	421663	1707	1707	1984.0
YJL007C	chrX	-	422697	423012	315	315	565.0
YJL006C	chrX	-	423137	424109	972	972	1084.0
YJL005W	chrX	+	425156	431237	6081	6081	6224.0
YJL004C	chrX	-	431588	432200	612	612	907.0
YJL003W	chrX	+	432643	433000	357	357	596.0
YJL002C	chrX	-	433220	434651	1431	1431	1594.0
YJL001W	chrX	+	435162	435926	764	648	915.0
YJR001W	chrX	+	436801	438610	1809	1809	2053.0
YJR002W	chrX	+	438864	440646	1782	1782	2198.0
YJR003C	chrX	-	440993	442553	1560	1560	1675.0
YJR004C	chrX	-	442908	444861	1953	1953	2886.0
YJR005W	chrX	+	445922	448025	2103	2103	2449.0
YJR005C-A	chrX	-	448476	448758	282	282	532.0
YJR006W	chrX	+	449201	450665	1464	1464	1576.0
YJR007W	chrX	+	451019	451934	915	915	1204.0
YJR008W	chrX	+	452429	453446	1017	1017	1407.0
YJR009C	chrX	-	453682	454681	999	999	1185.0
YJR010W	chrX	+	456238	457774	1536	1536	1746.0
YJR010C-A	chrX	-	458076	458361	285	285	607.0
YJR011C	chrX	-	458640	459426	786	786	899.0
YJR012C	chrX	-	459794	460193	399	399	549.0
YJR013W	chrX	+	460381	461593	1212	1212	1361.0
YJR014W	chrX	+	461828	462425	597	597	850.0
YJR015W	chrX	+	462720	464253	1533	1533	1697.0
YJR016C	chrX	-	464450	466208	1758	1758	1936.0
YJR017C	chrX	-	466520	467033	513	513	768.0
YJR019C	chrX	-	467231	468281	1050	1050	1142.0
YJR021C	chrX	-	468554	469579	1025	945	1082.0
YJR022W	chrX	+	469783	470113	330	330	476.0
YJR024C	chrX	-	470229	470964	735	735	855.0
YJR025C	chrX	-	471137	471671	534	534	836.0
YJR030C	chrX	-	483958	486196	2238	2238	2445.0
YJR031C	chrX	-	486585	490812	4227	4227	4432.0
YJR032W	chrX	+	491080	492262	1182	1182	1326.0
YJR033C	chrX	-	492377	496451	4074	4074	4179.0
YJR034W	chrX	+	496682	497009	327	327	533.0
YJR035W	chrX	+	497354	500612	3258	3258	3436.0
YJR036C	chrX	-	500712	503391	2679	2679	2929.0
YJR039W	chrX	+	503935	507301	3366	3366	3404.0
YJR040W	chrX	+	507745	510085	2340	2340	2452.0
YJR041C	chrX	-	510238	513763	3525	3525	3791.0
YJR042W	chrX	+	514054	516289	2235	2235	2419.0
YJR043C	chrX	-	516460	517513	1053	1053	1392.0
YJR044C	chrX	-	518762	519185	423	423	677.0
YJR045C	chrX	-	519637	521602	1965	1965	2358.0
YJR046W	chrX	+	522047	523862	1815	1815	1912.0
YJR047C	chrX	-	524907	525381	474	474	634.0
YJR049C	chrX	-	526883	528476	1593	1593	2237.0
YJR050W	chrX	+	528696	529404	708	708	1009.0
YJR051W	chrX	+	529860	531366	1506	1506	1648.0
YJR052W	chrX	+	532061	533759	1698	1698	1767.0
YJR053W	chrX	+	534026	535751	1725	1725	2039.0
YJR054W	chrX	+	536055	537549	1494	1494	1765.0
YJR055W	chrX	+	538771	539266	495	495	920.0
YJR056C	chrX	-	541791	542502	711	711	1022.0
YJR057W	chrX	+	544061	544712	651	651	743.0
YJR058C	chrX	-	544731	545175	444	444	748.0
YJR059W	chrX	+	545786	548243	2457	2457	2756.0
YJR060W	chrX	+	548758	549814	1056	1056	1747.0
YJR061W	chrX	+	550510	553318	2808	2808	3058.0
YJR062C	chrX	-	553475	554849	1374	1374	2041.0
YJR063W	chrX	+	555194	555572	378	378	561.0
YJR064W	chrX	+	555913	557602	1689	1689	1795.0
YJR065C	chrX	-	557808	559158	1350	1350	1597.0
YJR066W	chrX	+	559415	566828	7413	7413	7559.0
YJR067C	chrX	-	567018	567444	426	426	544.0
YJR068W	chrX	+	567642	568704	1062	1062	1188.0
YJR069C	chrX	-	568805	569399	594	594	762.0
YJR070C	chrX	-	569620	570598	978	978	1201.0
YJR072C	chrX	-	570966	572124	1158	1158	1486.0
YJR073C	chrX	-	572314	572935	621	621	762.0
YJR074W	chrX	+	573094	573751	657	657	708.0
YJR075W	chrX	+	573980	575171	1191	1191	1506.0
YJR076C	chrX	-	575353	576601	1248	1248	1466.0
YJR077C	chrX	-	577254	578190	936	936	1237.0
YJR078W	chrX	+	578859	580221	1362	1362	1612.0
YJR079W	chrX	+	580204	581239	1035	330	580.0
YJR080C	chrX	-	580431	581616	1185	1185	1331.0
YJR082C	chrX	-	581913	582255	342	342	679.0
YJR083C	chrX	-	582607	583537	930	930	1043.0
YJR084W	chrX	+	583732	585004	1272	1272	1437.0
YJR085C	chrX	-	585119	585437	318	318	448.0
YJR086W	chrX	+	586067	586400	333	333	398.0
YJR088C	chrX	-	586494	587373	879	879	1185.0
YJR089W	chrX	+	587717	590582	2865	2865	3071.0
YJR090C	chrX	-	590871	594327	3456	3456	3861.0
YJR091C	chrX	-	595060	598336	3276	3276	3582.0
YJR092W	chrX	+	598734	603078	4344	4344	4518.0
YJR093C	chrX	-	603219	604203	984	984	1148.0
YJR094C	chrX	-	604568	605651	1083	1083	1238.0
YJR094W-A	chrX	+	608304	608858	554	279	429.0
YJR095W	chrX	+	609772	610741	969	969	1219.0
YJR096W	chrX	+	611194	612043	849	849	1030.0
YJR097W	chrX	+	612412	612931	519	519	777.0
YJR098C	chrX	-	613185	615156	1971	1971	2218.0
YJR099W	chrX	+	615575	616286	711	711	982.0
YJR100C	chrX	-	616350	617334	984	984	1062.0
YJR101W	chrX	+	618233	619034	801	801	1041.0
YJR102C	chrX	-	619156	619765	609	609	856.0
YJR103W	chrX	+	620753	622490	1737	1737	1855.0
YJR104C	chrX	-	622549	623014	465	465	579.0
YJR105W	chrX	+	623580	624603	1023	1023	1130.0
YJR106W	chrX	+	624837	627015	2178	2178	2456.0
YJR107W	chrX	+	627339	628326	987	987	1237.0
YJR107C-A	chrX	-	628456	628693	237	237	476.0
YJR108W	chrX	+	628711	629083	372	372	622.0
YJR109C	chrX	-	629584	632941	3357	3357	3537.0
YJR110W	chrX	+	633614	635681	2067	2067	2347.0
YJR111C	chrX	-	635854	636706	852	852	1085.0
YJR112W	chrX	+	637029	637635	606	606	716.0
YJR112W-A	chrX	+	637789	638168	379	330	471.0
YJR113C	chrX	-	638231	638975	744	744	908.0
YJR115W	chrX	+	639941	640451	510	510	760.0
YJR116W	chrX	+	640824	641664	840	840	1184.0
YJR117W	chrX	+	642006	643368	1362	1362	1541.0
YJR118C	chrX	-	643489	644101	612	612	812.0
YJR119C	chrX	-	644303	646490	2187	2187	2437.0
YJR120W	chrX	+	647125	647476	351	351	601.0
YJR121W	chrX	+	647606	649142	1536	1536	2074.0
YJR122W	chrX	+	649775	651269	1494	1494	1633.0
YJR123W	chrX	+	651900	652578	678	678	834.0
YJR124C	chrX	-	652891	654238	1347	1347	1579.0
YJR125C	chrX	-	654736	655963	1227	1227	1427.0
YJR126C	chrX	-	656253	658689	2436	2436	2497.0
YJR127C	chrX	-	658916	663059	4143	4143	3972.0
YJR128W	chrX	+	662920	663280	360	360	610.0
YJR129C	chrX	-	663999	665019	1020	1020	1270.0
YJR130C	chrX	-	665217	667137	1920	1920	2136.0
YJR131W	chrX	+	667643	669293	1650	1650	1852.0
YJR132W	chrX	+	669521	672668	3147	3147	3397.0
YJR133W	chrX	+	672990	673620	630	630	826.0
YJR134C	chrX	-	673728	675852	2124	2124	2374.0
YJR135C	chrX	-	676058	676778	720	720	1025.0
YJR135W-A	chrX	+	676970	677234	264	264	503.0
YJR136C	chrX	-	677440	678706	1266	1266	1362.0
YJR137C	chrX	-	678956	683285	4329	4329	4640.0
YJR138W	chrX	+	684566	689321	4755	4755	4901.0
YJR139C	chrX	-	689444	690524	1080	1080	1290.0
YJR140C	chrX	-	690749	695696	4947	4947	5182.0
YJR141W	chrX	+	695905	696949	1044	1044	1168.0
YJR142W	chrX	+	697140	698169	1029	1029	1155.0
YJR143C	chrX	-	698325	700614	2289	2289	2554.0
YJR144W	chrX	+	700881	701691	810	810	926.0
YJR145C	chrX	-	702026	703068	1042	786	902.0
YJR146W	chrX	+	703884	704238	354	354	384.0
YJR147W	chrX	+	704195	705272	1077	1077	1530.0
YJR148W	chrX	+	705743	706874	1131	1131	1501.0
YJR149W	chrX	+	707159	708374	1215	1215	1465.0
YJR150C	chrX	-	708810	709707	897	897	1147.0
YJR151C	chrX	-	712254	715740	3486	3486	3736.0
YJR151W-A	chrX	+	717579	717630	51	51	301.0
YJR152W	chrX	+	719665	721297	1632	1632	1882.0
YJR153W	chrX	+	722814	723900	1086	1086	1336.0
YJR154W	chrX	+	725783	726824	1041	1041	1291.0
YJR155W	chrX	+	727404	728271	867	867	1117.0
YJR156C	chrX	-	728573	729596	1023	1023	1273.0
YJR158W	chrX	+	732439	734143	1704	1704	1954.0
YJR159W	chrX	+	736043	737117	1074	1074	1324.0
YJR160C	chrX	-	738007	739816	1809	1809	2059.0
YJR161C	chrX	-	742847	743999	1152	1152	1790.0
YKL224C	chrXI	-	1809	2181	372	372	622.0
YKL222C	chrXI	-	3502	5620	2118	2118	2553.0
YKL221W	chrXI	+	6106	7528	1422	1422	1672.0
YKL220C	chrXI	-	9090	11226	2136	2136	2386.0
YKL219W	chrXI	+	14484	15708	1224	1224	1354.0
YKL218C	chrXI	-	17358	18339	981	981	1325.0
YKL217W	chrXI	+	22233	24084	1851	1851	225.0
YKL216W	chrXI	+	25214	26159	945	945	1304.0
YKL215C	chrXI	-	26826	30687	3861	3861	4186.0
YKL214C	chrXI	-	31081	31693	612	612	786.0
YKL213C	chrXI	-	31959	34107	2148	2148	2290.0
YKL212W	chrXI	+	34542	36414	1872	1872	2325.0
YKL211C	chrXI	-	36698	38153	1455	1455	1706.0
YKL210W	chrXI	+	39162	42237	3075	3075	3291.0
YKL209C	chrXI	-	42422	46295	3873	3873	4090.0
YKL208W	chrXI	+	47156	47972	816	816	1001.0
YKL207W	chrXI	+	48193	48955	762	762	876.0
YKL206C	chrXI	-	49005	49809	804	804	905.0
YKL205W	chrXI	+	50050	53353	3303	3303	3576.0
YKL204W	chrXI	+	53703	55602	1899	1899	2099.0
YKL203C	chrXI	-	55934	63359	7425	7425	7695.0
YKL201C	chrXI	-	63929	67466	3537	3537	2563.0
YKL198C	chrXI	-	68231	70220	1989	1989	2429.0
YKL197C	chrXI	-	70733	73865	3132	3132	3568.0
YKL196C	chrXI	-	74931	75534	603	603	852.0
YKL195W	chrXI	+	75820	77032	1212	1212	1424.0
YKL194C	chrXI	-	77257	78646	1389	1389	1574.0
YKL193C	chrXI	-	78865	79882	1017	1017	1158.0
YKL192C	chrXI	-	80159	80537	378	378	546.0
YKL191W	chrXI	+	81034	82639	1605	1605	1708.0
YKL190W	chrXI	+	82946	83550	604	528	734.0
YKL189W	chrXI	+	84703	85903	1200	1200	1479.0
YKL188C	chrXI	-	86224	88786	2562	2562	2652.0
YKL187C	chrXI	-	89283	91536	2253	2253	2503.0
YKL186C	chrXI	-	92743	93298	555	555	1021.0
YKL185W	chrXI	+	94498	96265	1767	1767	2233.0
YKL184W	chrXI	+	96756	98157	1401	1401	1904.0
YKL183C-A	chrXI	-	98394	98607	213	213	463.0
YKL183W	chrXI	+	98720	99641	921	921	1226.0
YKL182W	chrXI	+	100670	106826	6156	6156	6861.0
YKL181W	chrXI	+	107315	108599	1284	1284	1615.0
YKL180W	chrXI	+	109268	110129	861	555	700.0
YKL179C	chrXI	-	110463	112503	2040	2040	2417.0
YKL178C	chrXI	-	113214	114627	1413	1413	1663.0
YKL176C	chrXI	-	115499	117986	2487	2487	3028.0
YKL175W	chrXI	+	118792	120304	1512	1512	1749.0
YKL174C	chrXI	-	120379	122236	1857	1857	2025.0
YKL173W	chrXI	+	122516	125543	3027	3027	3283.0
YKL172W	chrXI	+	125758	127042	1284	1284	1402.0
YKL171W	chrXI	+	127474	130261	2787	2787	3083.0
YKL170W	chrXI	+	130633	131050	417	417	671.0
YKL168C	chrXI	-	131287	133462	2175	2175	2370.0
YKL167C	chrXI	-	133720	134134	414	414	643.0
YKL166C	chrXI	-	134508	135705	1197	1197	1571.0
YKL165C	chrXI	-	137931	140691	2760	2760	2982.0
YKL164C	chrXI	-	141793	142819	1026	1026	1359.0
YKL163W	chrXI	+	144400	145378	978	978	823.0
YKL162C	chrXI	-	147629	148838	1209	1209	1459.0
YKL161C	chrXI	-	149385	150687	1302	1302	1876.0
YKL160W	chrXI	+	153268	153706	438	438	532.0
YKL159C	chrXI	-	153815	154451	636	636	800.0
YKL157W	chrXI	+	154990	158232	3242	2859	3116.0
YKL156W	chrXI	+	158612	159212	600	249	488.0
YKL155C	chrXI	-	159455	161342	1887	1887	1981.0
YKL154W	chrXI	+	161600	162335	735	735	880.0
YKL152C	chrXI	-	163641	164385	744	744	907.0
YKL151C	chrXI	-	164916	165930	1014	1014	1158.0
YKL150W	chrXI	+	166543	167452	909	909	1159.0
YKL149C	chrXI	-	167611	168829	1218	1218	1371.0
YKL148C	chrXI	-	169206	171129	1923	1923	2325.0
YKL146W	chrXI	+	171782	173861	2079	2079	2174.0
YKL145W	chrXI	+	174212	175616	1404	1404	1646.0
YKL144C	chrXI	-	175842	176481	639	639	874.0
YKL143W	chrXI	+	176780	178172	1392	1392	1560.0
YKL142W	chrXI	+	178514	179174	660	660	879.0
YKL141W	chrXI	+	179666	180263	597	597	779.0
YKL140W	chrXI	+	180778	182425	1647	1647	2120.0
YKL139W	chrXI	+	182957	184544	1587	1587	1819.0
YKL138C-A	chrXI	-	184802	185012	210	210	547.0
YKL138C	chrXI	-	185285	185681	396	396	634.0
YKL137W	chrXI	+	185956	186292	336	336	575.0
YKL135C	chrXI	-	186459	188640	2181	2181	2425.0
YKL134C	chrXI	-	189123	191442	2319	2319	2634.0
YKL133C	chrXI	-	191678	193070	1392	1392	1462.0
YKL132C	chrXI	-	193573	194866	1293	1293	1621.0
YKL130C	chrXI	-	195287	196028	741	741	928.0
YKL129C	chrXI	-	196348	200167	3819	3819	4001.0
YKL128C	chrXI	-	200883	201771	888	888	1130.0
YKL127W	chrXI	+	203540	205253	1713	1713	1911.0
YKL126W	chrXI	+	205706	207749	2043	2043	2329.0
YKL125W	chrXI	+	208246	210130	1884	1884	2165.0
YKL124W	chrXI	+	210592	212332	1740	1740	2002.0
YKL122C	chrXI	-	212494	212998	504	504	634.0
YKL121W	chrXI	+	214141	216700	2559	2559	2917.0
YKL120W	chrXI	+	217343	218318	975	975	1233.0
YKL119C	chrXI	-	218569	219217	648	648	832.0
YKL117W	chrXI	+	220323	220974	651	651	923.0
YKL116C	chrXI	-	221343	222900	1557	1557	1845.0
YKL114C	chrXI	-	223351	224455	1104	1104	1235.0
YKL113C	chrXI	-	224726	225875	1149	1149	1316.0
YKL112W	chrXI	+	226569	228765	2196	2196	2504.0
YKL110C	chrXI	-	228938	229880	942	942	1164.0
YKL109W	chrXI	+	232226	233891	1665	1665	2368.0
YKL108W	chrXI	+	234425	235787	1362	1362	1517.0
YKL107W	chrXI	+	236140	237070	930	930	1180.0
YKL106C-A	chrXI	-	237146	237266	120	120	370.0
YKL106W	chrXI	+	237535	238891	1356	1356	1603.0
YKL105C	chrXI	-	239184	242583	3399	3399	3815.0
YKL104C	chrXI	-	243219	245373	2154	2154	2590.0
YKL104W-A	chrXI	+	245031	245286	255	255	505.0
YKL103C	chrXI	-	246137	247682	1545	1545	1776.0
YKL102C	chrXI	-	248061	248367	306	306	556.0
YKL101W	chrXI	+	248919	253476	4557	4557	4961.0
YKL100C	chrXI	-	253696	255460	1764	1764	2048.0
YKL099C	chrXI	-	255719	256472	753	753	928.0
YKL098W	chrXI	+	256769	257843	1074	1074	1228.0
YKL097C	chrXI	-	258502	258913	411	411	661.0
YKL096C-B	chrXI	-	259072	259222	150	150	400.0
YKL096W-A	chrXI	+	259252	259531	279	279	497.0
YKL096W	chrXI	+	261131	261851	720	720	858.0
YKL095W	chrXI	+	262276	263113	837	837	1270.0
YKL094W	chrXI	+	263348	264290	942	942	1043.0
YKL093W	chrXI	+	264788	265808	1020	1020	1270.0
YKL092C	chrXI	-	266144	269459	3315	3315	3521.0
YKL091C	chrXI	-	269717	270650	933	933	1071.0
YKL090W	chrXI	+	271877	273209	1332	1332	1499.0
YKL089W	chrXI	+	273393	275043	1650	1650	1900.0
YKL088W	chrXI	+	275282	276998	1716	1716	1947.0
YKL087C	chrXI	-	277188	277863	675	675	865.0
YKL086W	chrXI	+	278280	278664	384	384	634.0
YKL085W	chrXI	+	279122	280127	1005	1005	1533.0
YKL084W	chrXI	+	280508	280859	351	351	532.0
YKL082C	chrXI	-	281024	282329	1305	1305	1483.0
YKL081W	chrXI	+	282890	284455	1565	1239	1536.0
YKL080W	chrXI	+	285029	286208	1179	1179	1373.0
YKL079W	chrXI	+	286602	288573	1971	1971	2152.0
YKL078W	chrXI	+	288844	291052	2208	2208	2331.0
YKL077W	chrXI	+	291452	292631	1179	1179	1616.0
YKL075C	chrXI	-	292955	294308	1353	1353	1608.0
YKL074C	chrXI	-	294609	296193	1584	1584	1717.0
YKL073W	chrXI	+	296429	299075	2646	2646	2770.0
YKL072W	chrXI	+	299581	301882	2301	2301	2638.0
YKL071W	chrXI	+	305113	305884	771	771	1021.0
YKL070W	chrXI	+	306210	306720	510	510	760.0
YKL069W	chrXI	+	307284	307827	543	543	584.0
YKL068W-A	chrXI	+	309205	309442	237	237	633.0
YKL068W	chrXI	+	310198	313078	2880	2880	3118.0
YKL067W	chrXI	+	314811	315273	462	462	784.0
YKL065W-A	chrXI	+	315953	316175	222	222	472.0
YKL065C	chrXI	-	316436	317057	621	621	826.0
YKL064W	chrXI	+	317763	320673	2910	2910	3241.0
YKL063C	chrXI	-	321014	321518	504	504	886.0
YKL062W	chrXI	+	323227	325120	1893	1893	2265.0
YKL061W	chrXI	+	325770	326112	342	342	624.0
YKL060C	chrXI	-	326407	327487	1080	1080	1215.0
YKL059C	chrXI	-	328117	329443	1326	1326	1533.0
YKL058W	chrXI	+	330165	330534	369	369	774.0
YKL057C	chrXI	-	330855	333969	3114	3114	3219.0
YKL056C	chrXI	-	334411	334915	504	504	779.0
YKL055C	chrXI	-	335320	336157	837	837	1126.0
YKL054C	chrXI	-	336536	338753	2217	2217	2567.0
YKL053C-A	chrXI	-	339181	339442	261	261	446.0
YKL052C	chrXI	-	339667	340546	879	879	966.0
YKL051W	chrXI	+	341311	342373	1062	1062	1581.0
YKL050C	chrXI	-	342851	345620	2769	2769	3019.0
YKL049C	chrXI	-	346074	346764	690	690	866.0
YKL048C	chrXI	-	347213	349136	1923	1923	2182.0
YKL047W	chrXI	+	349462	351013	1551	1551	1768.0
YKL046C	chrXI	-	351274	352624	1350	1350	1819.0
YKL045W	chrXI	+	353492	355079	1587	1587	1793.0
YKL044W	chrXI	+	356321	356642	321	321	417.0
YKL043W	chrXI	+	356747	357848	1101	1101	1351.0
YKL042W	chrXI	+	358474	359566	1092	1092	1426.0
YKL041W	chrXI	+	360142	360817	675	675	867.0
YKL040C	chrXI	-	361057	361828	771	771	1270.0
YKL039W	chrXI	+	362621	364193	1572	1572	1984.0
YKL038W	chrXI	+	365604	369117	3513	3513	3904.0
YKL037W	chrXI	+	369364	369721	357	357	607.0
YKL035W	chrXI	+	369890	371390	1500	1500	1772.0
YKL034W	chrXI	+	371828	374105	2277	2277	2494.0
YKL033W-A	chrXI	+	374504	375215	711	711	881.0
YKL033W	chrXI	+	375455	378572	3117	3117	3562.0
YKL032C	chrXI	-	380064	381858	1794	1794	2205.0
YKL029C	chrXI	-	382715	384725	2010	2010	2281.0
YKL028W	chrXI	+	385757	387206	1449	1449	1781.0
YKL027W	chrXI	+	387561	388905	1344	1344	1568.0
YKL026C	chrXI	-	389379	389883	504	504	811.0
YKL025C	chrXI	-	390239	392279	2040	2040	2120.0
YKL024C	chrXI	-	392525	393140	615	615	865.0
YKL023C-A	chrXI	-	393145	393373	228	228	943.0
YKL023W	chrXI	+	393720	394554	834	834	1445.0
YKL022C	chrXI	-	394725	397248	2523	2523	2541.0
YKL021C	chrXI	-	397343	398750	1407	1407	1402.0
YKL020C	chrXI	-	398831	402080	3249	3249	3436.0
YKL019W	chrXI	+	402567	403518	951	951	1244.0
YKL018C-A	chrXI	-	403579	403879	300	300	467.0
YKL018W	chrXI	+	404101	405091	990	990	1141.0
YKL017C	chrXI	-	405189	407241	2052	2052	2169.0
YKL016C	chrXI	-	407464	407989	525	525	804.0
YKL015W	chrXI	+	408543	411483	2940	2940	3151.0
YKL014C	chrXI	-	411618	416913	5295	5295	5426.0
YKL013C	chrXI	-	417507	418023	516	516	746.0
YKL012W	chrXI	+	418309	420061	1752	1752	1982.0
YKL011C	chrXI	-	420154	421216	1062	1062	1149.0
YKL010C	chrXI	-	421423	425875	4452	4452	4626.0
YKL009W	chrXI	+	426241	426952	711	711	906.0
YKL008C	chrXI	-	427294	428551	1257	1257	1754.0
YKL007W	chrXI	+	429301	430108	807	807	986.0
YKL006C-A	chrXI	-	430197	430632	435	294	920.0
YKL006W	chrXI	+	431905	432720	815	417	534.0
YKL005C	chrXI	-	433092	434877	1785	1785	2105.0
YKL004W	chrXI	+	435579	436785	1206	1206	1727.0
YKL003C	chrXI	-	437096	437492	396	396	563.0
YKL002W	chrXI	+	437777	438544	767	699	1012.0
YKL001C	chrXI	-	438776	439385	609	609	821.0
YKR001C	chrXI	-	440607	442722	2115	2115	2413.0
YKR002W	chrXI	+	443231	444938	1707	1707	2040.0
YKR003W	chrXI	+	445380	446727	1347	1347	1540.0
YKR004C	chrXI	-	446798	448036	1238	1134	1285.0
YKR005C	chrXI	-	448520	450167	1647	1578	1828.0
YKR006C	chrXI	-	450422	451217	795	795	893.0
YKR007W	chrXI	+	451433	451988	555	555	656.0
YKR008W	chrXI	+	452200	454078	1878	1878	2030.0
YKR009C	chrXI	-	454351	457054	2703	2703	2839.0
YKR010C	chrXI	-	458923	461239	2316	2316	2618.0
YKR011C	chrXI	-	461634	462696	1062	1062	1285.0
YKR013W	chrXI	+	463958	464948	990	990	1389.0
YKR014C	chrXI	-	465366	466071	705	705	1088.0
YKR015C	chrXI	-	466960	468667	1707	1707	1957.0
YKR016W	chrXI	+	469716	471339	1623	1623	1911.0
YKR017C	chrXI	-	471693	473349	1656	1656	1968.0
YKR018C	chrXI	-	473722	475900	2178	2178	2547.0
YKR019C	chrXI	-	476215	478063	1848	1848	2042.0
YKR020W	chrXI	+	478337	478832	495	495	757.0
YKR021W	chrXI	+	479233	481981	2748	2748	2883.0
YKR022C	chrXI	-	482170	483139	969	969	1145.0
YKR023W	chrXI	+	483418	485011	1593	1593	1761.0
YKR024C	chrXI	-	485143	487372	2229	2229	2394.0
YKR025W	chrXI	+	487769	488618	849	849	982.0
YKR026C	chrXI	-	488737	489655	918	918	1246.0
YKR027W	chrXI	+	491363	493661	2298	2298	2455.0
YKR028W	chrXI	+	494256	497358	3102	3102	3621.0
YKR029C	chrXI	-	497577	499833	2256	2256	2379.0
YKR030W	chrXI	+	500281	501103	822	822	1141.0
YKR031C	chrXI	-	501343	506395	5052	5052	5374.0
YKR032W	chrXI	+	506516	506831	315	315	565.0
YKR034W	chrXI	+	506897	507707	810	810	1060.0
YKR035W-A	chrXI	+	507938	508553	615	615	786.0
YKR036C	chrXI	-	508701	510633	1932	1932	2081.0
YKR037C	chrXI	-	510909	511797	888	888	1068.0
YKR038C	chrXI	-	511998	513159	1161	1161	1309.0
YKR039W	chrXI	+	515062	516871	1809	1809	2059.0
YKR041W	chrXI	+	518197	518950	753	753	1003.0
YKR042W	chrXI	+	519526	520624	1098	1098	1539.0
YKR043C	chrXI	-	520896	521712	816	816	1001.0
YKR044W	chrXI	+	522014	523346	1332	1332	1548.0
YKR045C	chrXI	-	523417	523969	552	552	699.0
YKR046C	chrXI	-	524222	525074	852	852	1025.0
YKR048C	chrXI	-	525386	526640	1254	1254	1444.0
YKR049C	chrXI	-	526829	527231	402	402	496.0
YKR050W	chrXI	+	527814	530484	2670	2670	3747.0
YKR051W	chrXI	+	530945	532202	1257	1257	1454.0
YKR052C	chrXI	-	532549	533464	915	915	1354.0
YKR053C	chrXI	-	534066	535281	1215	1215	1285.0
YKR054C	chrXI	-	535646	547925	12279	12279	12529.0
YKR055W	chrXI	+	548215	549091	876	876	1229.0
YKR056W	chrXI	+	549447	551367	1920	1920	1869.0
YKR057W	chrXI	+	551656	552242	586	264	527.0
YKR058W	chrXI	+	552769	554620	1851	1851	1960.0
YKR059W	chrXI	+	554986	556174	1188	1188	1534.0
YKR060W	chrXI	+	556517	557342	825	825	1281.0
YKR061W	chrXI	+	557676	558954	1278	1278	1437.0
YKR062W	chrXI	+	559665	560652	987	987	1280.0
YKR063C	chrXI	-	560788	562297	1509	1509	1722.0
YKR064W	chrXI	+	562546	565138	2592	2592	2794.0
YKR065C	chrXI	-	565298	565892	594	594	795.0
YKR066C	chrXI	-	566112	567198	1086	1086	1224.0
YKR067W	chrXI	+	567917	570149	2232	2232	2475.0
YKR068C	chrXI	-	570327	570909	582	582	791.0
YKR069W	chrXI	+	571611	573393	1782	1782	1962.0
YKR070W	chrXI	+	573573	574632	1059	1059	1260.0
YKR071C	chrXI	-	574933	575980	1047	1047	1359.0
YKR072C	chrXI	-	576434	578123	1689	1689	2049.0
YKR073C	chrXI	-	578186	578507	321	321	366.0
YKR074W	chrXI	+	579208	579676	468	468	664.0
YKR075C	chrXI	-	579826	580750	924	924	1174.0
YKR076W	chrXI	+	582282	583395	1113	1113	1363.0
YKR077W	chrXI	+	583652	584744	1092	1092	1191.0
YKR078W	chrXI	+	584951	586709	1758	1758	1879.0
YKR079C	chrXI	-	586788	589305	2517	2517	2933.0
YKR080W	chrXI	+	590394	591357	963	963	1257.0
YKR081C	chrXI	-	591505	592540	1035	1035	1182.0
YKR082W	chrXI	+	592824	596298	3474	3474	3597.0
YKR083C	chrXI	-	596420	596822	402	402	598.0
YKR084C	chrXI	-	597054	598890	1836	1836	2026.0
YKR085C	chrXI	-	599093	599681	588	588	688.0
YKR086W	chrXI	+	599856	603072	3216	3216	3333.0
YKR087C	chrXI	-	603194	604232	1038	1038	1160.0
YKR088C	chrXI	-	604404	605418	1014	1014	1110.0
YKR089C	chrXI	-	605632	608365	2733	2733	2927.0
YKR090W	chrXI	+	608945	611066	2121	2121	2491.0
YKR091W	chrXI	+	611524	612265	741	741	1105.0
YKR092C	chrXI	-	612664	613885	1221	1221	1527.0
YKR093W	chrXI	+	615729	617535	1806	1806	2204.0
YKR094C	chrXI	-	617995	618750	755	387	589.0
YKR095W	chrXI	+	619804	625432	5628	5628	5977.0
YKR095W-A	chrXI	+	625863	626205	342	267	439.0
YKR096W	chrXI	+	626792	630380	3588	3588	3955.0
YKR097W	chrXI	+	631151	632801	1650	1650	1900.0
YKR098C	chrXI	-	633025	635179	2154	2154	2346.0
YKR099W	chrXI	+	635850	638286	2436	2436	2801.0
YKR100C	chrXI	-	638900	639968	1068	1068	1606.0
YKR101W	chrXI	+	640539	642504	1965	1965	2210.0
YKR102W	chrXI	+	646355	649865	3510	3510	3760.0
YKR103W	chrXI	+	653079	656736	3657	3657	3907.0
YKR104W	chrXI	+	656835	657756	921	921	1171.0
YKR105C	chrXI	-	658715	660464	1749	1749	1999.0
YKR106W	chrXI	+	661441	663289	1848	1848	2098.0
YLL067C	chrXII	-	584	4301	3717	3618	3798.0
YLL066W-B	chrXII	+	5604	5775	171	171	421.0
YLL066C	chrXII	-	6119	9836	3717	3618	3696.0
YLL064C	chrXII	-	13082	13445	363	363	613.0
YLL063C	chrXII	-	14647	16072	1425	1425	1551.0
YLL062C	chrXII	-	16638	17613	975	975	1147.0
YLL061W	chrXII	+	17955	19707	1752	1752	1989.0
YLL060C	chrXII	-	21137	21839	702	702	952.0
YLL058W	chrXII	+	23568	25296	1728	1728	1905.0
YLL057C	chrXII	-	25755	26994	1239	1239	1489.0
YLL056C	chrXII	-	27408	28305	897	897	1019.0
YLL055W	chrXII	+	30108	31704	1596	1596	2159.0
YLL054C	chrXII	-	32672	35204	2532	2532	2950.0
YLL053C	chrXII	-	35502	35961	459	459	709.0
YLL052C	chrXII	-	35911	36361	450	450	700.0
YLL051C	chrXII	-	37332	39471	2139	2139	2374.0
YLL050C	chrXII	-	39803	40414	611	432	581.0
YLL049W	chrXII	+	40665	41205	540	540	638.0
YLL048C	chrXII	-	41279	46265	4986	4986	5284.0
YLL046C	chrXII	-	46713	47463	750	750	1000.0
YLL045C	chrXII	-	47858	48629	771	771	907.0
YLL043W	chrXII	+	49937	51947	2010	2010	2261.0
YLL042C	chrXII	-	52086	52590	504	504	754.0
YLL041C	chrXII	-	53130	53931	801	801	1249.0
YLL040C	chrXII	-	54210	63645	9435	9435	9502.0
YLL039C	chrXII	-	64061	65207	1146	1146	1442.0
YLL038C	chrXII	-	65774	66518	744	744	1378.0
YLL036C	chrXII	-	66744	68256	1512	1512	1584.0
YLL035W	chrXII	+	68579	70478	1899	1899	2224.0
YLL034C	chrXII	-	70632	73146	2514	2514	2719.0
YLL033W	chrXII	+	73408	74101	693	693	1256.0
YLL032C	chrXII	-	74269	76747	2478	2478	2882.0
YLL031C	chrXII	-	77151	80205	3054	3054	3203.0
YLL030C	chrXII	-	80355	80697	342	342	592.0
YLL029W	chrXII	+	81460	83710	2250	2250	2506.0
YLL028W	chrXII	+	84803	86564	1761	1761	2291.0
YLL027W	chrXII	+	87402	88155	753	753	1112.0
YLL026W	chrXII	+	88622	91349	2727	2727	2983.0
YLL025W	chrXII	+	94746	95121	375	375	625.0
YLL024C	chrXII	-	95565	97485	1920	1920	2084.0
YLL023C	chrXII	-	97996	98836	840	840	996.0
YLL022C	chrXII	-	99043	100201	1158	1158	1469.0
YLL021W	chrXII	+	100946	105347	4401	4401	4647.0
YLL019C	chrXII	-	105685	107899	2214	2214	2464.0
YLL018C-A	chrXII	-	108675	108972	297	297	972.0
YLL018C	chrXII	-	109901	111575	1674	1674	1893.0
YLL015W	chrXII	+	116431	121111	4680	4680	4838.0
YLL014W	chrXII	+	121321	121648	327	327	484.0
YLL013C	chrXII	-	122074	124714	2640	2640	3316.0
YLL012W	chrXII	+	125533	127255	1722	1722	1854.0
YLL011W	chrXII	+	127522	128992	1470	1470	1595.0
YLL010C	chrXII	-	129329	130613	1284	1284	1875.0
YLL009C	chrXII	-	131204	131414	210	210	353.0
YLL008W	chrXII	+	131728	133987	2259	2259	2469.0
YLL007C	chrXII	-	134301	136299	1998	1998	2323.0
YLL006W-A	chrXII	+	136344	136521	177	177	427.0
YLL006W	chrXII	+	136585	137866	1281	1281	1354.0
YLL005C	chrXII	-	137939	140546	2607	2607	2857.0
YLL004W	chrXII	+	141072	142923	1851	1851	1924.0
YLL003W	chrXII	+	143200	146041	2841	2841	3000.0
YLL002W	chrXII	+	146290	147601	1311	1311	1394.0
YLL001W	chrXII	+	147889	150163	2274	2274	2494.0
YLR001C	chrXII	-	151388	153977	2589	2589	2673.0
YLR002C	chrXII	-	154342	156334	1992	1992	2176.0
YLR003C	chrXII	-	156854	157730	876	876	1014.0
YLR004C	chrXII	-	157933	159505	1572	1572	1822.0
YLR005W	chrXII	+	160048	161434	1386	1386	1661.0
YLR006C	chrXII	-	161754	163893	2139	2139	2411.0
YLR007W	chrXII	+	164391	165402	1011	1011	1081.0
YLR008C	chrXII	-	165576	166083	507	507	887.0
YLR009W	chrXII	+	166536	167136	600	600	909.0
YLR010C	chrXII	-	167319	167802	483	483	681.0
YLR011W	chrXII	+	169102	169678	576	576	945.0
YLR012C	chrXII	-	169981	170281	300	300	550.0
YLR013W	chrXII	+	171338	171764	426	426	676.0
YLR014C	chrXII	-	172267	174982	2715	2715	3011.0
YLR015W	chrXII	+	175226	176744	1518	1518	1759.0
YLR016C	chrXII	-	176801	177416	615	615	739.0
YLR017W	chrXII	+	177607	178621	1014	1014	1109.0
YLR018C	chrXII	-	178706	179606	900	900	1085.0
YLR019W	chrXII	+	180287	181481	1194	1194	1752.0
YLR020C	chrXII	-	181788	183405	1617	1617	1865.0
YLR021W	chrXII	+	183622	184162	540	540	659.0
YLR022C	chrXII	-	184173	184926	753	753	820.0
YLR023C	chrXII	-	185497	187129	1632	1632	2318.0
YLR024C	chrXII	-	187662	193281	5619	5619	5869.0
YLR025W	chrXII	+	194451	195174	723	723	922.0
YLR026C	chrXII	-	195449	196472	1023	1023	1216.0
YLR027C	chrXII	-	196828	198085	1257	1257	1346.0
YLR028C	chrXII	-	199539	201315	1776	1776	2115.0
YLR029C	chrXII	-	201975	202590	615	615	769.0
YLR030W	chrXII	+	203289	204081	792	792	1042.0
YLR031W	chrXII	+	204224	204785	561	561	811.0
YLR032W	chrXII	+	204990	208500	3510	3510	3602.0
YLR033W	chrXII	+	208760	210269	1509	1509	1771.0
YLR034C	chrXII	-	210511	211933	1422	1422	1791.0
YLR035C	chrXII	-	212368	214456	2088	2088	2485.0
YLR036C	chrXII	-	221520	222132	612	612	917.0
YLR037C	chrXII	-	222684	223059	375	375	625.0
YLR038C	chrXII	-	224920	225172	252	252	650.0
YLR039C	chrXII	-	225425	228596	3171	3171	3339.0
YLR040C	chrXII	-	228907	229582	675	675	930.0
YLR042C	chrXII	-	229965	230451	486	486	678.0
YLR043C	chrXII	-	231701	232013	312	312	511.0
YLR045C	chrXII	-	235036	237703	2667	2667	2978.0
YLR046C	chrXII	-	238000	238813	813	813	1063.0
YLR047C	chrXII	-	239346	241407	2061	2061	2583.0
YLR048W	chrXII	+	242231	243349	1118	759	1043.0
YLR049C	chrXII	-	243885	245172	1287	1287	1455.0
YLR050C	chrXII	-	245586	246072	486	486	626.0
YLR051C	chrXII	-	246323	246977	654	654	804.0
YLR052W	chrXII	+	247200	247953	753	753	1500.0
YLR053C	chrXII	-	248099	248426	327	327	577.0
YLR054C	chrXII	-	248716	250978	2262	2175	2425.0
YLR055C	chrXII	-	251271	253080	1809	1809	1909.0
YLR056W	chrXII	+	253860	254958	1098	1098	1348.0
YLR057W	chrXII	+	255305	257855	2550	2550	2715.0
YLR058C	chrXII	-	257991	259401	1410	1410	1675.0
YLR059C	chrXII	-	259737	260547	810	810	1106.0
YLR060W	chrXII	+	260978	262766	1788	1788	1923.0
YLR061W	chrXII	+	263193	263948	755	366	478.0
YLR063W	chrXII	+	264156	265254	1098	1098	1383.0
YLR064W	chrXII	+	265455	266277	822	822	975.0
YLR065C	chrXII	-	266372	266918	546	546	692.0
YLR066W	chrXII	+	267168	267723	555	555	765.0
YLR067C	chrXII	-	267812	270710	2898	2898	3078.0
YLR068W	chrXII	+	271007	271463	456	456	594.0
YLR069C	chrXII	-	271629	273915	2286	2286	2457.0
YLR070C	chrXII	-	274140	275211	1071	1071	1321.0
YLR071C	chrXII	-	275377	278626	3249	3249	3423.0
YLR072W	chrXII	+	278861	280943	2082	2082	2185.0
YLR073C	chrXII	-	281018	281621	603	603	818.0
YLR074C	chrXII	-	281955	282456	501	501	800.0
YLR075W	chrXII	+	282926	283592	666	666	805.0
YLR077W	chrXII	+	283871	285623	1752	1752	1975.0
YLR078C	chrXII	-	285735	286559	824	735	964.0
YLR079W	chrXII	+	286819	287674	855	855	1049.0
YLR080W	chrXII	+	287915	289250	1335	1335	1585.0
YLR081W	chrXII	+	290211	291936	1725	1725	1975.0
YLR082C	chrXII	-	292393	293572	1179	1179	1584.0
YLR083C	chrXII	-	294090	296094	2004	2004	2392.0
YLR084C	chrXII	-	296588	300251	3663	3663	3887.0
YLR085C	chrXII	-	300672	301989	1317	1317	1445.0
YLR086W	chrXII	+	302242	306499	4257	4257	4507.0
YLR087C	chrXII	-	306854	315731	8877	8877	9127.0
YLR088W	chrXII	+	316106	317951	1845	1845	2114.0
YLR089C	chrXII	-	318236	320015	1779	1779	2296.0
YLR090W	chrXII	+	320700	322080	1380	1380	1552.0
YLR091W	chrXII	+	322296	323178	882	882	1249.0
YLR092W	chrXII	+	323543	326225	2682	2682	2877.0
YLR093C	chrXII	-	326512	327415	903	762	1063.0
YLR094C	chrXII	-	327729	329238	1509	1509	1666.0
YLR095C	chrXII	-	329676	332115	2439	2439	2538.0
YLR096W	chrXII	+	332589	336033	3444	3444	3779.0
YLR097C	chrXII	-	336230	337265	1035	1035	1260.0
YLR098C	chrXII	-	337526	339473	1947	1947	2098.0
YLR099C	chrXII	-	339743	340928	1185	1185	1414.0
YLR099W-A	chrXII	+	341324	341588	264	264	359.0
YLR100W	chrXII	+	341809	342853	1044	1044	1224.0
YLR102C	chrXII	-	342969	343767	798	798	948.0
YLR103C	chrXII	-	343988	345941	1953	1953	2121.0
YLR104W	chrXII	+	346584	346980	396	396	497.0
YLR105C	chrXII	-	347046	348180	1134	1134	1290.0
YLR106C	chrXII	-	349005	363738	14733	14733	15037.0
YLR107W	chrXII	+	364115	365330	1215	1215	1380.0
YLR108C	chrXII	-	366666	368124	1458	1458	1660.0
YLR109W	chrXII	+	368780	369311	531	531	636.0
YLR110C	chrXII	-	369696	370098	402	402	561.0
YLR111W	chrXII	+	370390	370723	333	333	583.0
YLR112W	chrXII	+	370790	371210	420	420	838.0
YLR113W	chrXII	+	371619	372927	1308	1308	1616.0
YLR114C	chrXII	-	374943	377238	2295	2295	2835.0
YLR115W	chrXII	+	377984	380564	2580	2580	2749.0
YLR116W	chrXII	+	380821	382252	1431	1431	1639.0
YLR117C	chrXII	-	382470	384534	2064	2064	2296.0
YLR118C	chrXII	-	384724	385408	684	684	914.0
YLR119W	chrXII	+	385533	386175	642	642	693.0
YLR120C	chrXII	-	386510	388220	1710	1710	2277.0
YLR121C	chrXII	-	388743	390270	1527	1527	1696.0
YLR122C	chrXII	-	390953	391331	378	378	628.0
YLR125W	chrXII	+	393483	393894	411	411	661.0
YLR126C	chrXII	-	394764	395520	756	756	1066.0
YLR127C	chrXII	-	395757	398319	2562	2562	2828.0
YLR128W	chrXII	+	398529	399433	904	810	1064.0
YLR129W	chrXII	+	399656	402488	2832	2832	3049.0
YLR130C	chrXII	-	402793	404062	1269	1269	1725.0
YLR131C	chrXII	-	404509	406822	2313	2313	2619.0
YLR132C	chrXII	-	407282	408155	873	873	1269.0
YLR133W	chrXII	+	408444	410193	1749	1749	2354.0
YLR134W	chrXII	+	410722	412414	1692	1692	1814.0
YLR135W	chrXII	+	413280	415527	2247	2247	2435.0
YLR136C	chrXII	-	415800	416658	858	858	1139.0
YLR137W	chrXII	+	417005	418109	1104	1104	1164.0
YLR138W	chrXII	+	418436	421394	2958	2958	3183.0
YLR139C	chrXII	-	421541	423473	1932	1932	2111.0
YLR141W	chrXII	+	423682	424774	1092	1092	568.0
YLR142W	chrXII	+	425185	426616	1431	1431	1681.0
YLR143W	chrXII	+	427328	429386	2058	2058	2298.0
YLR144C	chrXII	-	429676	432016	2340	2340	2550.0
YLR145W	chrXII	+	432167	432773	606	606	673.0
YLR146C	chrXII	-	432822	433725	903	903	1031.0
YLR146W-A	chrXII	+	433869	434058	189	189	284.0
YLR147C	chrXII	-	434157	434463	306	306	433.0
YLR148W	chrXII	+	434640	437397	2757	2757	2929.0
YLR149C	chrXII	-	437630	439823	2193	2193	2443.0
YLR150W	chrXII	+	440466	441288	822	822	1111.0
YLR151C	chrXII	-	441714	442737	1023	1023	1412.0
YLR152C	chrXII	-	442957	444688	1731	1731	1989.0
YLR153C	chrXII	-	445523	447575	2052	2052	2461.0
YLR154C	chrXII	-	447981	448314	333	333	455.0
YLR156W	chrXII	+	472112	472457	345	345	595.0
YLR156C-A	chrXII	-	472478	472610	132	132	382.0
YLR157C	chrXII	-	472968	474057	1089	1089	1339.0
YLR157W-D	chrXII	+	475763	475976	213	213	463.0
YLR157W-E	chrXII	+	481872	482037	165	165	415.0
YLR157C-C	chrXII	-	482058	482190	132	132	382.0
YLR158C	chrXII	-	482548	483637	1089	1089	1339.0
YLR159W	chrXII	+	485344	485689	345	345	836.0
YLR159C-A	chrXII	-	485710	485842	132	132	382.0
YLR160C	chrXII	-	486200	487289	1089	1089	1339.0
YLR161W	chrXII	+	488996	489341	345	345	595.0
YLR162W	chrXII	+	489572	489929	357	357	607.0
YLR162W-A	chrXII	+	490405	490594	189	189	439.0
YLR163C	chrXII	-	491865	493254	1389	1389	1565.0
YLR164W	chrXII	+	493882	494389	507	507	962.0
YLR165C	chrXII	-	494493	495258	765	765	879.0
YLR166C	chrXII	-	495428	498044	2616	2616	2721.0
YLR167W	chrXII	+	498946	499405	459	459	564.0
YLR168C	chrXII	-	499577	500270	693	693	873.0
YLR170C	chrXII	-	500578	501049	471	471	766.0
YLR172C	chrXII	-	501259	502162	903	903	1081.0
YLR173W	chrXII	+	502420	504247	1827	1827	2272.0
YLR174W	chrXII	+	504590	505829	1239	1239	1489.0
YLR175W	chrXII	+	506133	507585	1452	1452	1707.0
YLR176C	chrXII	-	507796	510232	2436	2436	2521.0
YLR177W	chrXII	+	511053	512940	1887	1887	2663.0
YLR178C	chrXII	-	513161	513821	660	660	910.0
YLR179C	chrXII	-	514107	514713	606	606	798.0
YLR180W	chrXII	+	515261	516410	1149	1149	1474.0
YLR181C	chrXII	-	516677	517670	993	993	1218.0
YLR182W	chrXII	+	517939	520351	2412	2412	2595.0
YLR183C	chrXII	-	520542	522012	1470	1470	1739.0
YLR185W	chrXII	+	522662	523288	626	267	385.0
YLR186W	chrXII	+	523631	524390	759	759	892.0
YLR187W	chrXII	+	524864	527945	3081	3081	3460.0
YLR188W	chrXII	+	528299	530387	2088	2088	2417.0
YLR189C	chrXII	-	530796	534393	3597	3597	3800.0
YLR190W	chrXII	+	535213	536689	1476	1476	2281.0
YLR191W	chrXII	+	537271	538432	1161	1161	1284.0
YLR192C	chrXII	-	538791	539589	798	798	1087.0
YLR193C	chrXII	-	540008	540536	528	528	737.0
YLR194C	chrXII	-	540808	541573	765	765	844.0
YLR195C	chrXII	-	541936	543304	1368	1368	1772.0
YLR196W	chrXII	+	543967	545698	1731	1731	2044.0
YLR197W	chrXII	+	546096	547611	1515	1515	1757.0
YLR199C	chrXII	-	547852	548769	917	831	1116.0
YLR200W	chrXII	+	549011	549356	345	345	555.0
YLR201C	chrXII	-	549510	550293	783	783	916.0
YLR203C	chrXII	-	550649	551960	1311	1311	1574.0
YLR204W	chrXII	+	552269	552605	336	336	519.0
YLR205C	chrXII	-	552723	553677	954	954	1204.0
YLR206W	chrXII	+	554577	556419	1842	1842	2142.0
YLR207W	chrXII	+	556787	559289	2502	2502	2619.0
YLR208W	chrXII	+	559550	560444	894	894	1378.0
YLR209C	chrXII	-	560796	561732	936	936	1155.0
YLR210W	chrXII	+	562007	563390	1383	1383	1615.0
YLR211C	chrXII	-	563791	564531	740	681	1102.0
YLR212C	chrXII	-	564859	566281	1422	1422	1592.0
YLR213C	chrXII	-	566653	567922	1269	1269	1519.0
YLR214W	chrXII	+	568566	570627	2061	2061	2273.0
YLR215C	chrXII	-	570775	571858	1083	1083	1228.0
YLR216C	chrXII	-	572095	573211	1116	1116	1290.0
YLR218C	chrXII	-	573465	573918	453	453	452.0
YLR219W	chrXII	+	574150	576337	2187	2187	2531.0
YLR220W	chrXII	+	576824	577793	969	969	1291.0
YLR221C	chrXII	-	578361	579024	663	663	967.0
YLR222C	chrXII	-	579317	581771	2454	2454	2664.0
YLR223C	chrXII	-	582232	585490	3258	3258	3775.0
YLR224W	chrXII	+	586463	587573	1110	1110	1530.0
YLR225C	chrXII	-	587694	588918	1224	1224	1415.0
YLR226W	chrXII	+	589353	590541	1188	1188	1835.0
YLR227C	chrXII	-	590561	592043	1482	1482	1732.0
YLR228C	chrXII	-	600018	602463	2445	2445	2908.0
YLR229C	chrXII	-	604211	604787	576	576	875.0
YLR231C	chrXII	-	605757	607119	1362	1362	1562.0
YLR233C	chrXII	-	607424	609524	2100	2100	2457.0
YLR234W	chrXII	+	609782	611753	1971	1971	2522.0
YLR236C	chrXII	-	611793	612117	324	324	574.0
YLR237W	chrXII	+	612366	614163	1797	1797	2118.0
YLR238W	chrXII	+	614754	616191	1437	1437	1671.0
YLR239C	chrXII	-	616331	617318	987	987	1123.0
YLR240W	chrXII	+	617532	620160	2628	2628	2812.0
YLR241W	chrXII	+	620472	622821	2349	2349	2571.0
YLR242C	chrXII	-	622917	623883	966	966	1079.0
YLR243W	chrXII	+	624202	625021	819	819	1031.0
YLR244C	chrXII	-	625167	626331	1164	1164	861.0
YLR245C	chrXII	-	626501	626930	429	429	696.0
YLR246W	chrXII	+	627117	628197	1080	1080	1160.0
YLR247C	chrXII	-	628683	633354	4671	4671	4793.0
YLR248W	chrXII	+	634251	636084	1833	1833	2555.0
YLR249W	chrXII	+	636779	639914	3135	3135	3345.0
YLR250W	chrXII	+	640316	641021	705	705	1073.0
YLR251W	chrXII	+	641463	642057	594	594	982.0
YLR253W	chrXII	+	642626	644336	1710	1710	1852.0
YLR254C	chrXII	-	644403	644973	570	570	720.0
YLR255C	chrXII	-	645599	645953	354	354	604.0
YLR256W	chrXII	+	646414	650923	4509	4509	4988.0
YLR257W	chrXII	+	658825	659791	966	966	1281.0
YLR258W	chrXII	+	660715	662833	2118	2118	2544.0
YLR259C	chrXII	-	663283	665002	1719	1719	1953.0
YLR260W	chrXII	+	665843	667907	2064	2064	2372.0
YLR261C	chrXII	-	668236	668563	327	327	577.0
YLR262C	chrXII	-	668243	668891	648	648	1015.0
YLR262C-A	chrXII	-	669467	669662	195	195	333.0
YLR263W	chrXII	+	670339	672823	2484	2484	2734.0
YLR264W	chrXII	+	673130	673334	204	204	876.0
YLR264C-A	chrXII	-	673827	673944	117	117	367.0
YLR265C	chrXII	-	674426	675455	1029	1029	1283.0
YLR266C	chrXII	-	675618	677724	2106	2106	2151.0
YLR267W	chrXII	+	678211	679924	1713	1713	1963.0
YLR268W	chrXII	+	680199	680844	645	645	852.0
YLR270W	chrXII	+	681185	682238	1053	1053	1362.0
YLR271W	chrXII	+	682736	683561	825	825	1241.0
YLR272C	chrXII	-	683671	687202	3531	3531	3698.0
YLR273C	chrXII	-	689082	691029	1947	1947	2318.0
YLR274W	chrXII	+	691554	693882	2328	2328	2480.0
YLR275W	chrXII	+	694377	694800	423	333	643.0
YLR276C	chrXII	-	695045	696830	1785	1785	2024.0
YLR277C	chrXII	-	697155	699495	2340	2340	2566.0
YLR278C	chrXII	-	699998	704024	4026	4026	4129.0
YLR281C	chrXII	-	704492	704960	468	468	718.0
YLR283W	chrXII	+	705185	706130	945	945	1054.0
YLR284C	chrXII	-	706197	707040	843	843	1093.0
YLR285W	chrXII	+	707359	708145	786	786	1005.0
YLR285C-A	chrXII	-	708167	708338	171	171	421.0
YLR286C	chrXII	-	708447	710136	1689	1689	2090.0
YLR287C	chrXII	-	710990	712058	1068	1068	1435.0
YLR287C-A	chrXII	-	712536	713158	622	192	426.0
YLR288C	chrXII	-	713479	714904	1425	1425	1578.0
YLR289W	chrXII	+	715088	717026	1938	1938	2081.0
YLR290C	chrXII	-	717144	717978	834	834	951.0
YLR291C	chrXII	-	718316	719462	1146	1146	1362.0
YLR292C	chrXII	-	719788	720370	582	582	802.0
YLR293C	chrXII	-	720770	721430	660	660	952.0
YLR295C	chrXII	-	721998	722373	375	375	696.0
YLR296W	chrXII	+	722977	723304	327	327	577.0
YLR297W	chrXII	+	724043	724433	390	390	640.0
YLR298C	chrXII	-	724720	725416	696	696	796.0
YLR299W	chrXII	+	726068	728051	1983	1983	2111.0
YLR300W	chrXII	+	728954	730301	1347	1347	1692.0
YLR301W	chrXII	+	730824	731559	735	735	933.0
YLR302C	chrXII	-	732190	732553	363	363	613.0
YLR303W	chrXII	+	732541	733876	1335	1335	1585.0
YLR304C	chrXII	-	735211	737548	2337	2337	2611.0
YLR305C	chrXII	-	738160	743863	5703	5703	5868.0
YLR306W	chrXII	+	744150	744851	701	567	900.0
YLR307W	chrXII	+	745619	746525	906	906	1156.0
YLR307C-A	chrXII	-	746847	747111	264	264	514.0
YLR308W	chrXII	+	747936	748875	939	939	1189.0
YLR309C	chrXII	-	749033	751769	2736	2736	2902.0
YLR310C	chrXII	-	752223	756993	4770	4770	5173.0
YLR312C	chrXII	-	757636	758833	1197	1197	1447.0
YLR312W-A	chrXII	+	759479	760241	762	762	931.0
YLR313C	chrXII	-	760749	762342	1593	1593	1843.0
YLR314C	chrXII	-	762574	764137	1563	1563	1770.0
YLR315W	chrXII	+	764807	765269	462	462	763.0
YLR316C	chrXII	-	765265	766358	1093	969	1097.0
YLR318W	chrXII	+	766541	769196	2655	2655	2905.0
YLR319C	chrXII	-	769317	771684	2367	2367	2620.0
YLR320W	chrXII	+	771939	776304	4365	4365	4424.0
YLR321C	chrXII	-	776583	777864	1281	1281	1628.0
YLR323C	chrXII	-	778172	778952	780	780	990.0
YLR324W	chrXII	+	779214	780786	1572	1572	1783.0
YLR325C	chrXII	-	781142	781379	237	237	499.0
YLR326W	chrXII	+	782173	782896	723	723	956.0
YLR327C	chrXII	-	783126	783387	261	261	521.0
YLR328W	chrXII	+	784912	786118	1206	1206	1588.0
YLR329W	chrXII	+	786441	787333	892	795	1045.0
YLR330W	chrXII	+	787663	789679	2016	2016	2216.0
YLR331C	chrXII	-	790668	791046	378	378	628.0
YLR332W	chrXII	+	790675	791806	1131	1131	1747.0
YLR333C	chrXII	-	795572	795899	327	327	938.0
YLR335W	chrXII	+	797429	799592	2163	2163	2341.0
YLR336C	chrXII	-	799696	802396	2700	2700	2862.0
YLR337C	chrXII	-	802652	805106	2454	2454	2640.0
YLR340W	chrXII	+	805886	806825	939	939	1080.0
YLR341W	chrXII	+	807384	808818	1434	1434	1684.0
YLR342W	chrXII	+	809996	815627	5631	5631	6136.0
YLR342W-A	chrXII	+	815809	815983	174	174	65.0
YLR343W	chrXII	+	816093	817761	1668	1668	1918.0
YLR344W	chrXII	+	819311	820142	831	384	577.0
YLR345W	chrXII	+	820510	822040	1530	1530	1703.0
YLR346C	chrXII	-	822286	822592	306	306	556.0
YLR347C	chrXII	-	823827	826413	2586	2586	3078.0
YLR348C	chrXII	-	826976	827873	897	897	1041.0
YLR350W	chrXII	+	828729	829380	651	651	894.0
YLR351C	chrXII	-	829488	830364	876	876	1024.0
YLR352W	chrXII	+	831115	833539	2424	2424	2674.0
YLR353W	chrXII	+	834351	836163	1812	1812	2485.0
YLR354C	chrXII	-	836349	837357	1008	1008	1208.0
YLR355C	chrXII	-	838065	839253	1188	1188	1485.0
YLR356W	chrXII	+	840320	840914	594	594	765.0
YLR357W	chrXII	+	841330	844000	2670	2670	2902.0
YLR358C	chrXII	-	843486	844050	564	564	814.0
YLR359W	chrXII	+	844281	845730	1449	1449	1693.0
YLR360W	chrXII	+	846102	847422	1320	1320	1533.0
YLR361C	chrXII	-	847387	849124	1737	1737	2123.0
YLR361C-A	chrXII	-	849382	849679	297	297	489.0
YLR362W	chrXII	+	849865	852019	2154	2154	2297.0
YLR363C	chrXII	-	852494	853151	657	657	1162.0
YLR363W-A	chrXII	+	853460	853718	258	258	626.0
YLR364W	chrXII	+	854061	854391	330	330	422.0
YLR365W	chrXII	+	855198	855531	333	333	583.0
YLR367W	chrXII	+	856441	857317	876	393	1047.0
YLR368W	chrXII	+	857539	859336	1797	1797	1908.0
YLR369W	chrXII	+	859551	861525	1974	1974	2130.0
YLR370C	chrXII	-	861717	862254	537	537	764.0
YLR371W	chrXII	+	862713	866784	4071	4071	4422.0
YLR372W	chrXII	+	867353	868391	1038	1038	1503.0
YLR373C	chrXII	-	868661	871367	2706	2706	2813.0
YLR375W	chrXII	+	871696	872728	1032	1032	1191.0
YLR376C	chrXII	-	872825	873554	729	729	847.0
YLR377C	chrXII	-	873745	874792	1047	1047	1297.0
YLR378C	chrXII	-	875735	877178	1443	1443	1849.0
YLR379W-A	chrXII	+	877443	877716	273	273	523.0
YLR380W	chrXII	+	878281	879508	1227	1227	1465.0
YLR381W	chrXII	+	879722	881924	2202	2202	2307.0
YLR382C	chrXII	-	882066	884751	2685	2685	3117.0
YLR383W	chrXII	+	885287	888632	3345	3345	3416.0
YLR384C	chrXII	-	888850	892900	4050	4050	4120.0
YLR385C	chrXII	-	892991	893390	399	399	137.0
YLR386W	chrXII	+	893627	896270	2643	2643	2854.0
YLR387C	chrXII	-	896373	897672	1299	1299	1549.0
YLR388W	chrXII	+	898650	898821	171	171	802.0
YLR389C	chrXII	-	899576	902660	3084	3084	3959.0
YLR390W	chrXII	+	903065	903404	339	339	586.0
YLR390W-A	chrXII	+	903723	904440	717	717	992.0
YLR392C	chrXII	-	904748	906305	1557	1557	1828.0
YLR393W	chrXII	+	907078	907918	840	840	1105.0
YLR394W	chrXII	+	907949	909398	1449	1449	1699.0
YLR395C	chrXII	-	909728	909965	237	237	599.0
YLR396C	chrXII	-	910234	912310	2076	2076	2371.0
YLR397C	chrXII	-	912549	914892	2343	2343	2506.0
YLR398C	chrXII	-	915155	919019	3864	3864	4090.0
YLR399C	chrXII	-	919535	921596	2061	2061	2378.0
YLR401C	chrXII	-	922441	924448	2007	2007	2094.0
YLR403W	chrXII	+	925567	927619	2052	2052	2302.0
YLR404W	chrXII	+	928742	929600	858	858	953.0
YLR405W	chrXII	+	929788	930892	1104	1104	1269.0
YLR406C	chrXII	-	931064	931755	691	342	555.0
YLR406C-A	chrXII	-	932205	932355	150	150	400.0
YLR407W	chrXII	+	932966	933653	687	687	1156.0
YLR408C	chrXII	-	933884	934253	369	369	456.0
YLR409C	chrXII	-	934413	937233	2820	2820	2972.0
YLR410W	chrXII	+	937540	940981	3441	3441	3581.0
YLR411W	chrXII	+	947252	947978	726	726	976.0
YLR412W	chrXII	+	948367	949192	825	825	1703.0
YLR412C-A	chrXII	-	950266	950473	207	207	75.0
YLR413W	chrXII	+	951155	953183	2028	2028	2240.0
YLR414C	chrXII	-	953352	954144	792	792	1048.0
YLR415C	chrXII	-	954258	954597	339	339	589.0
YLR417W	chrXII	+	955009	956710	1701	1701	1919.0
YLR418C	chrXII	-	956913	958095	1182	1182	1514.0
YLR419W	chrXII	+	958427	962735	4308	4308	4505.0
YLR420W	chrXII	+	963784	964879	1095	1095	1249.0
YLR421C	chrXII	-	965089	965560	471	471	748.0
YLR422W	chrXII	+	965896	971695	5799	5799	5987.0
YLR423C	chrXII	-	971916	973170	1254	1254	1505.0
YLR424W	chrXII	+	973394	975521	2127	2127	2292.0
YLR425W	chrXII	+	982893	986817	3924	3924	3993.0
YLR426W	chrXII	+	987061	988113	1052	981	1084.0
YLR427W	chrXII	+	988427	990440	2013	2013	2280.0
YLR429W	chrXII	+	990776	992732	1956	1956	2170.0
YLR430W	chrXII	+	993433	1000129	6696	6696	6783.0
YLR431C	chrXII	-	1000341	1001703	1362	1362	1724.0
YLR432W	chrXII	+	1002556	1004128	1572	1572	1824.0
YLR433C	chrXII	-	1004346	1006008	1662	1662	2072.0
YLR435W	chrXII	+	1006377	1006995	618	618	893.0
YLR436C	chrXII	-	1007420	1011245	3825	3825	4031.0
YLR437C	chrXII	-	1011621	1012023	402	402	626.0
YLR438W	chrXII	+	1012500	1013775	1275	1275	1419.0
YLR438C-A	chrXII	-	1013908	1014178	270	270	472.0
YLR439W	chrXII	+	1014490	1015450	960	960	1182.0
YLR440C	chrXII	-	1015567	1017697	2130	2130	2427.0
YLR441C	chrXII	-	1018140	1018908	768	768	1039.0
YLR442C	chrXII	-	1019314	1022251	2937	2937	3074.0
YLR443W	chrXII	+	1022624	1023971	1347	1347	1581.0
YLR445W	chrXII	+	1024188	1024837	649	567	817.0
YLR446W	chrXII	+	1025213	1026515	1302	1302	1552.0
YLR447C	chrXII	-	1026855	1027893	1038	1038	1226.0
YLR448W	chrXII	+	1028853	1029768	915	531	905.0
YLR449W	chrXII	+	1030833	1032012	1179	1179	1289.0
YLR450W	chrXII	+	1032626	1035764	3138	3138	3410.0
YLR451W	chrXII	+	1036092	1038753	2661	2661	2952.0
YLR452C	chrXII	-	1039269	1041366	2097	2097	2761.0
YLR453C	chrXII	-	1041798	1042986	1188	1188	1483.0
YLR454W	chrXII	+	1043997	1051884	7887	7887	7962.0
YLR455W	chrXII	+	1053628	1054543	915	915	1545.0
YLR456W	chrXII	+	1055069	1055684	615	615	706.0
YLR457C	chrXII	-	1055811	1056771	960	960	1210.0
YLR459W	chrXII	+	1057333	1058518	1185	1185	1475.0
YLR460C	chrXII	-	1059756	1060887	1131	1131	1381.0
YLR461W	chrXII	+	1062918	1063281	363	363	613.0
YLR462W	chrXII	+	1065955	1066564	609	609	859.0
YLR464W	chrXII	+	1066571	1067501	930	651	901.0
YLR466W	chrXII	+	1067086	1071235	4149	4149	4225.0
YLR467W	chrXII	+	1072507	1077898	5391	5391	5641.0
YML133C	chrXIII	-	460	4684	4224	4125	4203.0
YML132W	chrXIII	+	7243	8383	1140	1140	1222.0
YML131W	chrXIII	+	10197	11295	1098	1098	1327.0
YML130C	chrXIII	-	11482	13174	1692	1692	1872.0
YML129C	chrXIII	-	14540	14753	213	213	547.0
YML128C	chrXIII	-	15134	16676	1542	1542	1845.0
YML127W	chrXIII	+	17063	18809	1746	1746	1992.0
YML126C	chrXIII	-	19059	20535	1476	1476	1629.0
YML125C	chrXIII	-	20760	21699	939	939	1082.0
YML124C	chrXIII	-	22047	23683	1636	1338	1500.0
YML123C	chrXIII	-	24036	25800	1764	1764	1941.0
YML122C	chrXIII	-	26037	26418	381	381	631.0
YML121W	chrXIII	+	26929	27862	933	933	1250.0
YML120C	chrXIII	-	28265	29807	1542	1542	1958.0
YML119W	chrXIII	+	30610	31684	1074	1074	1229.0
YML118W	chrXIII	+	32333	33851	1518	1518	1768.0
YML117W	chrXIII	+	34242	37647	3405	3405	3816.0
YML116W	chrXIII	+	38195	39824	1629	1629	1876.0
YML115C	chrXIII	-	40186	41794	1608	1608	1916.0
YML114C	chrXIII	-	42042	43575	1533	1533	1791.0
YML113W	chrXIII	+	44044	44791	747	747	939.0
YML112W	chrXIII	+	45062	45953	891	891	998.0
YML111W	chrXIII	+	46941	49704	2763	2763	3066.0
YML110C	chrXIII	-	50030	50954	924	924	1257.0
YML109W	chrXIII	+	51639	54468	2829	2829	2982.0
YML108W	chrXIII	+	54792	55110	318	318	630.0
YML107C	chrXIII	-	55264	56269	1005	1005	1047.0
YML106W	chrXIII	+	56772	57453	681	681	1121.0
YML105C	chrXIII	-	57865	58687	822	822	958.0
YML104C	chrXIII	-	58938	62322	3384	3384	3476.0
YML103C	chrXIII	-	62581	67549	4968	4968	5088.0
YML102W	chrXIII	+	68293	69700	1407	1407	1985.0
YML101C	chrXIII	-	69734	70088	354	354	493.0
YML100W-A	chrXIII	+	70137	70311	174	174	424.0
YML100W	chrXIII	+	70623	73920	3297	3297	3476.0
YML099C	chrXIII	-	74397	77040	2643	2643	3042.0
YML098W	chrXIII	+	77266	77770	504	504	747.0
YML097C	chrXIII	-	78334	79690	1356	1356	1490.0
YML096W	chrXIII	+	79908	81486	1578	1578	1839.0
YML095C	chrXIII	-	81480	82113	633	633	908.0
YML094W	chrXIII	+	82274	82849	575	492	686.0
YML093W	chrXIII	+	83089	85789	2700	2700	2880.0
YML092C	chrXIII	-	85986	86739	753	753	953.0
YML091C	chrXIII	-	87122	90731	3609	3609	3859.0
YML088W	chrXIII	+	92234	94241	2007	2007	2135.0
YML087C	chrXIII	-	94430	95369	939	939	1189.0
YML086C	chrXIII	-	95790	97371	1581	1581	1847.0
YML085C	chrXIII	-	97940	99400	1460	1344	1572.0
YML083C	chrXIII	-	99793	101050	1257	1257	1507.0
YML082W	chrXIII	+	101861	103811	1950	1950	2169.0
YML081C-A	chrXIII	-	103982	104162	180	180	401.0
YML081W	chrXIII	+	104776	108532	3756	3756	3989.0
YML080W	chrXIII	+	108805	110077	1272	1272	1506.0
YML079W	chrXIII	+	110246	110852	606	606	1455.0
YML078W	chrXIII	+	111001	111550	549	549	710.0
YML077W	chrXIII	+	111864	112344	480	480	660.0
YML076C	chrXIII	-	112512	115347	2835	2835	3008.0
YML075C	chrXIII	-	115733	118898	3165	3165	3529.0
YML074C	chrXIII	-	120088	121324	1236	1236	1380.0
YML073C	chrXIII	-	123226	124172	946	531	627.0
YML072C	chrXIII	-	124729	129367	4638	4638	4964.0
YML071C	chrXIII	-	129748	131572	1824	1824	1944.0
YML070W	chrXIII	+	133474	135229	1755	1755	1933.0
YML069W	chrXIII	+	135499	137158	1659	1659	1788.0
YML068W	chrXIII	+	137549	138944	1395	1395	1636.0
YML067C	chrXIII	-	139062	140214	1152	1059	1162.0
YML066C	chrXIII	-	140423	141533	1110	1110	1360.0
YML065W	chrXIII	+	142209	144954	2745	2745	2974.0
YML064C	chrXIII	-	145138	145876	738	738	1022.0
YML063W	chrXIII	+	146481	147249	768	768	909.0
YML062C	chrXIII	-	147504	148683	1179	1179	1320.0
YML061C	chrXIII	-	148952	151532	2580	2580	2819.0
YML060W	chrXIII	+	151870	153001	1131	1131	1377.0
YML059C	chrXIII	-	153218	158258	5040	5040	5184.0
YML058W-A	chrXIII	+	158759	158966	207	207	457.0
YML058W	chrXIII	+	159382	159697	315	315	641.0
YML057W	chrXIII	+	160179	161994	1815	1815	2111.0
YML056C	chrXIII	-	162193	164176	1983	1575	1789.0
YML055W	chrXIII	+	164789	165326	537	537	809.0
YML054C	chrXIII	-	165532	167308	1776	1776	2026.0
YML054C-A	chrXIII	-	167622	167781	159	159	409.0
YML053C	chrXIII	-	169115	169754	639	639	864.0
YML052W	chrXIII	+	170401	171310	909	909	1044.0
YML051W	chrXIII	+	171593	172901	1308	1308	1506.0
YML050W	chrXIII	+	173138	174074	936	936	1186.0
YML049C	chrXIII	-	174219	178305	4086	4086	4071.0
YML048W	chrXIII	+	178425	179637	1212	1212	1586.0
YML047C	chrXIII	-	180016	181075	1059	1059	1309.0
YML046W	chrXIII	+	181473	183363	1890	1890	2178.0
YML043C	chrXIII	-	190243	191767	1524	1524	1821.0
YML042W	chrXIII	+	192787	194800	2013	2013	2263.0
YML041C	chrXIII	-	194912	195755	843	843	991.0
YML038C	chrXIII	-	202774	204103	1329	1329	1704.0
YML037C	chrXIII	-	204385	205408	1023	1023	1319.0
YML036W	chrXIII	+	205641	206293	652	546	838.0
YML035C	chrXIII	-	206427	208860	2433	2433	2879.0
YML034W	chrXIII	+	209524	212155	2631	2505	2747.0
YML032C	chrXIII	-	212514	213930	1416	1416	1758.0
YML031W	chrXIII	+	214188	216156	1968	1968	2082.0
YML030W	chrXIII	+	216434	216914	480	480	742.0
YML029W	chrXIII	+	217361	219878	2517	2517	2923.0
YML028W	chrXIII	+	220137	220728	591	591	726.0
YML027W	chrXIII	+	221405	222563	1158	1158	1365.0
YML026C	chrXIII	-	222986	223828	842	441	718.0
YML025C	chrXIII	-	224405	225365	960	861	1009.0
YML024W	chrXIII	+	225888	226697	809	411	550.0
YML023C	chrXIII	-	226993	228664	1671	1671	1925.0
YML022W	chrXIII	+	228936	229500	564	564	933.0
YML021C	chrXIII	-	229733	230813	1080	1080	1276.0
YML020W	chrXIII	+	231148	233143	1995	1995	2353.0
YML019W	chrXIII	+	233456	234455	999	999	1312.0
YML018C	chrXIII	-	234770	235952	1182	1182	1471.0
YML016C	chrXIII	-	239457	241536	2079	2079	2492.0
YML015C	chrXIII	-	241988	243029	1041	1041	1181.0
YML014W	chrXIII	+	243224	244064	840	840	961.0
YML013W	chrXIII	+	244148	245903	1755	1755	2732.0
YML012W	chrXIII	+	246115	246751	636	636	901.0
YML011C	chrXIII	-	246894	247428	534	534	727.0
YML010W	chrXIII	+	247676	250868	3192	3192	3577.0
YML009C	chrXIII	-	251303	251516	213	213	543.0
YML008C	chrXIII	-	251838	252990	1152	1152	1359.0
YML007C-A	chrXIII	-	253161	253272	111	111	361.0
YML007W	chrXIII	+	253847	255800	1953	1953	2334.0
YML006C	chrXIII	-	256091	258416	2325	2325	2609.0
YML005W	chrXIII	+	260220	261609	1389	1389	1451.0
YML004C	chrXIII	-	261704	262685	981	981	1169.0
YML003W	chrXIII	+	263482	264355	873	873	1143.0
YML002W	chrXIII	+	264540	266754	2214	2214	2464.0
YML001W	chrXIII	+	267173	267800	627	627	826.0
YMR001C	chrXIII	-	269018	271136	2118	2118	2278.0
YMR001C-A	chrXIII	-	271346	271577	231	231	425.0
YMR002W	chrXIII	+	272192	272663	471	471	803.0
YMR003W	chrXIII	+	273117	273714	597	597	700.0
YMR004W	chrXIII	+	274016	275552	1536	1536	1807.0
YMR005W	chrXIII	+	276044	277211	1167	1167	1356.0
YMR006C	chrXIII	-	277560	279681	2121	2121	2299.0
YMR007W	chrXIII	+	279959	280340	381	381	631.0
YMR008C	chrXIII	-	280589	282584	1995	1995	2514.0
YMR008C-A	chrXIII	-	283080	283548	468	468	718.0
YMR009W	chrXIII	+	284101	284641	540	540	1485.0
YMR010W	chrXIII	+	285099	286317	1218	1218	1468.0
YMR011W	chrXIII	+	288078	289704	1626	1626	1818.0
YMR012W	chrXIII	+	291133	294967	3834	3834	4094.0
YMR013C	chrXIII	-	295178	296738	1560	1560	1789.0
YMR014W	chrXIII	+	298867	300427	1560	1560	1718.0
YMR015C	chrXIII	-	300868	302485	1617	1617	1860.0
YMR016C	chrXIII	-	303235	305593	2358	2358	2782.0
YMR017W	chrXIII	+	307488	308682	1194	1194	1444.0
YMR018W	chrXIII	+	310207	311752	1545	1545	1795.0
YMR019W	chrXIII	+	312155	315005	2850	2850	2877.0
YMR020W	chrXIII	+	315376	316903	1527	1527	1728.0
YMR021C	chrXIII	-	317164	318418	1254	1254	1582.0
YMR022W	chrXIII	+	318679	319177	498	498	665.0
YMR023C	chrXIII	-	319436	321017	1581	1581	1636.0
YMR024W	chrXIII	+	321874	323047	1173	1173	1366.0
YMR025W	chrXIII	+	323299	324187	888	888	927.0
YMR026C	chrXIII	-	324235	325435	1200	1200	1424.0
YMR027W	chrXIII	+	325876	327289	1413	1413	1608.0
YMR028W	chrXIII	+	327481	328582	1101	1101	1223.0
YMR029C	chrXIII	-	328659	330231	1572	1572	1687.0
YMR030W	chrXIII	+	330792	331923	1131	1131	1413.0
YMR031C	chrXIII	-	332211	334743	2532	2532	2862.0
YMR032W	chrXIII	+	335297	337307	2010	2010	2280.0
YMR030W-A	chrXIII	+	337312	337603	291	291	541.0
YMR033W	chrXIII	+	337787	339277	1490	1404	1666.0
YMR034C	chrXIII	-	339417	340722	1305	1305	1593.0
YMR035W	chrXIII	+	341141	341675	534	534	733.0
YMR036C	chrXIII	-	341855	343520	1665	1665	1842.0
YMR037C	chrXIII	-	344402	346517	2115	2115	2850.0
YMR038C	chrXIII	-	347510	348260	750	750	907.0
YMR039C	chrXIII	-	348643	349522	879	879	1282.0
YMR040W	chrXIII	+	350380	350863	483	483	939.0
YMR041C	chrXIII	-	350965	351973	1008	1008	1147.0
YMR042W	chrXIII	+	352602	353136	534	534	1201.0
YMR043W	chrXIII	+	353870	354731	861	861	1662.0
YMR044W	chrXIII	+	355383	356811	1428	1428	1648.0
YMR047C	chrXIII	-	363363	366705	3342	3342	3514.0
YMR048W	chrXIII	+	366980	367934	954	954	1088.0
YMR049C	chrXIII	-	368093	370517	2424	2424	2629.0
YMR052W	chrXIII	+	379585	380200	615	615	894.0
YMR053C	chrXIII	-	380345	382898	2553	2553	2663.0
YMR054W	chrXIII	+	383302	385975	2673	2673	2995.0
YMR055C	chrXIII	-	386100	387021	921	921	1171.0
YMR056C	chrXIII	-	387314	388244	930	930	1017.0
YMR058W	chrXIII	+	388821	390732	1911	1911	2139.0
YMR059W	chrXIII	+	391098	391485	387	387	531.0
YMR060C	chrXIII	-	391531	392515	984	984	1047.0
YMR061W	chrXIII	+	392754	394788	2034	2034	2213.0
YMR062C	chrXIII	-	395053	396379	1326	1326	1508.0
YMR063W	chrXIII	+	397076	397796	720	720	1034.0
YMR064W	chrXIII	+	397902	399459	1557	1557	1807.0
YMR065W	chrXIII	+	399701	401216	1515	1515	1419.0
YMR066W	chrXIII	+	401540	404237	2697	2697	2772.0
YMR067C	chrXIII	-	404322	405573	1251	1251	1400.0
YMR068W	chrXIII	+	406303	407584	1281	1281	1531.0
YMR069W	chrXIII	+	407708	408566	858	858	1108.0
YMR070W	chrXIII	+	409153	410626	1473	1473	1833.0
YMR071C	chrXIII	-	410761	411265	504	504	631.0
YMR072W	chrXIII	+	411568	412120	552	552	716.0
YMR073C	chrXIII	-	412267	412873	606	606	902.0
YMR074C	chrXIII	-	413035	413473	438	438	582.0
YMR075W	chrXIII	+	413981	416036	2055	2055	2333.0
YMR075C-A	chrXIII	-	415687	416053	366	366	616.0
YMR076C	chrXIII	-	416195	420029	3834	3834	4137.0
YMR077C	chrXIII	-	421483	422149	666	666	922.0
YMR078C	chrXIII	-	422502	424728	2226	2226	2373.0
YMR079W	chrXIII	+	424988	426059	1071	915	1293.0
YMR080C	chrXIII	-	426711	429627	2916	2916	3457.0
YMR081C	chrXIII	-	430078	431095	1017	1017	1267.0
YMR082C	chrXIII	-	431768	432125	357	357	607.0
YMR083W	chrXIII	+	434787	435915	1128	1128	1297.0
YMR084W	chrXIII	+	436627	437416	789	789	1039.0
YMR085W	chrXIII	+	437490	438789	1299	1299	1549.0
YMR086W	chrXIII	+	439207	442090	2883	2883	3097.0
YMR087W	chrXIII	+	442526	443381	855	855	1105.0
YMR088C	chrXIII	-	443413	445102	1689	1689	1945.0
YMR089C	chrXIII	-	445608	448086	2478	2478	2932.0
YMR090W	chrXIII	+	449244	449928	684	684	1600.0
YMR091C	chrXIII	-	450057	451365	1308	1308	1565.0
YMR092C	chrXIII	-	451631	453479	1848	1848	2046.0
YMR093W	chrXIII	+	454014	455556	1542	1542	1700.0
YMR094W	chrXIII	+	455824	457261	1437	1437	1720.0
YMR095C	chrXIII	-	457284	457959	675	675	925.0
YMR096W	chrXIII	+	458407	459301	894	894	1144.0
YMR097C	chrXIII	-	459423	460527	1104	1104	1213.0
YMR098C	chrXIII	-	460770	462609	1839	1839	1995.0
YMR099C	chrXIII	-	463933	464827	894	894	1180.0
YMR100W	chrXIII	+	466299	468162	1863	1863	2404.0
YMR101C	chrXIII	-	468444	469476	1032	1032	1282.0
YMR102C	chrXIII	-	469847	472352	2505	2505	2995.0
YMR103C	chrXIII	-	472901	473264	363	363	613.0
YMR104C	chrXIII	-	473419	475453	2034	2034	2796.0
YMR105C	chrXIII	-	475896	477606	1710	1710	1919.0
YMR105W-A	chrXIII	+	478063	478258	195	195	445.0
YMR106C	chrXIII	-	478300	480190	1890	1890	2021.0
YMR106W-A	chrXIII	+	480923	481187	264	264	514.0
YMR107W	chrXIII	+	483013	483361	348	348	598.0
YMR108W	chrXIII	+	484083	486147	2064	2064	2516.0
YMR109W	chrXIII	+	486586	490246	3660	3660	3819.0
YMR110C	chrXIII	-	490393	491992	1599	1599	1790.0
YMR111C	chrXIII	-	492403	493792	1389	1389	1575.0
YMR112C	chrXIII	-	494099	494495	396	396	488.0
YMR113W	chrXIII	+	494998	496282	1284	1284	1411.0
YMR114C	chrXIII	-	496342	497449	1107	1107	1255.0
YMR115W	chrXIII	+	497703	499209	1506	1506	1729.0
YMR116C	chrXIII	-	499455	500688	1233	960	1213.0
YMR117C	chrXIII	-	501249	501891	642	642	919.0
YMR118C	chrXIII	-	502143	502734	591	591	841.0
YMR119W	chrXIII	+	505332	507207	1875	1875	2333.0
YMR120C	chrXIII	-	507501	509280	1779	1779	1994.0
YMR121C	chrXIII	-	509733	510348	615	615	711.0
YMR122C	chrXIII	-	510700	511075	375	375	625.0
YMR122W-A	chrXIII	+	511314	511569	255	255	523.0
YMR123W	chrXIII	+	513592	513961	369	369	553.0
YMR124W	chrXIII	+	514455	517287	2832	2832	3204.0
YMR125W	chrXIII	+	517538	520446	2908	2586	2852.0
YMR126C	chrXIII	-	520760	521789	1029	1029	1341.0
YMR127C	chrXIII	-	522328	523345	1017	1017	1329.0
YMR128W	chrXIII	+	523695	527499	3804	3804	3923.0
YMR129W	chrXIII	+	527803	531817	4014	4014	4196.0
YMR130W	chrXIII	+	532118	533027	909	909	1122.0
YMR131C	chrXIII	-	533162	534698	1536	1536	1755.0
YMR132C	chrXIII	-	534943	535570	627	627	894.0
YMR133W	chrXIII	+	536206	537609	1403	1287	1537.0
YMR134W	chrXIII	+	537837	538551	714	714	1049.0
YMR135C	chrXIII	-	538688	540056	1368	1368	1529.0
YMR136W	chrXIII	+	541198	542881	1683	1683	1821.0
YMR137C	chrXIII	-	542977	544963	1986	1986	2167.0
YMR138W	chrXIII	+	545154	545730	576	576	656.0
YMR139W	chrXIII	+	546124	547237	1113	1113	1363.0
YMR140W	chrXIII	+	547713	549183	1470	1470	2362.0
YMR141C	chrXIII	-	549735	550044	309	309	559.0
YMR142C	chrXIII	-	550205	551207	1002	600	713.0
YMR143W	chrXIII	+	551927	552903	976	432	536.0
YMR144W	chrXIII	+	553361	554390	1029	1029	1414.0
YMR145C	chrXIII	-	554792	556475	1683	1683	2219.0
YMR146C	chrXIII	-	557480	558524	1044	1044	1214.0
YMR147W	chrXIII	+	559198	560812	1614	1239	1430.0
YMR148W	chrXIII	+	560365	560812	447	447	697.0
YMR149W	chrXIII	+	560995	561856	861	861	1064.0
YMR150C	chrXIII	-	561955	562528	573	573	791.0
YMR152W	chrXIII	+	563095	564193	1098	1098	1254.0
YMR153W	chrXIII	+	564434	565862	1428	1428	1769.0
YMR154C	chrXIII	-	565998	568182	2184	2184	2405.0
YMR155W	chrXIII	+	568550	570194	1644	1644	1780.0
YMR156C	chrXIII	-	570299	571016	717	717	785.0
YMR157C	chrXIII	-	571276	572044	768	768	870.0
YMR158W	chrXIII	+	572247	572715	468	468	595.0
YMR158C-A	chrXIII	-	573193	573331	138	138	388.0
YMR159C	chrXIII	-	574475	574928	453	453	703.0
YMR160W	chrXIII	+	575065	577516	2451	2451	2541.0
YMR161W	chrXIII	+	577717	578392	675	675	1116.0
YMR162C	chrXIII	-	578950	583921	4971	4971	5216.0
YMR163C	chrXIII	-	584270	586388	2118	2118	2319.0
YMR164C	chrXIII	-	587273	589550	2277	2277	2775.0
YMR165C	chrXIII	-	590039	592628	2589	2589	2836.0
YMR166C	chrXIII	-	593366	594473	1107	1107	1331.0
YMR167W	chrXIII	+	594885	597195	2310	2310	3033.0
YMR168C	chrXIII	-	597331	599158	1827	1827	2646.0
YMR169C	chrXIII	-	599351	600872	1521	1521	1771.0
YMR170C	chrXIII	-	601561	603082	1521	1521	1673.0
YMR171C	chrXIII	-	603867	605520	1653	1653	2121.0
YMR172W	chrXIII	+	605980	608140	2160	2160	2141.0
YMR173W	chrXIII	+	608688	609981	1293	1293	1520.0
YMR174C	chrXIII	-	610158	610365	207	207	457.0
YMR175W	chrXIII	+	611015	611255	240	240	490.0
YMR175W-A	chrXIII	+	611313	611508	195	195	445.0
YMR176W	chrXIII	+	611739	615975	4236	4236	4424.0
YMR177W	chrXIII	+	616565	618098	1533	1533	1896.0
YMR178W	chrXIII	+	618478	619303	825	825	1060.0
YMR179W	chrXIII	+	619857	622134	2277	2277	2385.0
YMR180C	chrXIII	-	622250	623213	963	963	1113.0
YMR181C	chrXIII	-	623615	624080	465	465	715.0
YMR182C	chrXIII	-	624531	625167	636	636	886.0
YMR182W-A	chrXIII	+	625810	625897	87	87	922.0
YMR183C	chrXIII	-	626920	627808	888	888	1276.0
YMR184W	chrXIII	+	628188	628785	597	597	705.0
YMR185W	chrXIII	+	629024	631970	2946	2946	3196.0
YMR186W	chrXIII	+	632354	634472	2118	2118	2244.0
YMR187C	chrXIII	-	634688	635984	1296	1296	1549.0
YMR188C	chrXIII	-	636290	637004	714	714	904.0
YMR189W	chrXIII	+	637499	640604	3105	3105	3361.0
YMR190C	chrXIII	-	640914	645258	4344	4344	4644.0
YMR191W	chrXIII	+	645655	646777	1122	1122	1294.0
YMR192W	chrXIII	+	647117	649280	2163	2163	2332.0
YMR193W	chrXIII	+	650035	650812	777	777	931.0
YMR194W	chrXIII	+	651144	651910	766	303	420.0
YMR194C-B	chrXIII	-	652593	652887	294	222	472.0
YMR195W	chrXIII	+	654033	654417	384	384	605.0
YMR196W	chrXIII	+	655075	658342	3267	3267	2243.0
YMR197C	chrXIII	-	658544	659198	654	654	887.0
YMR198W	chrXIII	+	659744	661529	1785	1785	2931.0
YMR199W	chrXIII	+	662643	664284	1641	1641	1965.0
YMR200W	chrXIII	+	664751	665522	771	771	1239.0
YMR201C	chrXIII	-	665844	667044	1200	1116	1484.0
YMR202W	chrXIII	+	667536	668205	669	669	833.0
YMR203W	chrXIII	+	668491	669655	1164	1164	1502.0
YMR204C	chrXIII	-	670062	671325	1263	1263	1513.0
YMR205C	chrXIII	-	671886	674766	2880	2880	3320.0
YMR206W	chrXIII	+	675895	676837	942	942	1192.0
YMR207C	chrXIII	-	677192	683564	6372	6372	6622.0
YMR208W	chrXIII	+	684466	685798	1332	1332	1495.0
YMR209C	chrXIII	-	685910	687284	1374	1374	1567.0
YMR210W	chrXIII	+	687515	688865	1350	1350	1432.0
YMR211W	chrXIII	+	689082	690510	1428	1428	1636.0
YMR212C	chrXIII	-	690694	693043	2349	2349	2683.0
YMR213W	chrXIII	+	693380	695153	1773	1773	1870.0
YMR214W	chrXIII	+	695349	696483	1134	1134	1419.0
YMR215W	chrXIII	+	696795	698370	1575	1575	1777.0
YMR216C	chrXIII	-	698810	701039	2229	2229	2619.0
YMR217W	chrXIII	+	701789	703367	1578	1578	1753.0
YMR218C	chrXIII	-	703578	706887	3309	3309	3564.0
YMR219W	chrXIII	+	707132	712109	4977	4977	5095.0
YMR220W	chrXIII	+	712315	713671	1356	1356	1649.0
YMR221C	chrXIII	-	713930	715445	1515	1515	1675.0
YMR222C	chrXIII	-	715637	716309	672	672	784.0
YMR223W	chrXIII	+	716714	718130	1416	1416	2081.0
YMR224C	chrXIII	-	718574	720653	2079	2079	2344.0
YMR225C	chrXIII	-	720959	721403	444	297	509.0
YMR226C	chrXIII	-	721592	722396	804	804	897.0
YMR227C	chrXIII	-	722612	724385	1773	1773	1916.0
YMR228W	chrXIII	+	724625	725651	1026	1026	1124.0
YMR229C	chrXIII	-	725933	731123	5190	5190	5398.0
YMR230W	chrXIII	+	732413	733141	728	318	443.0
YMR230W-A	chrXIII	+	733267	733456	189	189	439.0
YMR231W	chrXIII	+	733544	736634	3090	3090	3345.0
YMR232W	chrXIII	+	736925	738959	2034	2034	2284.0
YMR233W	chrXIII	+	739184	739865	681	681	921.0
YMR234W	chrXIII	+	740265	741312	1047	1047	1306.0
YMR235C	chrXIII	-	741511	742735	1224	1224	1456.0
YMR236W	chrXIII	+	742970	743444	474	474	716.0
YMR237W	chrXIII	+	743748	745923	2175	2175	2409.0
YMR238W	chrXIII	+	746352	747729	1377	1377	1628.0
YMR239C	chrXIII	-	748261	749677	1416	1416	1641.0
YMR240C	chrXIII	-	749929	751240	1311	1311	1421.0
YMR241W	chrXIII	+	751960	752905	945	945	1219.0
YMR242C	chrXIII	-	753224	754220	996	519	647.0
YMR242W-A	chrXIII	+	754296	754386	90	90	340.0
YMR243C	chrXIII	-	754837	756166	1329	1329	1656.0
YMR244W	chrXIII	+	757249	758317	1068	1068	1318.0
YMR244C-A	chrXIII	-	758516	758831	315	315	1072.0
YMR246W	chrXIII	+	759806	761891	2085	2085	2575.0
YMR247C	chrXIII	-	763350	768039	4689	4689	4819.0
YMR247W-A	chrXIII	+	769282	769426	144	144	394.0
YMR250W	chrXIII	+	770800	772558	1758	1758	2018.0
YMR251W	chrXIII	+	772914	774015	1101	1101	1351.0
YMR251W-A	chrXIII	+	774751	774931	180	180	503.0
YMR252C	chrXIII	-	775314	775719	405	405	650.0
YMR253C	chrXIII	-	775945	777190	1245	1245	2111.0
YMR254C	chrXIII	-	777614	777923	309	309	559.0
YMR255W	chrXIII	+	778000	778567	567	567	896.0
YMR256C	chrXIII	-	778944	779127	183	183	379.0
YMR257C	chrXIII	-	779628	782031	2403	2403	3024.0
YMR258C	chrXIII	-	782619	784281	1662	1662	1809.0
YMR259C	chrXIII	-	784620	788883	4263	4263	4372.0
YMR260C	chrXIII	-	789377	789839	462	462	647.0
YMR261C	chrXIII	-	790204	793369	3165	3165	3537.0
YMR262W	chrXIII	+	793725	794667	942	942	1220.0
YMR263W	chrXIII	+	794918	795524	606	606	693.0
YMR264W	chrXIII	+	795804	796416	612	612	786.0
YMR265C	chrXIII	-	796539	797925	1386	1386	1497.0
YMR266W	chrXIII	+	798517	801379	2862	2862	3142.0
YMR267W	chrXIII	+	801771	802704	933	933	1182.0
YMR268C	chrXIII	-	802887	804222	1335	1335	1535.0
YMR269W	chrXIII	+	804455	805091	636	636	740.0
YMR270C	chrXIII	-	805325	806423	1098	1098	1419.0
YMR271C	chrXIII	-	806864	807548	684	684	1405.0
YMR272C	chrXIII	-	809622	810777	1155	1155	1374.0
YMR272W-B	chrXIII	+	811088	811196	108	108	358.0
YMR273C	chrXIII	-	811232	813980	2748	2748	3011.0
YMR274C	chrXIII	-	814363	815311	948	948	1058.0
YMR275C	chrXIII	-	815650	818581	2931	2931	3092.0
YMR276W	chrXIII	+	818826	819948	1122	1122	1275.0
YMR277W	chrXIII	+	820255	822454	2199	2199	2439.0
YMR278W	chrXIII	+	822762	824631	1869	1869	2004.0
YMR279C	chrXIII	-	824728	826351	1623	1623	1873.0
YMR280C	chrXIII	-	827027	831329	4302	4302	4552.0
YMR281W	chrXIII	+	832338	833253	915	915	1123.0
YMR282C	chrXIII	-	833355	835098	1743	1743	1910.0
YMR283C	chrXIII	-	835325	836867	1542	1542	1603.0
YMR284W	chrXIII	+	838186	839995	1809	1809	1998.0
YMR285C	chrXIII	-	840143	841691	1548	1548	1746.0
YMR286W	chrXIII	+	841941	842202	261	261	407.0
YMR287C	chrXIII	-	842435	845345	2910	2910	3082.0
YMR288W	chrXIII	+	845570	848486	2916	2916	2983.0
YMR289W	chrXIII	+	848684	849809	1125	1125	1651.0
YMR290C	chrXIII	-	850073	851591	1518	1518	1832.0
YMR291W	chrXIII	+	852629	854390	1761	1761	2013.0
YMR292W	chrXIII	+	854794	855293	499	417	534.0
YMR293C	chrXIII	-	855398	856793	1395	1395	1520.0
YMR294W	chrXIII	+	856965	858087	1122	1122	1288.0
YMR295C	chrXIII	-	858296	858890	594	594	891.0
YMR296C	chrXIII	-	859214	860891	1677	1677	1960.0
YMR297W	chrXIII	+	861921	863520	1599	1599	1779.0
YMR298W	chrXIII	+	863818	864271	453	453	617.0
YMR299C	chrXIII	-	864411	865350	939	939	1109.0
YMR300C	chrXIII	-	865558	867091	1533	1533	1938.0
YMR301C	chrXIII	-	867554	869627	2073	2073	2190.0
YMR302C	chrXIII	-	870072	872625	2553	2553	2720.0
YMR303C	chrXIII	-	873290	874337	1047	1047	1297.0
YMR304W	chrXIII	+	874986	878679	3693	3693	4179.0
YMR305C	chrXIII	-	879062	880232	1170	1170	1534.0
YMR306W	chrXIII	+	881158	886516	5358	5358	5608.0
YMR307W	chrXIII	+	887002	888682	1680	1680	1942.0
YMR308C	chrXIII	-	888951	892221	3270	3270	3652.0
YMR309C	chrXIII	-	892987	895426	2439	2439	2851.0
YMR310C	chrXIII	-	895715	896669	954	954	1090.0
YMR311C	chrXIII	-	896913	897603	690	690	851.0
YMR312W	chrXIII	+	898404	899226	822	822	974.0
YMR313C	chrXIII	-	899378	901307	1929	1929	2172.0
YMR314W	chrXIII	+	901708	902413	705	705	935.0
YMR315W	chrXIII	+	902799	903849	1050	1050	1246.0
YMR315W-A	chrXIII	+	904285	904393	108	108	358.0
YMR316W	chrXIII	+	904824	905835	1011	1011	1182.0
YMR316C-A	chrXIII	-	905661	905973	312	312	562.0
YMR317W	chrXIII	+	907363	910786	3423	3423	3673.0
YMR318C	chrXIII	-	911060	912143	1083	1083	1364.0
YMR319C	chrXIII	-	912879	914538	1659	1659	2061.0
YMR320W	chrXIII	+	916745	917051	306	306	1682.0
YMR321C	chrXIII	-	917578	917896	318	318	568.0
YMR322C	chrXIII	-	918365	919079	714	714	964.0
YMR323W	chrXIII	+	920087	921401	1314	1314	1564.0
YMR325W	chrXIII	+	922640	923015	375	375	625.0
YNL339C	chrXIV	-	370	6098	5728	5580	5830.0
YNL336W	chrXIV	+	8329	9475	1146	1146	1234.0
YNL335W	chrXIV	+	11451	12129	678	678	928.0
YNL334C	chrXIV	-	12207	12876	669	669	659.0
YNL333W	chrXIV	+	13266	14163	897	897	1147.0
YNL332W	chrXIV	+	14831	15854	1023	1023	1273.0
YNL331C	chrXIV	-	16117	17248	1131	1131	1502.0
YNL330C	chrXIV	-	18000	19302	1302	1302	1595.0
YNL329C	chrXIV	-	19540	22633	3093	3093	3343.0
YNL328C	chrXIV	-	22833	23274	441	441	698.0
YNL327W	chrXIV	+	24047	27173	3126	3126	3275.0
YNL326C	chrXIV	-	27336	28347	1011	1011	1215.0
YNL325C	chrXIV	-	28738	31378	2640	2640	2698.0
YNL323W	chrXIV	+	31943	33188	1245	1245	1442.0
YNL322C	chrXIV	-	33293	34235	942	942	1037.0
YNL321W	chrXIV	+	34695	37422	2727	2727	2858.0
YNL320W	chrXIV	+	37699	38554	855	855	1129.0
YNL318C	chrXIV	-	38706	40329	1623	1623	1873.0
YNL317W	chrXIV	+	40618	42016	1398	1398	1501.0
YNL316C	chrXIV	-	42070	43075	1005	1005	1125.0
YNL315C	chrXIV	-	43323	44280	957	957	1060.0
YNL314W	chrXIV	+	44446	45214	768	768	882.0
YNL313C	chrXIV	-	45307	48022	2715	2715	2833.0
YNL312W	chrXIV	+	48286	49216	930	822	1039.0
YNL311C	chrXIV	-	49396	51688	2292	2292	2356.0
YNL310C	chrXIV	-	51906	52431	525	525	649.0
YNL309W	chrXIV	+	52661	53924	1263	1263	1501.0
YNL308C	chrXIV	-	54121	55897	1776	1776	1957.0
YNL307C	chrXIV	-	56445	57573	1128	1128	1644.0
YNL306W	chrXIV	+	58154	58808	654	654	796.0
YNL305C	chrXIV	-	58897	59791	894	894	1013.0
YNL304W	chrXIV	+	60296	61550	1254	1254	1425.0
YNL302C	chrXIV	-	61957	62943	986	435	637.0
YNL301C	chrXIV	-	63569	64562	993	561	776.0
YNL300W	chrXIV	+	65743	66052	309	309	657.0
YNL299W	chrXIV	+	66516	68445	1929	1929	2069.0
YNL298W	chrXIV	+	68914	71443	2529	2529	2826.0
YNL297C	chrXIV	-	71672	76583	4911	4911	5168.0
YNL295W	chrXIV	+	76945	78520	1575	1575	1852.0
YNL294C	chrXIV	-	78658	80260	1602	1602	1943.0
YNL293W	chrXIV	+	80639	82541	1902	1902	2081.0
YNL292W	chrXIV	+	82805	84017	1212	1212	1386.0
YNL291C	chrXIV	-	84168	85815	1647	1647	2025.0
YNL290W	chrXIV	+	86217	87240	1023	1023	1167.0
YNL289W	chrXIV	+	87896	88736	840	840	1043.0
YNL288W	chrXIV	+	90302	91424	1122	1122	1446.0
YNL287W	chrXIV	+	91993	94801	2808	2808	3229.0
YNL286W	chrXIV	+	95222	96080	858	858	1020.0
YNL284C	chrXIV	-	103133	104102	969	969	1006.0
YNL283C	chrXIV	-	105183	106695	1512	1512	2204.0
YNL282W	chrXIV	+	107686	108274	588	588	1482.0
YNL281W	chrXIV	+	108466	108928	462	462	745.0
YNL280C	chrXIV	-	109094	110411	1317	1317	1561.0
YNL279W	chrXIV	+	110916	112902	1986	1986	2236.0
YNL278W	chrXIV	+	113270	116453	3183	3183	3371.0
YNL277W-A	chrXIV	+	116678	116867	189	189	439.0
YNL277W	chrXIV	+	117348	118809	1461	1461	138.0
YNL275W	chrXIV	+	119267	120998	1731	1731	1981.0
YNL274C	chrXIV	-	121117	122170	1053	1053	1204.0
YNL273W	chrXIV	+	122882	126599	3717	3717	3784.0
YNL272C	chrXIV	-	126804	129084	2280	2280	2493.0
YNL271C	chrXIV	-	129521	135383	5862	5862	6278.0
YNL270C	chrXIV	-	135939	137661	1722	1722	1972.0
YNL269W	chrXIV	+	137698	138094	396	396	646.0
YNL268W	chrXIV	+	138549	140385	1836	1836	2132.0
YNL267W	chrXIV	+	140877	144078	3201	3201	3547.0
YNL265C	chrXIV	-	144279	145281	1002	897	1176.0
YNL264C	chrXIV	-	145562	146615	1053	1053	1213.0
YNL263C	chrXIV	-	146895	147840	945	945	1312.0
YNL262W	chrXIV	+	148211	154880	6669	6669	6864.0
YNL261W	chrXIV	+	155099	156539	1440	1440	1582.0
YNL260C	chrXIV	-	156858	157347	489	489	885.0
YNL259C	chrXIV	-	157643	157865	222	222	365.0
YNL258C	chrXIV	-	158108	160373	2265	2265	2401.0
YNL257C	chrXIV	-	160630	164320	3690	3690	3865.0
YNL256W	chrXIV	+	164622	167097	2475	2475	2620.0
YNL255C	chrXIV	-	167328	167790	462	462	808.0
YNL254C	chrXIV	-	168042	169248	1206	1206	2224.0
YNL253W	chrXIV	+	170017	171286	1269	1269	1457.0
YNL252C	chrXIV	-	171440	172286	846	846	1023.0
YNL251C	chrXIV	-	172587	174315	1728	1728	2183.0
YNL250W	chrXIV	+	175409	179348	3939	3939	4101.0
YNL249C	chrXIV	-	179393	181022	1629	1629	1890.0
YNL248C	chrXIV	-	181360	182608	1248	1248	1514.0
YNL247W	chrXIV	+	182874	185178	2304	2304	2444.0
YNL246W	chrXIV	+	185459	186349	890	795	1047.0
YNL245C	chrXIV	-	186345	186885	540	540	1284.0
YNL244C	chrXIV	-	187169	187496	327	327	504.0
YNL243W	chrXIV	+	188050	190957	2907	2907	3047.0
YNL242W	chrXIV	+	191323	196102	4779	4779	4826.0
YNL241C	chrXIV	-	196425	197943	1518	1518	1885.0
YNL240C	chrXIV	-	198501	199977	1476	1476	1635.0
YNL239W	chrXIV	+	200568	201933	1365	1365	1645.0
YNL238W	chrXIV	+	202427	204872	2445	2445	2859.0
YNL237W	chrXIV	+	205187	206567	1380	1380	1630.0
YNL236W	chrXIV	+	206929	209854	2925	2925	3040.0
YNL234W	chrXIV	+	210232	211513	1281	1281	1423.0
YNL233W	chrXIV	+	211921	214600	2679	2679	2928.0
YNL232W	chrXIV	+	214922	215801	879	879	1124.0
YNL231C	chrXIV	-	215986	217042	1056	1056	1315.0
YNL230C	chrXIV	-	217522	218662	1140	1140	1593.0
YNL229C	chrXIV	-	219136	220201	1065	1065	1498.0
YNL227C	chrXIV	-	220658	222431	1773	1773	1901.0
YNL225C	chrXIV	-	222723	224469	1746	1746	1900.0
YNL224C	chrXIV	-	224795	227099	2304	2304	2556.0
YNL223W	chrXIV	+	227369	228854	1485	1485	1735.0
YNL222W	chrXIV	+	229093	229714	621	621	834.0
YNL221C	chrXIV	-	231067	233695	2628	2628	3193.0
YNL220W	chrXIV	+	234412	235714	1302	1302	1522.0
YNL219C	chrXIV	-	235995	237663	1668	1668	1984.0
YNL218W	chrXIV	+	238237	240001	1764	1764	2149.0
YNL217W	chrXIV	+	240330	241311	981	981	1222.0
YNL216W	chrXIV	+	241688	244172	2484	2484	2731.0
YNL215W	chrXIV	+	244467	245430	963	963	1093.0
YNL214W	chrXIV	+	245616	246216	600	600	875.0
YNL213C	chrXIV	-	246459	247104	645	645	871.0
YNL212W	chrXIV	+	247460	249809	2349	2349	2580.0
YNL211C	chrXIV	-	250054	250315	261	261	547.0
YNL210W	chrXIV	+	250930	251743	813	813	1063.0
YNL209W	chrXIV	+	252058	253900	1842	1842	1984.0
YNL208W	chrXIV	+	254417	255017	600	600	764.0
YNL207W	chrXIV	+	255352	256630	1278	1278	1562.0
YNL206C	chrXIV	-	256787	258155	1368	1368	1486.0
YNL204C	chrXIV	-	258374	259277	903	903	1153.0
YNL202W	chrXIV	+	259577	260456	879	879	1129.0
YNL201C	chrXIV	-	260626	263203	2577	2577	3037.0
YNL200C	chrXIV	-	263712	264453	741	741	927.0
YNL199C	chrXIV	-	264925	266530	1605	1605	1850.0
YNL197C	chrXIV	-	267607	269593	1986	1986	3038.0
YNL196C	chrXIV	-	270274	271171	897	897	1147.0
YNL195C	chrXIV	-	271522	272308	786	786	1036.0
YNL194C	chrXIV	-	272709	273615	906	906	1156.0
YNL193W	chrXIV	+	274367	276044	1677	1677	1752.0
YNL192W	chrXIV	+	276501	279897	3396	3396	3629.0
YNL191W	chrXIV	+	280431	281505	1074	1074	1234.0
YNL190W	chrXIV	+	282394	283009	615	615	1507.0
YNL189W	chrXIV	+	284259	285888	1629	1629	2081.0
YNL188W	chrXIV	+	286307	287609	1302	1302	1507.0
YNL187W	chrXIV	+	287993	289067	1074	1074	1641.0
YNL186W	chrXIV	+	289497	291876	2379	2379	2729.0
YNL185C	chrXIV	-	292192	292669	477	477	727.0
YNL184C	chrXIV	-	292556	292883	327	327	701.0
YNL183C	chrXIV	-	293136	295509	2373	2373	2774.0
YNL182C	chrXIV	-	295959	297627	1668	1668	1822.0
YNL181W	chrXIV	+	298334	299558	1224	1224	1433.0
YNL180C	chrXIV	-	299653	300649	996	996	1088.0
YNL178W	chrXIV	+	302679	303402	723	723	804.0
YNL177C	chrXIV	-	303685	304615	930	930	1261.0
YNL176C	chrXIV	-	305069	306980	1911	1911	2351.0
YNL175C	chrXIV	-	307400	308612	1212	1212	1397.0
YNL173C	chrXIV	-	308956	310057	1101	1101	1287.0
YNL172W	chrXIV	+	310635	315882	5247	5247	5663.0
YNL169C	chrXIV	-	316168	317671	1503	1503	1721.0
YNL168C	chrXIV	-	318029	318809	780	780	992.0
YNL167C	chrXIV	-	319415	321359	1944	1944	2517.0
YNL166C	chrXIV	-	322218	323565	1347	1347	1483.0
YNL165W	chrXIV	+	323831	325052	1221	1221	1516.0
YNL164C	chrXIV	-	325264	326320	1056	1056	1338.0
YNL163C	chrXIV	-	326740	330073	3333	3333	3554.0
YNL162W-A	chrXIV	+	330328	330547	219	219	611.0
YNL162W	chrXIV	+	331321	332154	833	321	428.0
YNL161W	chrXIV	+	332596	334867	2271	2271	2853.0
YNL160W	chrXIV	+	336544	337609	1065	1065	1350.0
YNL159C	chrXIV	-	338477	339347	870	870	1358.0
YNL158W	chrXIV	+	339611	340208	597	597	1346.0
YNL157W	chrXIV	+	340351	340858	507	507	715.0
YNL156C	chrXIV	-	341068	341968	900	900	1234.0
YNL155C-A	chrXIV	-	341910	342135	225	225	475.0
YNL155W	chrXIV	+	342515	343340	825	825	1148.0
YNL154C	chrXIV	-	343635	345276	1641	1641	2136.0
YNL153C	chrXIV	-	345668	346058	390	390	714.0
YNL152W	chrXIV	+	346312	347542	1230	1230	1463.0
YNL151C	chrXIV	-	347765	348521	756	756	1031.0
YNL149C	chrXIV	-	349366	349756	390	390	604.0
YNL148C	chrXIV	-	349906	350671	765	765	1015.0
YNL147W	chrXIV	+	350939	351383	444	348	538.0
YNL146C-A	chrXIV	-	351385	351580	195	195	679.0
YNL146W	chrXIV	+	351714	352017	303	303	553.0
YNL145W	chrXIV	+	352413	352530	117	117	330.0
YNL144C	chrXIV	-	352819	355042	2223	2223	2287.0
YNL143C	chrXIV	-	356793	357186	393	393	643.0
YNL142W	chrXIV	+	357452	358952	1500	1500	1904.0
YNL141W	chrXIV	+	359595	360639	1044	1044	1225.0
YNL140C	chrXIV	-	360916	361486	570	570	820.0
YNL139C	chrXIV	-	360923	365717	4794	4794	5066.0
YNL138W-A	chrXIV	+	366032	366412	380	258	504.0
YNL138W	chrXIV	+	366740	368321	1581	1581	1799.0
YNL137C	chrXIV	-	368594	370055	1461	1461	1774.0
YNL136W	chrXIV	+	370367	371645	1278	1278	1414.0
YNL135C	chrXIV	-	371881	372226	345	345	585.0
YNL134C	chrXIV	-	372450	373581	1131	1131	1275.0
YNL133C	chrXIV	-	374170	374692	522	522	667.0
YNL132W	chrXIV	+	375320	378491	3171	3171	3349.0
YNL131W	chrXIV	+	378766	379225	459	459	835.0
YNL130C	chrXIV	-	379557	380831	1274	1182	1427.0
YNL130C-A	chrXIV	-	381244	381391	147	147	397.0
YNL129W	chrXIV	+	381479	382202	723	723	903.0
YNL128W	chrXIV	+	382358	383663	1305	1305	1555.0
YNL127W	chrXIV	+	383986	386848	2862	2862	3181.0
YNL126W	chrXIV	+	387226	389767	2541	2541	2730.0
YNL125C	chrXIV	-	390145	392167	2022	2022	2348.0
YNL124W	chrXIV	+	392891	394370	1479	1479	1812.0
YNL123W	chrXIV	+	394684	397678	2994	2994	3135.0
YNL122C	chrXIV	-	398022	398370	348	348	523.0
YNL121C	chrXIV	-	398683	400537	1854	1854	2138.0
YNL119W	chrXIV	+	401039	402521	1482	1482	1647.0
YNL118C	chrXIV	-	402651	405564	2913	2913	3134.0
YNL117W	chrXIV	+	406357	408022	1665	1665	1915.0
YNL116W	chrXIV	+	408340	409909	1569	1569	1793.0
YNL115C	chrXIV	-	410118	412053	1935	1935	2123.0
YNL113W	chrXIV	+	412770	413199	429	429	721.0
YNL112W	chrXIV	+	413638	416281	2643	1641	1810.0
YNL111C	chrXIV	-	416939	417302	363	363	875.0
YNL110C	chrXIV	-	417825	418488	663	663	842.0
YNL108C	chrXIV	-	419013	419826	813	813	997.0
YNL107W	chrXIV	+	420097	420778	681	681	932.0
YNL106C	chrXIV	-	420943	424495	3552	3552	3764.0
YNL104C	chrXIV	-	424894	426754	1860	1860	2154.0
YNL103W	chrXIV	+	427734	429753	2019	2019	2270.0
YNL102W	chrXIV	+	430086	434493	4407	4407	4585.0
YNL101W	chrXIV	+	434998	437140	2142	2142	2607.0
YNL100W	chrXIV	+	437612	438317	705	705	871.0
YNL099C	chrXIV	-	438566	439283	717	717	1046.0
YNL098C	chrXIV	-	439601	440570	969	969	1325.0
YNL097C-B	chrXIV	-	440796	440919	123	123	332.0
YNL097C	chrXIV	-	441365	442358	993	993	1280.0
YNL096C	chrXIV	-	443397	444315	918	573	836.0
YNL095C	chrXIV	-	444911	446840	1929	1929	2434.0
YNL094W	chrXIV	+	447610	449374	1764	1764	2246.0
YNL093W	chrXIV	+	449867	450530	663	663	913.0
YNL092W	chrXIV	+	450870	452073	1203	1203	1453.0
YNL091W	chrXIV	+	452407	456130	3723	3723	3925.0
YNL090W	chrXIV	+	456564	457143	579	579	1100.0
YNL088W	chrXIV	+	457703	461990	4287	4287	4505.0
YNL087W	chrXIV	+	462410	465947	3537	3537	3887.0
YNL086W	chrXIV	+	466333	466642	309	309	647.0
YNL085W	chrXIV	+	467130	469623	2493	2493	3044.0
YNL084C	chrXIV	-	470052	471102	1050	1050	1192.0
YNL083W	chrXIV	+	471376	472861	1485	1485	1812.0
YNL082W	chrXIV	+	473390	476012	2622	2622	2752.0
YNL081C	chrXIV	-	476187	476619	432	432	695.0
YNL080C	chrXIV	-	476931	478032	1101	1101	1417.0
YNL079C	chrXIV	-	478565	479165	600	600	818.0
YNL078W	chrXIV	+	479767	480991	1224	1224	1498.0
YNL077W	chrXIV	+	481390	482977	1587	1587	1822.0
YNL076W	chrXIV	+	483555	485310	1755	1755	2074.0
YNL075W	chrXIV	+	485606	486479	873	873	1051.0
YNL074C	chrXIV	-	486765	488124	1359	1359	1709.0
YNL073W	chrXIV	+	488385	490116	1731	1731	1823.0
YNL072W	chrXIV	+	490316	491240	924	924	1018.0
YNL071W	chrXIV	+	491522	492971	1449	1449	1686.0
YNL070W	chrXIV	+	493365	493548	183	183	373.0
YNL069C	chrXIV	-	493955	495001	1046	597	768.0
YNL068C	chrXIV	-	495700	498289	2589	2589	2943.0
YNL067W-B	chrXIV	+	499416	499557	141	141	391.0
YNL067W	chrXIV	+	499680	500256	576	576	917.0
YNL066W	chrXIV	+	501514	502777	1263	1263	2053.0
YNL065W	chrXIV	+	503723	505484	1761	1761	1976.0
YNL064C	chrXIV	-	505867	507097	1230	1230	1547.0
YNL063W	chrXIV	+	507757	508702	945	945	1185.0
YNL062C	chrXIV	-	508775	510212	1437	1437	1678.0
YNL061W	chrXIV	+	510539	512396	1857	1857	2047.0
YNL059C	chrXIV	-	512667	514935	2268	2268	2556.0
YNL058C	chrXIV	-	515762	516713	951	951	1125.0
YNL056W	chrXIV	+	517248	517842	594	594	981.0
YNL055C	chrXIV	-	517993	518845	852	852	1028.0
YNL054W	chrXIV	+	526085	529583	3498	3498	3825.0
YNL053W	chrXIV	+	529941	531411	1470	1470	1700.0
YNL052W	chrXIV	+	531724	532186	462	462	779.0
YNL051W	chrXIV	+	532658	533870	1212	1212	1358.0
YNL050C	chrXIV	-	534078	534982	904	813	962.0
YNL049C	chrXIV	-	535280	537911	2631	2631	2837.0
YNL048W	chrXIV	+	538172	539819	1647	1647	1765.0
YNL047C	chrXIV	-	539910	541881	1971	1971	2231.0
YNL046W	chrXIV	+	542303	542822	519	519	657.0
YNL045W	chrXIV	+	542962	544978	2016	2016	2236.0
YNL044W	chrXIV	+	545267	545877	610	531	825.0
YNL042W-B	chrXIV	+	547112	547370	258	258	508.0
YNL042W	chrXIV	+	548099	549290	1191	1191	1456.0
YNL041C	chrXIV	-	549467	551987	2520	2520	2740.0
YNL040C-A	chrXIV	-	552477	552558	81	81	331.0
YNL040W	chrXIV	+	553379	554750	1371	1371	1634.0
YNL039W	chrXIV	+	555047	556832	1785	1785	1900.0
YNL038W	chrXIV	+	557019	557783	764	690	806.0
YNL037C	chrXIV	-	557919	559002	1083	1083	1345.0
YNL036W	chrXIV	+	559813	560479	666	666	828.0
YNL035C	chrXIV	-	568521	569691	1170	1170	1437.0
YNL034W	chrXIV	+	570476	572315	1839	1839	2089.0
YNL033W	chrXIV	+	572998	573853	855	855	1105.0
YNL032W	chrXIV	+	574505	575351	846	846	1104.0
YNL031C	chrXIV	-	575639	576050	411	411	703.0
YNL030W	chrXIV	+	576726	577038	312	312	527.0
YNL029C	chrXIV	-	577204	578773	1569	1569	1727.0
YNL027W	chrXIV	+	579579	581616	2037	2037	2314.0
YNL026W	chrXIV	+	581919	583374	1455	1455	1590.0
YNL025C	chrXIV	-	584319	585291	972	972	2005.0
YNL024C-A	chrXIV	-	586601	586820	219	219	567.0
YNL024C	chrXIV	-	587106	587847	741	741	865.0
YNL023C	chrXIV	-	588262	591160	2898	2898	3158.0
YNL022C	chrXIV	-	591426	592899	1473	1473	1670.0
YNL021W	chrXIV	+	593226	595347	2121	2121	2469.0
YNL020C	chrXIV	-	595622	597539	1917	1917	2197.0
YNL019C	chrXIV	-	598375	599230	855	855	1105.0
YNL018C	chrXIV	-	599935	601774	1839	1839	2089.0
YNL016W	chrXIV	+	602906	604268	1362	1362	1960.0
YNL015W	chrXIV	+	605383	605611	228	228	455.0
YNL014W	chrXIV	+	606318	609453	3135	3135	3385.0
YNL012W	chrXIV	+	609685	611665	1980	1896	2146.0
YNL011C	chrXIV	-	611835	613170	1335	1335	1680.0
YNL010W	chrXIV	+	613634	614360	726	726	948.0
YNL009W	chrXIV	+	614820	616083	1263	1263	1086.0
YNL008C	chrXIV	-	616210	618241	2031	2031	2118.0
YNL007C	chrXIV	-	618506	619565	1059	1059	1281.0
YNL006W	chrXIV	+	620066	620978	912	912	1307.0
YNL005C	chrXIV	-	621312	622428	1116	1116	1337.0
YNL004W	chrXIV	+	622914	624621	1707	1365	1554.0
YNL003C	chrXIV	-	624974	625829	855	855	1354.0
YNL002C	chrXIV	-	626173	627142	969	969	1133.0
YNL001W	chrXIV	+	627455	628616	1161	1161	1347.0
YNR001C	chrXIV	-	629621	631061	1440	1440	1822.0
YNR002C	chrXIV	-	633007	633856	849	849	1099.0
YNR003C	chrXIV	-	634343	635297	954	954	1455.0
YNR004W	chrXIV	+	635942	636383	441	441	881.0
YNR006W	chrXIV	+	636985	638854	1869	1869	2058.0
YNR007C	chrXIV	-	639181	640114	933	933	1294.0
YNR008W	chrXIV	+	640395	642381	1986	1986	2279.0
YNR009W	chrXIV	+	642689	643439	750	750	976.0
YNR010W	chrXIV	+	643743	644193	450	450	575.0
YNR011C	chrXIV	-	644319	646950	2631	2631	2816.0
YNR012W	chrXIV	+	647431	648937	1506	1506	1663.0
YNR013C	chrXIV	-	649027	651712	2685	2685	2814.0
YNR014W	chrXIV	+	652464	653103	639	639	859.0
YNR015W	chrXIV	+	653386	654541	1155	1155	1268.0
YNR016C	chrXIV	-	654672	661374	6702	6702	7346.0
YNR017W	chrXIV	+	662912	663581	669	669	1172.0
YNR018W	chrXIV	+	664269	664944	675	675	880.0
YNR019W	chrXIV	+	665338	667267	1929	1929	2091.0
YNR020C	chrXIV	-	667409	668222	813	813	815.0
YNR021W	chrXIV	+	668376	669591	1215	1215	1489.0
YNR022C	chrXIV	-	669773	670193	420	420	566.0
YNR023W	chrXIV	+	670417	672118	1701	1701	1836.0
YNR024W	chrXIV	+	672408	672969	561	561	698.0
YNR026C	chrXIV	-	673273	674689	1416	1416	1799.0
YNR027W	chrXIV	+	674922	675876	954	954	1281.0
YNR028W	chrXIV	+	676176	677103	927	927	1084.0
YNR029C	chrXIV	-	677198	678488	1290	1290	1459.0
YNR030W	chrXIV	+	678798	680454	1656	1656	1892.0
YNR031C	chrXIV	-	680693	685433	4740	4740	5131.0
YNR032W	chrXIV	+	686009	687116	1107	1107	1335.0
YNR032C-A	chrXIV	-	687242	687464	222	222	397.0
YNR033W	chrXIV	+	687634	689998	2364	2364	2435.0
YNR034W	chrXIV	+	690320	691286	966	966	1317.0
YNR034W-A	chrXIV	+	692560	692857	297	297	547.0
YNR035C	chrXIV	-	693018	694047	1029	1029	1127.0
YNR036C	chrXIV	-	694360	694822	462	462	635.0
YNR037C	chrXIV	-	695051	695327	276	276	403.0
YNR038W	chrXIV	+	695594	697484	1890	1890	2042.0
YNR039C	chrXIV	-	697613	699431	1818	1818	1922.0
YNR040W	chrXIV	+	699689	700460	771	771	837.0
YNR041C	chrXIV	-	700540	701659	1119	1119	1188.0
YNR043W	chrXIV	+	701894	703085	1191	1191	1387.0
YNR044W	chrXIV	+	703698	705876	2178	2178	2288.0
YNR045W	chrXIV	+	706138	707608	1470	1470	1544.0
YNR046W	chrXIV	+	707787	708195	408	408	604.0
YNR047W	chrXIV	+	708522	711204	2682	2682	2997.0
YNR048W	chrXIV	+	711629	712811	1182	1182	1429.0
YNR049C	chrXIV	-	713022	713655	633	633	998.0
YNR050C	chrXIV	-	714047	715388	1341	1341	1539.0
YNR051C	chrXIV	-	716779	718327	1548	1548	2730.0
YNR052C	chrXIV	-	719345	720647	1302	1302	1475.0
YNR053C	chrXIV	-	721119	723112	1993	1461	1685.0
YNR054C	chrXIV	-	723355	724306	951	951	1161.0
YNR055C	chrXIV	-	728425	730186	1761	1761	2420.0
YNR056C	chrXIV	-	731617	733303	1686	1686	1936.0
YNR057C	chrXIV	-	733355	734069	714	714	570.0
YNR058W	chrXIV	+	734290	735733	1443	1443	1693.0
YNR059W	chrXIV	+	736802	738545	1743	1743	2047.0
YNR060W	chrXIV	+	739950	742110	2160	2160	2410.0
YNR061C	chrXIV	-	742880	743540	660	660	1065.0
YNR062C	chrXIV	-	744359	745343	984	984	1234.0
YNR063W	chrXIV	+	746942	748766	1824	1824	2074.0
YNR064C	chrXIV	-	749135	750008	873	873	1123.0
YNR065C	chrXIV	-	750349	753700	3351	3351	3601.0
YNR066C	chrXIV	-	753724	755035	1311	1311	1561.0
YNR067C	chrXIV	-	755745	759099	3354	3354	3556.0
YNR068C	chrXIV	-	760066	760885	819	819	1069.0
YNR069C	chrXIV	-	761122	762592	1470	1470	1720.0
YNR070W	chrXIV	+	765374	769376	4002	4002	4252.0
YNR071C	chrXIV	-	770439	771468	1029	1029	1279.0
YNR072W	chrXIV	+	772656	774351	1695	1695	1945.0
YNR073C	chrXIV	-	774791	776300	1509	1509	1759.0
YNR074C	chrXIV	-	777601	778738	1137	1137	1720.0
YNR075W	chrXIV	+	779915	781040	1125	1125	1385.0
YNR075C-A	chrXIV	-	781510	781603	93	93	343.0
YNR076W	chrXIV	+	781917	782280	363	363	613.0
YNR077C	chrXIV	-	783286	783541	255	255	505.0
YOL166W-A	chrXV	+	584	740	156	156	406.0
YOL165C	chrXV	-	1646	2078	432	432	682.0
YOL164W-A	chrXV	+	4129	4312	183	183	433.0
YOL164W	chrXV	+	6174	8115	1941	1941	2365.0
YOL163W	chrXV	+	9596	10106	510	510	760.0
YOL162W	chrXV	+	10118	10766	648	648	898.0
YOL161C	chrXV	-	11548	11911	363	363	613.0
YOL160W	chrXV	+	14312	14654	342	342	592.0
YOL159C-A	chrXV	-	15232	15505	273	273	893.0
YOL159C	chrXV	-	17280	17796	516	516	589.0
YOL158C	chrXV	-	19490	21311	1821	1821	2179.0
YOL157C	chrXV	-	22524	24294	1770	1770	1915.0
YOL156W	chrXV	+	25272	26976	1704	1704	1954.0
YOL155W-A	chrXV	+	27083	27218	135	135	385.0
YOL155C	chrXV	-	28702	31606	2904	2904	3154.0
YOL154W	chrXV	+	34657	35407	750	750	1000.0
YOL152W	chrXV	+	40747	42610	1863	1863	2113.0
YOL151W	chrXV	+	43693	44722	1029	1029	1106.0
YOL149W	chrXV	+	44937	45633	696	696	862.0
YOL148C	chrXV	-	45759	47574	1815	1815	1949.0
YOL147C	chrXV	-	47932	48643	711	711	879.0
YOL146W	chrXV	+	48863	49448	585	585	659.0
YOL145C	chrXV	-	49554	52788	3234	3234	3428.0
YOL144W	chrXV	+	53097	54552	1455	1455	1547.0
YOL143C	chrXV	-	54594	55104	510	510	626.0
YOL142W	chrXV	+	55557	56280	723	723	807.0
YOL141W	chrXV	+	56451	58539	2088	2088	2355.0
YOL140W	chrXV	+	58758	60030	1272	1272	1309.0
YOL139C	chrXV	-	60382	61024	642	642	837.0
YOL138C	chrXV	-	61324	65350	4026	4026	4109.0
YOL137W	chrXV	+	65620	67114	1494	1494	1807.0
YOL136C	chrXV	-	67560	68754	1194	1194	1798.0
YOL135C	chrXV	-	69375	70044	669	669	863.0
YOL133W	chrXV	+	70324	70690	366	366	755.0
YOL132W	chrXV	+	71299	72715	1416	1416	1666.0
YOL131W	chrXV	+	73030	73357	327	327	577.0
YOL130W	chrXV	+	74399	76979	2580	2580	3238.0
YOL129W	chrXV	+	77559	78114	555	555	722.0
YOL128C	chrXV	-	78351	79479	1128	1128	1330.0
YOL127W	chrXV	+	80347	81190	843	429	533.0
YOL126C	chrXV	-	81786	82920	1134	1134	1449.0
YOL125W	chrXV	+	83833	85264	1431	1431	1916.0
YOL124C	chrXV	-	85455	86757	1302	1302	1516.0
YOL123W	chrXV	+	87843	89448	1605	1605	2136.0
YOL122C	chrXV	-	89691	91419	1728	1728	1986.0
YOL121C	chrXV	-	92025	92850	825	435	512.0
YOL120C	chrXV	-	93394	94402	1008	561	711.0
YOL119C	chrXV	-	94855	96361	1506	1506	1721.0
YOL118C	chrXV	-	96607	96916	309	309	559.0
YOL117W	chrXV	+	97550	99488	1938	1938	2226.0
YOL116W	chrXV	+	99808	100957	1149	1149	1512.0
YOL115W	chrXV	+	101474	103229	1755	1755	1932.0
YOL114C	chrXV	-	103316	103925	609	609	859.0
YOL113W	chrXV	+	104325	106293	1968	1968	2240.0
YOL112W	chrXV	+	106709	108188	1479	1479	1739.0
YOL111C	chrXV	-	108257	108896	639	639	873.0
YOL110W	chrXV	+	109175	109889	714	714	915.0
YOL109W	chrXV	+	110296	110638	342	342	593.0
YOL108C	chrXV	-	111430	111886	456	456	723.0
YOL107W	chrXV	+	112101	113130	1029	1029	1337.0
YOL105C	chrXV	-	114137	115808	1671	1671	2074.0
YOL104C	chrXV	-	116395	117454	1059	1059	1817.0
YOL103W	chrXV	+	124000	125830	1830	1830	2229.0
YOL102C	chrXV	-	125996	126689	693	693	821.0
YOL101C	chrXV	-	126981	127920	939	939	1056.0
YOL100W	chrXV	+	129236	132482	3246	3246	3554.0
YOL098C	chrXV	-	132724	135838	3114	3114	3472.0
YOL097W-A	chrXV	+	136219	136405	186	186	436.0
YOL097C	chrXV	-	136526	137825	1299	1299	1524.0
YOL096C	chrXV	-	138106	139045	939	939	1080.0
YOL095C	chrXV	-	139226	141347	2121	2121	2238.0
YOL094C	chrXV	-	141583	142555	972	972	1075.0
YOL093W	chrXV	+	142814	143696	882	882	1056.0
YOL092W	chrXV	+	144203	145130	927	927	1010.0
YOL091W	chrXV	+	145333	147163	1830	1830	2080.0
YOL090W	chrXV	+	147381	150276	2895	2895	3044.0
YOL089C	chrXV	-	150397	153490	3093	3093	3305.0
YOL088C	chrXV	-	153911	154745	834	834	1054.0
YOL087C	chrXV	-	155286	158637	3351	3351	3894.0
YOL086W-A	chrXV	+	159172	159445	273	273	416.0
YOL085C	chrXV	-	161672	162014	342	342	592.0
YOL084W	chrXV	+	162355	165331	2976	2976	3226.0
YOL083W	chrXV	+	165713	166952	1239	1239	1489.0
YOL082W	chrXV	+	168726	169974	1248	1248	1413.0
YOL081W	chrXV	+	171069	180309	9240	9240	9320.0
YOL080C	chrXV	-	180557	181427	870	870	1078.0
YOL078W	chrXV	+	181681	185212	3531	3531	3629.0
YOL077W-A	chrXV	+	185437	185644	207	207	454.0
YOL077C	chrXV	-	185847	186723	876	876	1061.0
YOL076W	chrXV	+	187023	189414	2391	2391	2566.0
YOL075C	chrXV	-	189657	193542	3885	3885	4203.0
YOL073C	chrXV	-	193831	194800	969	969	1053.0
YOL072W	chrXV	+	194969	196337	1368	1368	1507.0
YOL071W	chrXV	+	196506	196995	489	489	655.0
YOL070C	chrXV	-	197219	198725	1506	1506	1726.0
YOL069W	chrXV	+	198941	200297	1356	1356	1525.0
YOL068C	chrXV	-	200367	201879	1512	1512	1762.0
YOL067C	chrXV	-	201984	202518	534	534	805.0
YOL066C	chrXV	-	202695	204471	1776	1776	1897.0
YOL065C	chrXV	-	204730	205885	1155	1155	1324.0
YOL064C	chrXV	-	206102	207176	1074	1074	1215.0
YOL063C	chrXV	-	207391	210265	2874	2874	2997.0
YOL062C	chrXV	-	210519	211995	1476	1476	1581.0
YOL061W	chrXV	+	212243	213734	1491	1491	1710.0
YOL060C	chrXV	-	214016	216137	2121	2121	3224.0
YOL059W	chrXV	+	217125	218448	1323	1323	1589.0
YOL058W	chrXV	+	219210	220473	1263	1263	1476.0
YOL057W	chrXV	+	220766	222902	2136	2136	2353.0
YOL056W	chrXV	+	223267	224179	912	912	1161.0
YOL055C	chrXV	-	224419	226075	1656	1656	1814.0
YOL054W	chrXV	+	228613	229834	1221	1221	1490.0
YOL053W	chrXV	+	230084	231272	1188	1188	1253.0
YOL052C-A	chrXV	-	231569	231755	186	186	436.0
YOL052C	chrXV	-	232445	233636	1191	1191	1387.0
YOL051W	chrXV	+	234939	238185	3246	3246	3660.0
YOL049W	chrXV	+	238618	240094	1476	1476	1632.0
YOL048C	chrXV	-	240203	241310	1107	1029	1181.0
YOL047C	chrXV	-	241613	242747	1134	1071	1321.0
YOL045W	chrXV	+	243496	246802	3306	3306	3941.0
YOL044W	chrXV	+	247149	248301	1152	1152	1280.0
YOL043C	chrXV	-	248391	249534	1143	1143	1350.0
YOL042W	chrXV	+	249824	250916	1092	1092	1450.0
YOL041C	chrXV	-	251266	252646	1380	1380	1598.0
YOL040C	chrXV	-	253148	253577	429	429	589.0
YOL039W	chrXV	+	254296	254617	321	321	543.0
YOL038C-A	chrXV	-	254925	255021	96	96	340.0
YOL038W	chrXV	+	255336	256101	765	765	921.0
YOL036W	chrXV	+	256744	259030	2286	2286	2536.0
YOL034W	chrXV	+	259922	263204	3282	3282	3388.0
YOL033W	chrXV	+	263474	265085	1611	1611	1813.0
YOL032W	chrXV	+	265428	266169	741	741	923.0
YOL031C	chrXV	-	266263	267529	1266	1266	1443.0
YOL030W	chrXV	+	268186	269641	1455	1455	1705.0
YOL029C	chrXV	-	269814	270420	606	606	856.0
YOL028C	chrXV	-	270632	271370	738	738	1871.0
YOL027C	chrXV	-	272002	273724	1722	1722	1988.0
YOL026C	chrXV	-	274011	274353	342	342	562.0
YOL025W	chrXV	+	274956	276939	1983	1983	2080.0
YOL024W	chrXV	+	277085	277604	519	519	769.0
YOL023W	chrXV	+	278055	280086	2031	2031	2202.0
YOL022C	chrXV	-	280271	281498	1227	1227	1361.0
YOL021C	chrXV	-	282420	285426	3006	3006	3157.0
YOL020W	chrXV	+	286171	287950	1779	1779	2081.0
YOL019W-A	chrXV	+	288419	288572	153	153	403.0
YOL019W	chrXV	+	288897	290553	1656	1656	2019.0
YOL018C	chrXV	-	290880	292074	1194	1194	1473.0
YOL017W	chrXV	+	292528	294673	2145	2145	2351.0
YOL016C	chrXV	-	294776	296120	1344	1344	1493.0
YOL015W	chrXV	+	297077	298838	1761	1761	2565.0
YOL014W	chrXV	+	299692	300067	375	375	813.0
YOL013C	chrXV	-	301379	303035	1656	1656	1868.0
YOL012C	chrXV	-	303578	303983	405	405	723.0
YOL011W	chrXV	+	305348	307409	2061	2061	3091.0
YOL010W	chrXV	+	307937	309041	1104	1104	1290.0
YOL009C	chrXV	-	309323	310139	816	816	892.0
YOL008W	chrXV	+	310311	310935	624	624	816.0
YOL007C	chrXV	-	311341	312367	1026	1026	1460.0
YOL006C	chrXV	-	313077	315387	2310	2310	2595.0
YOL005C	chrXV	-	315812	316175	363	363	562.0
YOL004W	chrXV	+	316937	321548	4611	4611	4950.0
YOL003C	chrXV	-	321857	322994	1137	1137	1270.0
YOL002C	chrXV	-	323410	324364	954	954	1100.0
YOL001W	chrXV	+	325248	326130	882	882	1464.0
YOR001W	chrXV	+	326831	329033	2202	2202	2371.0
YOR002W	chrXV	+	329416	331051	1635	1635	2093.0
YOR003W	chrXV	+	331454	332891	1437	1437	754.0
YOR004W	chrXV	+	333591	334356	765	765	1000.0
YOR005C	chrXV	-	334508	337343	2835	2835	2028.0
YOR006C	chrXV	-	337679	338621	942	942	1120.0
YOR007C	chrXV	-	338937	339978	1041	1041	1328.0
YOR008C	chrXV	-	341277	342414	1137	1137	1699.0
YOR008C-A	chrXV	-	342856	343081	225	225	475.0
YOR009W	chrXV	+	344334	345798	1464	1464	1714.0
YOR010C	chrXV	-	346194	346950	756	756	1006.0
YOR011W	chrXV	+	349678	353863	4185	4185	4086.0
YOR011W-A	chrXV	+	355651	355858	207	207	457.0
YOR012W	chrXV	+	356542	356956	414	414	772.0
YOR014W	chrXV	+	357673	359947	2274	2274	3028.0
YOR015W	chrXV	+	359992	360352	360	360	610.0
YOR016C	chrXV	-	360460	361084	624	624	919.0
YOR017W	chrXV	+	361411	363814	2403	2403	2594.0
YOR018W	chrXV	+	364368	366882	2514	2514	2704.0
YOR019W	chrXV	+	368126	370319	2193	2193	888.0
YOR020C	chrXV	-	370523	370844	321	321	460.0
YOR020W-A	chrXV	+	371684	371957	273	273	704.0
YOR021C	chrXV	-	372797	373439	642	642	1060.0
YOR022C	chrXV	-	373709	375857	2148	2148	2180.0
YOR023C	chrXV	-	376011	377712	1701	1701	1855.0
YOR025W	chrXV	+	378218	379562	1344	1344	1549.0
YOR026W	chrXV	+	379780	380806	1026	1026	1222.0
YOR027W	chrXV	+	381052	382822	1770	1770	1965.0
YOR028C	chrXV	-	383532	384420	888	888	1475.0
YOR029W	chrXV	+	384599	384935	336	336	586.0
YOR030W	chrXV	+	386824	388684	1860	1860	2807.0
YOR032C	chrXV	-	389770	391075	1305	1305	1555.0
YOR032W-A	chrXV	+	392175	392376	201	201	451.0
YOR033C	chrXV	-	392415	394524	2109	2109	2349.0
YOR034C	chrXV	-	394836	397086	2250	2250	2653.0
YOR034C-A	chrXV	-	397425	397668	243	243	493.0
YOR035C	chrXV	-	397734	400104	2370	2370	2585.0
YOR036W	chrXV	+	400347	401214	867	867	944.0
YOR037W	chrXV	+	401554	402655	1101	1101	1201.0
YOR038C	chrXV	-	402760	405388	2628	2628	2775.0
YOR039W	chrXV	+	405767	406544	777	777	1227.0
YOR040W	chrXV	+	407063	407921	858	858	1245.0
YOR042W	chrXV	+	408424	409660	1236	1236	1493.0
YOR043W	chrXV	+	410869	412330	1461	1461	2055.0
YOR044W	chrXV	+	413006	413480	474	474	940.0
YOR045W	chrXV	+	413851	414037	186	186	442.0
YOR046C	chrXV	-	414458	415907	1449	1449	1549.0
YOR047C	chrXV	-	416346	417681	1335	1335	1656.0
YOR048C	chrXV	-	418629	421650	3021	3021	3319.0
YOR049C	chrXV	-	422667	423732	1065	1065	1315.0
YOR051C	chrXV	-	424845	426084	1239	1239	1506.0
YOR052C	chrXV	-	426771	427224	453	453	854.0
YOR054C	chrXV	-	427832	429857	2025	2025	2244.0
YOR056C	chrXV	-	430246	431626	1380	1380	1516.0
YOR057W	chrXV	+	432185	433373	1188	1188	1330.0
YOR058C	chrXV	-	433687	436345	2658	2658	3135.0
YOR059C	chrXV	-	438905	440258	1353	1353	1603.0
YOR060C	chrXV	-	440389	441163	774	774	1065.0
YOR061W	chrXV	+	441533	442553	1020	1020	1402.0
YOR062C	chrXV	-	442724	443531	807	807	927.0
YOR063W	chrXV	+	444685	445849	1164	1164	1304.0
YOR064C	chrXV	-	446078	446738	660	660	796.0
YOR065W	chrXV	+	447438	448368	930	930	1791.0
YOR066W	chrXV	+	449435	451325	1890	1890	2213.0
YOR067C	chrXV	-	451728	453462	1734	1734	1873.0
YOR069W	chrXV	+	453767	455795	2028	2028	2271.0
YOR068C	chrXV	-	453868	454213	345	345	595.0
YOR070C	chrXV	-	455906	457820	1914	1914	2117.0
YOR071C	chrXV	-	459479	461276	1797	1797	2995.0
YOR072W	chrXV	+	461501	461816	315	315	565.0
YOR072W-B	chrXV	+	464468	464630	162	162	412.0
YOR073W	chrXV	+	464770	466543	1773	1773	1954.0
YOR074C	chrXV	-	466674	467589	915	915	1077.0
YOR075W	chrXV	+	468211	469252	1041	1041	1111.0
YOR076C	chrXV	-	469376	471620	2244	2244	2372.0
YOR077W	chrXV	+	471898	472597	699	699	1577.0
YOR078W	chrXV	+	472724	473369	645	645	895.0
YOR079C	chrXV	-	473474	474416	942	942	1110.0
YOR080W	chrXV	+	474593	476792	2199	2199	2377.0
YOR081C	chrXV	-	476938	479188	2250	2250	2419.0
YOR083W	chrXV	+	479532	480420	888	888	1200.0
YOR084W	chrXV	+	480586	481750	1164	1164	1414.0
YOR085W	chrXV	+	482032	483085	1053	1053	1216.0
YOR086C	chrXV	-	483218	486779	3561	3561	3871.0
YOR087W	chrXV	+	487706	489734	2028	2028	2211.0
YOR089C	chrXV	-	490195	490828	633	633	1000.0
YOR090C	chrXV	-	491122	492841	1719	1719	1946.0
YOR091W	chrXV	+	493432	494470	1038	1038	1238.0
YOR092W	chrXV	+	495126	496968	1842	1842	2097.0
YOR093C	chrXV	-	497505	502452	4947	4947	5168.0
YOR094W	chrXV	+	502794	503346	552	552	847.0
YOR095C	chrXV	-	503551	504328	777	777	1137.0
YOR096W	chrXV	+	505793	506767	974	573	722.0
YOR097C	chrXV	-	506977	507505	528	528	632.0
YOR098C	chrXV	-	507947	511178	3231	3231	3557.0
YOR099W	chrXV	+	511824	513006	1182	1182	1459.0
YOR100C	chrXV	-	513294	514278	984	984	1234.0
YOR101W	chrXV	+	515243	516173	930	930	1328.0
YOR103C	chrXV	-	516448	516841	393	393	903.0
YOR104W	chrXV	+	517641	518490	849	849	1392.0
YOR105W	chrXV	+	518194	518521	327	327	577.0
YOR106W	chrXV	+	519120	519972	852	852	1028.0
YOR107W	chrXV	+	521352	522282	930	930	1553.0
YOR108W	chrXV	+	523026	524841	1815	1815	2080.0
YOR109W	chrXV	+	525277	528601	3324	3324	3667.0
YOR110W	chrXV	+	528940	530248	1308	1308	1462.0
YOR111W	chrXV	+	530428	531127	699	699	1044.0
YOR112W	chrXV	+	531507	533793	2286	2286	2425.0
YOR113W	chrXV	+	534074	536819	2745	2745	3158.0
YOR114W	chrXV	+	537569	538454	885	885	1135.0
YOR115C	chrXV	-	538658	539465	807	807	979.0
YOR116C	chrXV	-	539762	544145	4383	4383	4712.0
YOR117W	chrXV	+	545028	546333	1305	1305	1562.0
YOR118W	chrXV	+	546856	548560	1704	1704	2034.0
YOR119C	chrXV	-	548791	550246	1455	1455	1668.0
YOR120W	chrXV	+	551113	552052	939	939	1711.0
YOR122C	chrXV	-	552297	552887	590	381	646.0
YOR123C	chrXV	-	553175	554570	1395	1395	1541.0
YOR124C	chrXV	-	554823	558642	3819	3819	4051.0
YOR125C	chrXV	-	559029	559731	702	702	918.0
YOR126C	chrXV	-	559960	560677	717	717	861.0
YOR127W	chrXV	+	561169	564193	3024	3024	3466.0
YOR128C	chrXV	-	564475	566191	1716	1716	1848.0
YOR129C	chrXV	-	566876	569558	2682	2682	2958.0
YOR130C	chrXV	-	569928	570807	879	879	1111.0
YOR131C	chrXV	-	572181	572838	657	657	803.0
YOR132W	chrXV	+	573174	574830	1656	1656	1852.0
YOR133W	chrXV	+	575097	577626	2529	2529	2806.0
YOR134W	chrXV	+	578563	579793	1230	1230	1480.0
YOR136W	chrXV	+	580249	581359	1110	1110	1499.0
YOR137C	chrXV	-	581812	583681	1869	1869	2329.0
YOR138C	chrXV	-	584308	586324	2016	2016	2153.0
YOR140W	chrXV	+	586980	589281	2301	2301	3074.0
YOR141C	chrXV	-	589941	592587	2646	2646	2951.0
YOR142W	chrXV	+	593056	594046	990	990	1428.0
YOR143C	chrXV	-	601382	602342	960	960	1103.0
YOR144C	chrXV	-	602716	605092	2376	2376	2575.0
YOR145C	chrXV	-	605346	606171	825	825	1032.0
YOR147W	chrXV	+	606606	608475	1869	1869	2079.0
YOR148C	chrXV	-	608639	609197	558	558	650.0
YOR149C	chrXV	-	609837	611388	1551	1551	2011.0
YOR150W	chrXV	+	611998	612490	492	492	742.0
YOR151C	chrXV	-	612996	616671	3675	3675	4373.0
YOR152C	chrXV	-	617517	618288	771	771	1543.0
YOR153W	chrXV	+	619839	624375	4536	4536	4802.0
YOR154W	chrXV	+	624728	626492	1764	1764	1965.0
YOR155C	chrXV	-	626627	627980	1353	1353	1490.0
YOR156C	chrXV	-	628359	630540	2181	2181	2431.0
YOR157C	chrXV	-	630965	631751	786	786	1015.0
YOR158W	chrXV	+	632163	633120	957	957	1122.0
YOR159C	chrXV	-	633281	633566	285	285	573.0
YOR160W	chrXV	+	633838	636757	2919	2919	3082.0
YOR161C	chrXV	-	636938	638558	1620	1620	1873.0
YOR161C-C	chrXV	-	639120	639267	147	147	397.0
YOR162C	chrXV	-	639559	641992	2433	2433	2760.0
YOR163W	chrXV	+	642740	643307	567	567	677.0
YOR164C	chrXV	-	643393	644332	939	939	1209.0
YOR165W	chrXV	+	644565	646896	2331	2331	2536.0
YOR166C	chrXV	-	647125	648502	1377	1377	1628.0
YOR167C	chrXV	-	648803	649007	204	204	347.0
YOR168W	chrXV	+	649302	651732	2430	2430	2541.0
YOR171C	chrXV	-	652009	653884	1875	1875	2207.0
YOR172W	chrXV	+	654209	656570	2361	2361	2612.0
YOR173W	chrXV	+	657263	658325	1062	1062	1312.0
YOR174W	chrXV	+	658746	659601	855	855	1094.0
YOR175C	chrXV	-	659814	661674	1860	1860	2104.0
YOR176W	chrXV	+	662400	663582	1182	1182	1476.0
YOR177C	chrXV	-	665784	667179	1395	1395	1645.0
YOR178C	chrXV	-	667859	670241	2382	2382	2632.0
YOR179C	chrXV	-	671844	672411	567	567	866.0
YOR180C	chrXV	-	674351	675167	816	816	1560.0
YOR181W	chrXV	+	675938	677840	1902	1902	2102.0
YOR182C	chrXV	-	678190	678793	603	192	314.0
YOR183W	chrXV	+	678871	679261	390	390	640.0
YOR184W	chrXV	+	679356	680544	1188	1188	1414.0
YOR185C	chrXV	-	681443	682106	663	663	797.0
YOR186W	chrXV	+	683110	683545	435	435	685.0
YOR187W	chrXV	+	684029	685343	1314	1314	1562.0
YOR188W	chrXV	+	685766	689180	3414	3414	3671.0
YOR189W	chrXV	+	689623	689974	351	351	591.0
YOR190W	chrXV	+	690694	692032	1338	1338	1588.0
YOR191W	chrXV	+	692474	697334	4860	4860	5787.0
YOR192C	chrXV	-	698767	700567	1800	1800	2050.0
YOR192C-C	chrXV	-	703987	704224	237	237	143.0
YOR193W	chrXV	+	710445	711576	1131	1131	1280.0
YOR194C	chrXV	-	711682	712543	861	861	1237.0
YOR195W	chrXV	+	712865	715331	2466	2466	2761.0
YOR196C	chrXV	-	715592	716837	1245	1245	1448.0
YOR197W	chrXV	+	717085	718384	1299	1299	1483.0
YOR198C	chrXV	-	718652	720065	1413	1413	1865.0
YOR201C	chrXV	-	720469	721708	1239	1239	1358.0
YOR202W	chrXV	+	721945	722608	663	663	852.0
YOR204W	chrXV	+	722910	724725	1815	1815	2555.0
YOR205C	chrXV	-	725563	727234	1671	1671	1790.0
YOR206W	chrXV	+	727511	729644	2133	2133	2305.0
YOR207C	chrXV	-	730007	733457	3450	3450	3790.0
YOR208W	chrXV	+	733924	736177	2253	2253	2578.0
YOR209C	chrXV	-	736436	737726	1290	1290	1659.0
YOR210W	chrXV	+	738319	738532	213	213	543.0
YOR211C	chrXV	-	738923	741569	2646	2646	2954.0
YOR212W	chrXV	+	742909	744181	1272	1272	1594.0
YOR213C	chrXV	-	744534	745281	747	747	1188.0
YOR214C	chrXV	-	745592	746303	711	711	961.0
YOR215C	chrXV	-	746724	747282	558	558	935.0
YOR216C	chrXV	-	747524	748979	1455	1455	1653.0
YOR217W	chrXV	+	749300	751886	2586	2586	2956.0
YOR219C	chrXV	-	752213	755009	2796	2796	3226.0
YOR220W	chrXV	+	755327	756125	798	798	973.0
YOR221C	chrXV	-	756475	757558	1083	1083	1393.0
YOR222W	chrXV	+	758329	759253	924	924	1443.0
YOR223W	chrXV	+	759781	760660	879	879	1046.0
YOR224C	chrXV	-	760824	761265	441	441	601.0
YOR226C	chrXV	-	761613	762084	471	471	679.0
YOR227W	chrXV	+	762824	766565	3741	3741	4314.0
YOR228C	chrXV	-	766868	767777	909	909	1257.0
YOR229W	chrXV	+	768408	769812	1404	1404	1752.0
YOR230W	chrXV	+	770799	772113	1314	1314	1650.0
YOR231W	chrXV	+	772600	774127	1527	1527	1859.0
YOR232W	chrXV	+	774572	775259	687	687	959.0
YOR233W	chrXV	+	775845	778248	2403	2403	2677.0
YOR234C	chrXV	-	778554	779405	851	324	446.0
YOR235W	chrXV	+	779869	780184	315	315	565.0
YOR236W	chrXV	+	780905	781541	636	636	720.0
YOR237W	chrXV	+	781993	783298	1305	1305	1555.0
YOR238W	chrXV	+	783676	784588	912	912	991.0
YOR239W	chrXV	+	784856	786744	1888	1887	2149.0
YOR241W	chrXV	+	786994	788641	1647	1647	1787.0
YOR242C	chrXV	-	788741	789857	1116	1116	1366.0
YOR243C	chrXV	-	790210	792241	2031	2031	2396.0
YOR244W	chrXV	+	792530	793868	1338	1338	1584.0
YOR245C	chrXV	-	794075	795332	1257	1257	1621.0
YOR246C	chrXV	-	795800	796793	993	993	1238.0
YOR247W	chrXV	+	797675	798308	633	633	1083.0
YOR249C	chrXV	-	798673	800731	2058	2058	2122.0
YOR250C	chrXV	-	800969	802307	1338	1338	1464.0
YOR251C	chrXV	-	802549	803464	915	915	1033.0
YOR252W	chrXV	+	803666	804203	537	537	670.0
YOR253W	chrXV	+	804376	804907	531	531	662.0
YOR254C	chrXV	-	805031	807023	1992	1992	2152.0
YOR255W	chrXV	+	807270	808107	837	837	1087.0
YOR256C	chrXV	-	808253	810683	2430	2430	2648.0
YOR257W	chrXV	+	811007	811493	486	486	575.0
YOR258W	chrXV	+	811670	812324	654	654	751.0
YOR259C	chrXV	-	812394	813708	1314	1314	1502.0
YOR260W	chrXV	+	813983	815720	1737	1737	1998.0
YOR261C	chrXV	-	815914	816931	1017	1017	1264.0
YOR262W	chrXV	+	817291	818335	1044	1044	1208.0
YOR264W	chrXV	+	818865	820158	1293	1293	1553.0
YOR265W	chrXV	+	820453	820774	321	321	601.0
YOR266W	chrXV	+	821022	822294	1272	1272	1417.0
YOR267C	chrXV	-	822587	824867	2280	2280	2891.0
YOR268C	chrXV	-	825533	825932	399	399	649.0
YOR269W	chrXV	+	826384	827869	1485	1485	1728.0
YOR270C	chrXV	-	828051	830574	2523	2523	2821.0
YOR271C	chrXV	-	831058	832042	984	984	1162.0
YOR272W	chrXV	+	832812	834195	1383	1383	1538.0
YOR273C	chrXV	-	834451	836431	1980	1980	2254.0
YOR274W	chrXV	+	837673	838960	1287	1287	1563.0
YOR275C	chrXV	-	839083	841069	1986	1986	2130.0
YOR276W	chrXV	+	841332	841818	486	486	638.0
YOR278W	chrXV	+	842816	843644	828	828	1323.0
YOR279C	chrXV	-	843697	844630	933	933	1128.0
YOR280C	chrXV	-	844991	845792	801	801	981.0
YOR281C	chrXV	-	846268	847129	861	861	997.0
YOR283W	chrXV	+	847452	848145	693	693	970.0
YOR284W	chrXV	+	848477	849209	732	732	1064.0
YOR285W	chrXV	+	849634	850054	420	420	586.0
YOR286W	chrXV	+	850279	850729	450	450	719.0
YOR287C	chrXV	-	850936	851839	903	903	972.0
YOR288C	chrXV	-	852120	853077	957	957	1104.0
YOR289W	chrXV	+	853356	854112	756	756	1006.0
YOR290C	chrXV	-	855146	860258	5112	5112	5461.0
YOR291W	chrXV	+	861174	865593	4419	4419	4642.0
YOR292C	chrXV	-	865652	866582	930	930	1051.0
YOR293W	chrXV	+	867097	867852	755	318	499.0
YOR293C-A	chrXV	-	867997	868147	150	150	400.0
YOR294W	chrXV	+	868339	868951	612	612	807.0
YOR295W	chrXV	+	869207	869894	687	687	979.0
YOR296W	chrXV	+	870201	874071	3870	3870	4150.0
YOR297C	chrXV	-	874742	875321	579	579	734.0
YOR298W	chrXV	+	875598	877038	1440	1440	1690.0
YOR298C-A	chrXV	-	877229	877685	456	456	758.0
YOR299W	chrXV	+	878434	880675	2241	2241	2429.0
YOR301W	chrXV	+	880964	882272	1308	1308	1818.0
YOR302W	chrXV	+	882764	882842	78	78	328.0
YOR303W	chrXV	+	882898	884134	1236	1236	1537.0
YOR304W	chrXV	+	884513	887876	3363	3363	3621.0
YOR304C-A	chrXV	-	888519	888750	231	231	598.0
YOR305W	chrXV	+	889021	889750	729	729	870.0
YOR306C	chrXV	-	889866	891432	1566	1566	2043.0
YOR307C	chrXV	-	892730	894092	1362	1362	1639.0
YOR308C	chrXV	-	894623	896387	1764	1764	2037.0
YOR310C	chrXV	-	896824	898360	1536	1536	1794.0
YOR311C	chrXV	-	899055	899928	873	873	1129.0
YOR312C	chrXV	-	900249	901194	945	519	627.0
YOR313C	chrXV	-	901857	902874	1017	1017	1267.0
YOR314W	chrXV	+	903042	903372	330	330	580.0
YOR315W	chrXV	+	904759	905800	1041	1041	1609.0
YOR316C	chrXV	-	906235	907555	1320	1320	1570.0
YOR316C-A	chrXV	-	907725	907935	210	210	235.0
YOR317W	chrXV	+	909342	911445	2103	2103	2452.0
YOR319W	chrXV	+	912821	913463	642	642	1264.0
YOR320C	chrXV	-	913618	915094	1476	1476	1755.0
YOR321W	chrXV	+	916029	918291	2262	2262	2347.0
YOR322C	chrXV	-	918605	921062	2457	2457	2860.0
YOR323C	chrXV	-	921534	922905	1371	1371	1518.0
YOR324C	chrXV	-	923231	925040	1809	1809	2091.0
YOR326W	chrXV	+	925720	930445	4725	4725	5142.0
YOR327C	chrXV	-	930733	931081	348	348	632.0
YOR328W	chrXV	+	931802	936497	4695	4695	3066.0
YOR329C	chrXV	-	936730	939349	2619	2619	2809.0
YOR330C	chrXV	-	939620	943385	3765	3765	3877.0
YOR332W	chrXV	+	943655	944357	702	702	803.0
YOR334W	chrXV	+	944595	946008	1413	1413	1558.0
YOR335C	chrXV	-	946232	949109	2877	2877	3229.0
YOR336W	chrXV	+	949772	953870	4098	4098	4302.0
YOR337W	chrXV	+	954343	956623	2280	2280	2527.0
YOR338W	chrXV	+	956897	957989	1092	1092	1408.0
YOR339C	chrXV	-	958361	958832	471	471	721.0
YOR340C	chrXV	-	959201	960182	981	981	1221.0
YOR341W	chrXV	+	960986	965981	4995	4995	5385.0
YOR342C	chrXV	-	966665	967625	960	960	1210.0
YOR343C	chrXV	-	968147	968474	327	327	153.0
YOR344C	chrXV	-	977193	978069	876	876	1612.0
YOR346W	chrXV	+	981827	984785	2958	2958	3323.0
YOR347C	chrXV	-	984941	986462	1521	1521	1660.0
YOR348C	chrXV	-	986898	988782	1884	1884	2134.0
YOR349W	chrXV	+	989788	992833	3045	3045	3295.0
YOR350C	chrXV	-	992863	994855	1992	1992	2097.0
YOR351C	chrXV	-	995017	996511	1494	1494	1744.0
YOR352W	chrXV	+	997212	998244	1032	1032	1275.0
YOR353C	chrXV	-	998452	1000828	2376	2376	2563.0
YOR354C	chrXV	-	1001146	1003225	2079	2079	2219.0
YOR355W	chrXV	+	1005136	1006705	1569	1569	2335.0
YOR356W	chrXV	+	1007220	1009116	1896	1896	2122.0
YOR357C	chrXV	-	1009223	1009712	489	489	603.0
YOR358W	chrXV	+	1010160	1010889	729	729	1222.0
YOR359W	chrXV	+	1011188	1012760	1572	1572	1999.0
YOR360C	chrXV	-	1013240	1014821	1581	1581	1938.0
YOR361C	chrXV	-	1015360	1017652	2292	2292	2375.0
YOR362C	chrXV	-	1017879	1018746	867	867	1075.0
YOR363C	chrXV	-	1020221	1023212	2991	2991	3397.0
YOR365C	chrXV	-	1023460	1025572	2112	2112	2362.0
YOR367W	chrXV	+	1026006	1026609	603	603	719.0
YOR368W	chrXV	+	1026842	1028048	1206	1206	1369.0
YOR369C	chrXV	-	1028193	1028625	432	432	628.0
YOR370C	chrXV	-	1029182	1030994	1812	1812	2376.0
YOR371C	chrXV	-	1031488	1034182	2694	2694	3071.0
YOR372C	chrXV	-	1034806	1036471	1665	1665	2100.0
YOR373W	chrXV	+	1036833	1039389	2556	2556	2715.0
YOR374W	chrXV	+	1039839	1041399	1560	1560	1818.0
YOR375C	chrXV	-	1041677	1043042	1365	1365	1575.0
YOR376W	chrXV	+	1043190	1043559	369	369	619.0
YOR376W-A	chrXV	+	1045195	1045351	156	156	897.0
YOR377W	chrXV	+	1046225	1047803	1578	1578	1847.0
YOR378W	chrXV	+	1049510	1051058	1548	1548	1798.0
YOR380W	chrXV	+	1051289	1052930	1641	1641	1930.0
YOR381W	chrXV	+	1055544	1057680	2136	2136	2566.0
YOR381W-A	chrXV	+	1058422	1058590	168	168	418.0
YOR382W	chrXV	+	1059530	1059992	462	462	904.0
YOR383C	chrXV	-	1060440	1061055	615	615	918.0
YOR384W	chrXV	+	1061563	1063648	2085	2085	2335.0
YOR385W	chrXV	+	1065042	1065915	873	873	1420.0
YOR386W	chrXV	+	1066838	1068536	1698	1698	1948.0
YOR387C	chrXV	-	1069620	1070241	621	621	871.0
YOR388C	chrXV	-	1071792	1072923	1131	1131	1381.0
YOR389W	chrXV	+	1074212	1076087	1875	1875	2113.0
YOR390W	chrXV	+	1076783	1077911	1128	1128	1439.0
YOR391C	chrXV	-	1078544	1079258	714	714	964.0
YOR393W	chrXV	+	1080275	1081589	1314	1314	1564.0
YOR394W	chrXV	+	1082717	1083212	495	495	745.0
YOR394C-A	chrXV	-	1084201	1084369	168	168	418.0
YOR396W	chrXV	+	1085472	1090863	5391	5391	5641.0
YPL283C	chrXVI	-	279	6007	5728	5580	5830.0
YPL282C	chrXVI	-	7932	8427	495	495	745.0
YPL281C	chrXVI	-	9556	10870	1314	1314	1564.0
YPL280W	chrXVI	+	11886	12600	714	714	964.0
YPL279C	chrXVI	-	13227	14355	1128	1128	1423.0
YPL278C	chrXVI	-	15052	15355	303	303	553.0
YPL277C	chrXVI	-	15404	16868	1464	1464	1714.0
YPL274W	chrXVI	+	22937	24701	1764	1764	1867.0
YPL273W	chrXVI	+	25086	26064	978	978	1210.0
YPL272C	chrXVI	-	26610	28164	1554	1554	1804.0
YPL271W	chrXVI	+	30078	30267	189	189	389.0
YPL270W	chrXVI	+	30481	32803	2322	2322	2431.0
YPL269W	chrXVI	+	33012	34947	1935	1935	2079.0
YPL268W	chrXVI	+	35235	37845	2610	2610	2737.0
YPL267W	chrXVI	+	38168	38798	630	630	880.0
YPL266W	chrXVI	+	39120	40077	957	957	1112.0
YPL265W	chrXVI	+	41042	42869	1827	1827	2265.0
YPL264C	chrXVI	-	43282	44344	1062	1062	1312.0
YPL263C	chrXVI	-	44550	46506	1956	1956	2289.0
YPL262W	chrXVI	+	47335	48802	1467	1467	1690.0
YPL261C	chrXVI	-	48995	49304	309	309	559.0
YPL260W	chrXVI	+	49302	50958	1656	1656	1933.0
YPL259C	chrXVI	-	51243	52671	1428	1428	1678.0
YPL258C	chrXVI	-	53497	55153	1656	1656	2620.0
YPL257W	chrXVI	+	63278	63860	582	582	832.0
YPL256C	chrXVI	-	64976	66614	1638	1638	2043.0
YPL255W	chrXVI	+	67724	68882	1158	1158	1440.0
YPL254W	chrXVI	+	69484	70951	1467	1467	1781.0
YPL253C	chrXVI	-	71062	73006	1944	1944	2038.0
YPL252C	chrXVI	-	73362	73881	519	519	692.0
YPL250C	chrXVI	-	74308	74719	411	411	669.0
YPL249C-A	chrXVI	-	75698	76239	541	303	464.0
YPL249C	chrXVI	-	76668	79353	2685	2685	2893.0
YPL248C	chrXVI	-	79710	82356	2646	2646	2896.0
YPL247C	chrXVI	-	82624	84196	1572	1572	1790.0
YPL246C	chrXVI	-	84508	85297	789	789	961.0
YPL245W	chrXVI	+	85585	86950	1365	1365	1488.0
YPL244C	chrXVI	-	87013	88033	1020	1020	1408.0
YPL243W	chrXVI	+	88516	90316	1800	1800	1992.0
YPL242C	chrXVI	-	90621	95109	4488	4488	4715.0
YPL241C	chrXVI	-	95371	96258	887	807	895.0
YPL240C	chrXVI	-	96495	98625	2130	2130	2281.0
YPL239W	chrXVI	+	99483	100086	603	603	1267.0
YPL237W	chrXVI	+	100495	101353	858	858	1036.0
YPL236C	chrXVI	-	101607	102702	1095	1095	1416.0
YPL235W	chrXVI	+	103231	104647	1416	1416	1782.0
YPL234C	chrXVI	-	104945	105440	495	495	675.0
YPL233W	chrXVI	+	106171	106822	651	651	932.0
YPL232W	chrXVI	+	107274	108147	873	873	1284.0
YPL231W	chrXVI	+	108651	114315	5664	5664	5833.0
YPL230W	chrXVI	+	115311	116487	1176	1176	1426.0
YPL229W	chrXVI	+	117066	117687	621	621	871.0
YPL228W	chrXVI	+	118381	120031	1650	1650	1981.0
YPL227C	chrXVI	-	120162	121167	1005	1005	1364.0
YPL226W	chrXVI	+	121766	125357	3591	3591	3869.0
YPL225W	chrXVI	+	126005	126446	441	441	627.0
YPL224C	chrXVI	-	126633	128088	1455	1455	1835.0
YPL223C	chrXVI	-	128631	129138	507	507	757.0
YPL222W	chrXVI	+	130161	132228	2067	2067	2272.0
YPL221W	chrXVI	+	133042	135424	2382	2382	2790.0
YPL220W	chrXVI	+	135789	136443	654	654	785.0
YPL219W	chrXVI	+	136749	138228	1479	1479	1643.0
YPL218W	chrXVI	+	138697	139409	712	573	770.0
YPL217C	chrXVI	-	139619	143171	3552	3552	3662.0
YPL216W	chrXVI	+	143820	147129	3309	3309	3559.0
YPL215W	chrXVI	+	147415	148423	1008	1008	1236.0
YPL214C	chrXVI	-	148568	150191	1623	1623	1789.0
YPL213W	chrXVI	+	150613	151330	717	717	897.0
YPL212C	chrXVI	-	151514	153149	1635	1635	1829.0
YPL211W	chrXVI	+	153494	154040	546	546	829.0
YPL210C	chrXVI	-	154289	156212	1923	1923	2095.0
YPL209C	chrXVI	-	156489	157593	1104	1104	1354.0
YPL208W	chrXVI	+	157841	159593	1752	1752	1855.0
YPL207W	chrXVI	+	159908	162341	2433	2433	2598.0
YPL206C	chrXVI	-	162631	163597	966	966	1324.0
YPL204W	chrXVI	+	164275	165760	1485	1485	1835.0
YPL203W	chrXVI	+	166255	167398	1143	1143	1653.0
YPL202C	chrXVI	-	168087	169338	1251	1251	1816.0
YPL201C	chrXVI	-	169769	171155	1386	1386	1636.0
YPL200W	chrXVI	+	171483	171954	471	471	721.0
YPL199C	chrXVI	-	172032	172755	723	723	804.0
YPL198W	chrXVI	+	173151	174702	1551	735	855.0
YPL196W	chrXVI	+	175042	175864	822	822	949.0
YPL195W	chrXVI	+	176222	179021	2799	2799	2974.0
YPL194W	chrXVI	+	179276	181115	1839	1839	2105.0
YPL193W	chrXVI	+	181402	182548	1146	1146	1811.0
YPL192C	chrXVI	-	182654	183056	402	402	652.0
YPL191C	chrXVI	-	183596	184679	1083	1083	1666.0
YPL190C	chrXVI	-	185316	187725	2409	2409	2996.0
YPL189C-A	chrXVI	-	188306	188513	207	207	568.0
YPL189W	chrXVI	+	189153	190983	1830	1830	2080.0
YPL188W	chrXVI	+	191405	192650	1245	1245	1520.0
YPL187W	chrXVI	+	193647	194145	498	498	748.0
YPL186C	chrXVI	-	194511	195426	915	915	1165.0
YPL184C	chrXVI	-	195949	197788	1839	1839	2641.0
YPL183W-A	chrXVI	+	199094	199376	282	282	543.0
YPL183C	chrXVI	-	199494	202536	3042	3042	3149.0
YPL181W	chrXVI	+	203420	204941	1521	1521	1887.0
YPL180W	chrXVI	+	205247	207647	2400	2400	2648.0
YPL179W	chrXVI	+	208156	209806	1650	1650	2099.0
YPL178W	chrXVI	+	212157	212784	627	627	822.0
YPL177C	chrXVI	-	213041	213962	921	921	1214.0
YPL176C	chrXVI	-	216011	218363	2352	2352	2681.0
YPL175W	chrXVI	+	218629	220088	1459	1359	1522.0
YPL174C	chrXVI	-	220166	222773	2607	2607	2813.0
YPL173W	chrXVI	+	223142	224036	894	894	1079.0
YPL172C	chrXVI	-	224352	225741	1389	1389	1666.0
YPL171C	chrXVI	-	226168	227371	1203	1203	1453.0
YPL170W	chrXVI	+	228313	228772	459	459	775.0
YPL169C	chrXVI	-	229038	230838	1800	1800	2034.0
YPL168W	chrXVI	+	231216	232509	1293	1293	1498.0
YPL167C	chrXVI	-	232592	237107	4515	4515	4655.0
YPL166W	chrXVI	+	237337	237979	642	642	934.0
YPL165C	chrXVI	-	237955	239077	1122	1122	1372.0
YPL164C	chrXVI	-	239349	241497	2148	2148	2460.0
YPL163C	chrXVI	-	241917	242700	783	783	1067.0
YPL162C	chrXVI	-	243205	244027	822	822	1427.0
YPL161C	chrXVI	-	244318	246220	1902	1902	2072.0
YPL160W	chrXVI	+	246989	250262	3273	3273	3511.0
YPL159C	chrXVI	-	250906	251668	762	762	1171.0
YPL158C	chrXVI	-	252033	254310	2277	2277	2402.0
YPL157W	chrXVI	+	254813	255761	948	948	1551.0
YPL156C	chrXVI	-	255912	256767	855	855	1100.0
YPL155C	chrXVI	-	257215	259336	2121	2121	2606.0
YPL154C	chrXVI	-	259713	260931	1218	1218	1604.0
YPL153C	chrXVI	-	261726	264192	2466	2466	2647.0
YPL152W-A	chrXVI	+	264601	264700	99	99	29.0
YPL152W	chrXVI	+	265027	266104	1077	1077	1327.0
YPL151C	chrXVI	-	266179	267535	1356	1356	1469.0
YPL150W	chrXVI	+	268187	270893	2706	2706	3069.0
YPL149W	chrXVI	+	271309	272194	885	885	1056.0
YPL148C	chrXVI	-	272293	272815	522	522	823.0
YPL147W	chrXVI	+	273254	275867	2613	2613	1192.0
YPL146C	chrXVI	-	276161	277529	1368	1368	1597.0
YPL145C	chrXVI	-	278394	279699	1305	1305	2136.0
YPL144W	chrXVI	+	280479	280926	447	447	609.0
YPL143W	chrXVI	+	282121	282970	849	324	511.0
YPL141C	chrXVI	-	283463	286061	2598	2598	3065.0
YPL140C	chrXVI	-	287513	289034	1521	1521	1923.0
YPL139C	chrXVI	-	289668	291051	1383	1383	1535.0
YPL138C	chrXVI	-	291365	292427	1062	1062	1330.0
YPL137C	chrXVI	-	292816	296647	3831	3831	4133.0
YPL135W	chrXVI	+	297552	298050	498	498	1028.0
YPL134C	chrXVI	-	298570	299503	933	933	1139.0
YPL133C	chrXVI	-	299887	301228	1341	1341	1617.0
YPL132W	chrXVI	+	301715	302618	903	903	1188.0
YPL131W	chrXVI	+	303120	304014	894	894	1012.0
YPL130W	chrXVI	+	304386	305058	672	672	922.0
YPL129W	chrXVI	+	305297	306137	840	735	912.0
YPL128C	chrXVI	-	306532	308221	1689	1689	2114.0
YPL127C	chrXVI	-	308827	309604	777	777	1130.0
YPL126W	chrXVI	+	310209	312900	2691	2691	2887.0
YPL125W	chrXVI	+	313387	316486	3099	3099	3330.0
YPL124W	chrXVI	+	316754	317516	762	762	1012.0
YPL123C	chrXVI	-	317640	318945	1305	1305	1447.0
YPL122C	chrXVI	-	319225	320767	1542	1542	1667.0
YPL121C	chrXVI	-	320961	321630	669	669	919.0
YPL120W	chrXVI	+	322070	323744	1674	1674	1790.0
YPL119C-A	chrXVI	-	324023	324287	264	264	514.0
YPL119C	chrXVI	-	324410	326264	1854	1854	2104.0
YPL118W	chrXVI	+	326627	327662	1035	1035	1220.0
YPL117C	chrXVI	-	327863	328730	867	867	1256.0
YPL116W	chrXVI	+	329605	331699	2094	2094	2467.0
YPL115C	chrXVI	-	332099	335486	3387	3387	3902.0
YPL113C	chrXVI	-	335952	337143	1191	1191	1441.0
YPL112C	chrXVI	-	337435	338620	1185	1185	1341.0
YPL111W	chrXVI	+	339943	340945	1002	1002	1152.0
YPL110C	chrXVI	-	341067	344739	3672	3672	3971.0
YPL109C	chrXVI	-	345263	347389	2126	1974	2224.0
YPL108W	chrXVI	+	348445	348952	507	507	617.0
YPL107W	chrXVI	+	349118	349865	747	747	1035.0
YPL106C	chrXVI	-	350193	352275	2082	2082	2292.0
YPL105C	chrXVI	-	352862	355412	2550	2550	2706.0
YPL104W	chrXVI	+	355699	357676	1977	1977	2158.0
YPL103C	chrXVI	-	357999	359406	1407	1407	1751.0
YPL101W	chrXVI	+	360208	361579	1371	1371	1614.0
YPL100W	chrXVI	+	361871	363362	1491	1491	1594.0
YPL099C	chrXVI	-	363519	364068	549	549	764.0
YPL098C	chrXVI	-	364385	364727	342	342	595.0
YPL097W	chrXVI	+	364951	366430	1479	1479	1614.0
YPL096C-A	chrXVI	-	366528	366735	207	207	375.0
YPL096W	chrXVI	+	366926	368018	1092	1092	1212.0
YPL095C	chrXVI	-	368070	369441	1371	1371	1455.0
YPL094C	chrXVI	-	369838	370663	825	825	914.0
YPL093W	chrXVI	+	370977	372921	1944	1944	2263.0
YPL092W	chrXVI	+	373792	375169	1377	1377	1620.0
YPL091W	chrXVI	+	375501	376953	1452	1452	1561.0
YPL090C	chrXVI	-	377290	378395	1105	711	908.0
YPL089C	chrXVI	-	379119	381150	2031	2031	2412.0
YPL088W	chrXVI	+	381964	382993	1029	1029	1152.0
YPL087W	chrXVI	+	383454	384408	954	954	1308.0
YPL086C	chrXVI	-	384772	386446	1674	1674	1861.0
YPL085W	chrXVI	+	387066	393654	6588	6588	6680.0
YPL084W	chrXVI	+	394037	396572	2535	2535	2755.0
YPL083C	chrXVI	-	396701	398105	1404	1404	1644.0
YPL082C	chrXVI	-	398479	404083	5604	5604	5858.0
YPL081W	chrXVI	+	404949	406044	1095	594	834.0
YPL080C	chrXVI	-	406171	406498	327	327	577.0
YPL079W	chrXVI	+	406635	407539	904	483	614.0
YPL078C	chrXVI	-	408009	408744	735	735	1060.0
YPL077C	chrXVI	-	409367	410090	723	723	1103.0
YPL076W	chrXVI	+	410442	411285	843	843	1240.0
YPL075W	chrXVI	+	412253	415362	3109	2358	3288.0
YPL074W	chrXVI	+	415762	418027	2265	2265	2432.0
YPL072W	chrXVI	+	418511	420011	1500	1500	1677.0
YPL071C	chrXVI	-	420047	420518	471	471	618.0
YPL070W	chrXVI	+	420947	422786	1839	1839	2294.0
YPL069C	chrXVI	-	422884	423892	1008	1008	1215.0
YPL068C	chrXVI	-	424214	425096	882	882	1132.0
YPL067C	chrXVI	-	425250	425847	597	597	749.0
YPL066W	chrXVI	+	426232	427672	1440	1440	1738.0
YPL065W	chrXVI	+	427926	428655	729	729	791.0
YPL064C	chrXVI	-	428710	429616	906	906	1064.0
YPL063W	chrXVI	+	429938	431369	1431	1431	1675.0
YPL062W	chrXVI	+	431894	432299	405	405	655.0
YPL061W	chrXVI	+	432587	434090	1503	1503	1667.0
YPL060W	chrXVI	+	434522	435764	1242	1242	1410.0
YPL059W	chrXVI	+	444578	445031	453	453	703.0
YPL058C	chrXVI	-	445841	450377	4536	4536	4920.0
YPL057C	chrXVI	-	451908	453057	1149	1149	1822.0
YPL056C	chrXVI	-	453429	453735	306	306	556.0
YPL055C	chrXVI	-	453991	454990	999	999	1793.0
YPL054W	chrXVI	+	455758	456664	906	906	1156.0
YPL053C	chrXVI	-	457117	458458	1341	1341	1552.0
YPL052W	chrXVI	+	458798	459678	880	879	1126.0
YPL051W	chrXVI	+	459962	460559	597	597	829.0
YPL050C	chrXVI	-	460778	461966	1188	1188	1531.0
YPL049C	chrXVI	-	462480	463839	1359	1359	1715.0
YPL048W	chrXVI	+	464400	465648	1248	1248	1510.0
YPL047W	chrXVI	+	465961	466261	300	300	859.0
YPL046C	chrXVI	-	466643	466943	300	300	603.0
YPL045W	chrXVI	+	467259	469656	2397	2397	2722.0
YPL043W	chrXVI	+	469938	471996	2058	2058	2257.0
YPL042C	chrXVI	-	473039	474707	1668	1668	2020.0
YPL041C	chrXVI	-	475117	475741	624	624	843.0
YPL040C	chrXVI	-	475992	479001	3009	3009	3108.0
YPL039W	chrXVI	+	479224	480175	951	951	1140.0
YPL038W-A	chrXVI	+	480181	480373	192	192	442.0
YPL038W	chrXVI	+	480534	481068	534	534	683.0
YPL037C	chrXVI	-	481427	481901	474	474	685.0
YPL036W	chrXVI	+	482842	485686	2844	2844	3381.0
YPL034W	chrXVI	+	486711	487209	498	498	1015.0
YPL033C	chrXVI	-	487361	488207	846	846	1096.0
YPL032C	chrXVI	-	488886	491364	2478	2478	3041.0
YPL031C	chrXVI	-	492017	493037	1020	918	1031.0
YPL030W	chrXVI	+	493542	495246	1704	1704	1903.0
YPL029W	chrXVI	+	495505	497719	2214	2214	2328.0
YPL028W	chrXVI	+	498095	499292	1197	1197	1407.0
YPL027W	chrXVI	+	499664	500402	738	738	988.0
YPL026C	chrXVI	-	500674	502183	1509	1509	1831.0
YPL024W	chrXVI	+	503516	504242	726	726	891.0
YPL023C	chrXVI	-	504338	506312	1974	1974	2281.0
YPL022W	chrXVI	+	506696	509999	3303	3303	3595.0
YPL021W	chrXVI	+	511100	511664	564	564	814.0
YPL020C	chrXVI	-	512312	514178	1866	1866	2060.0
YPL019C	chrXVI	-	514510	517018	2508	2508	2859.0
YPL018W	chrXVI	+	517650	518760	1110	1110	1377.0
YPL017C	chrXVI	-	518733	520233	1500	1500	1750.0
YPL016W	chrXVI	+	521013	524958	3945	3945	4442.0
YPL015C	chrXVI	-	525809	526883	1074	1074	1459.0
YPL014W	chrXVI	+	527546	528692	1146	1146	1431.0
YPL013C	chrXVI	-	528984	529350	366	366	559.0
YPL012W	chrXVI	+	529722	533409	3687	3687	3942.0
YPL011C	chrXVI	-	533641	534703	1062	1062	1223.0
YPL010W	chrXVI	+	535017	535587	570	570	844.0
YPL009C	chrXVI	-	535819	538936	3117	3117	3359.0
YPL008W	chrXVI	+	539384	541970	2586	2586	2903.0
YPL007C	chrXVI	-	542081	543848	1767	1767	1909.0
YPL006W	chrXVI	+	544630	548143	3513	3513	3750.0
YPL005W	chrXVI	+	548485	550306	1821	1821	1954.0
YPL004C	chrXVI	-	550631	551657	1026	1026	1371.0
YPL003W	chrXVI	+	552019	553408	1389	1389	1452.0
YPL002C	chrXVI	-	553626	554328	702	702	1131.0
YPL001W	chrXVI	+	554604	555729	1125	1125	1204.0
YPR001W	chrXVI	+	556376	557837	1461	1461	1711.0
YPR002W	chrXVI	+	558384	559935	1551	1551	1748.0
YPR003C	chrXVI	-	561503	563768	2265	2265	2536.0
YPR004C	chrXVI	-	564006	565041	1035	1035	1139.0
YPR005C	chrXVI	-	565786	566671	885	885	1135.0
YPR006C	chrXVI	-	567268	568996	1728	1728	806.0
YPR007C	chrXVI	-	569335	571378	2043	2043	2293.0
YPR008W	chrXVI	+	573017	575102	2085	2085	2505.0
YPR009W	chrXVI	+	576551	577358	807	807	1101.0
YPR010C	chrXVI	-	577584	581196	3612	3612	3844.0
YPR010C-A	chrXVI	-	582372	582734	362	219	412.0
YPR011C	chrXVI	-	583061	584042	981	981	1285.0
YPR013C	chrXVI	-	584631	585585	954	954	1859.0
YPR014C	chrXVI	-	587188	587518	330	330	580.0
YPR015C	chrXVI	-	590282	591026	744	744	994.0
YPR016C	chrXVI	-	592331	593069	738	738	1053.0
YPR017C	chrXVI	-	593485	593917	432	432	713.0
YPR018W	chrXVI	+	594475	596296	1821	1821	2046.0
YPR019W	chrXVI	+	596749	599551	2802	2802	3059.0
YPR020W	chrXVI	+	599869	600217	348	348	525.0
YPR021C	chrXVI	-	600648	603357	2709	2709	2989.0
YPR022C	chrXVI	-	603910	607312	3402	3402	3630.0
YPR023C	chrXVI	-	608825	610031	1206	1206	1464.0
YPR024W	chrXVI	+	610480	612724	2244	2244	2930.0
YPR025C	chrXVI	-	613376	614558	1182	1182	1331.0
YPR026W	chrXVI	+	615378	619014	3636	3636	3735.0
YPR027C	chrXVI	-	620424	621258	834	834	1084.0
YPR028W	chrXVI	+	623526	624202	676	543	719.0
YPR029C	chrXVI	-	624468	626967	2499	2499	2780.0
YPR030W	chrXVI	+	627879	631245	3366	3366	3616.0
YPR031W	chrXVI	+	631514	633761	2247	2247	2427.0
YPR032W	chrXVI	+	634122	637224	3102	3102	3255.0
YPR033C	chrXVI	-	637378	639019	1641	1641	1791.0
YPR034W	chrXVI	+	639524	640958	1434	1434	1761.0
YPR035W	chrXVI	+	642207	643320	1113	1113	1448.0
YPR036W	chrXVI	+	643835	645272	1437	1437	1583.0
YPR036W-A	chrXVI	+	645949	646153	204	204	527.0
YPR037C	chrXVI	-	646447	647038	591	591	769.0
YPR038W	chrXVI	+	646835	647195	360	360	610.0
YPR040W	chrXVI	+	647304	648375	1071	1071	1150.0
YPR041W	chrXVI	+	648703	649921	1218	1218	1463.0
YPR042C	chrXVI	-	650434	653662	3228	3228	3598.0
YPR043W	chrXVI	+	654165	654847	682	279	553.0
YPR045C	chrXVI	-	655139	656552	1413	1413	1555.0
YPR046W	chrXVI	+	656798	657344	546	546	610.0
YPR047W	chrXVI	+	657528	658938	1410	1410	1529.0
YPR048W	chrXVI	+	659181	661053	1872	1872	1971.0
YPR049C	chrXVI	-	661136	664673	3537	3537	3689.0
YPR051W	chrXVI	+	664959	665490	531	531	682.0
YPR052C	chrXVI	-	665692	665974	282	282	532.0
YPR053C	chrXVI	-	665787	666243	456	456	536.0
YPR054W	chrXVI	+	666279	667446	1167	1167	1417.0
YPR055W	chrXVI	+	667675	670873	3198	3198	3323.0
YPR056W	chrXVI	+	671125	672142	1017	1017	1253.0
YPR057W	chrXVI	+	672470	673496	1026	1026	1276.0
YPR058W	chrXVI	+	673750	674674	924	924	1175.0
YPR060C	chrXVI	-	674860	675631	771	771	1059.0
YPR061C	chrXVI	-	675976	676882	906	906	1079.0
YPR062W	chrXVI	+	677164	677641	477	477	621.0
YPR063C	chrXVI	-	677811	678320	509	423	667.0
YPR064W	chrXVI	+	678950	679370	420	420	670.0
YPR065W	chrXVI	+	679692	680799	1107	1107	1528.0
YPR066W	chrXVI	+	681212	682112	900	900	1671.0
YPR067W	chrXVI	+	682219	682777	558	558	769.0
YPR068C	chrXVI	-	682940	684353	1413	1413	1611.0
YPR069C	chrXVI	-	684555	685437	882	882	1032.0
YPR070W	chrXVI	+	685897	687598	1701	1701	2171.0
YPR071W	chrXVI	+	688171	688807	636	636	1158.0
YPR072W	chrXVI	+	690106	691789	1683	1683	1898.0
YPR073C	chrXVI	-	691932	692418	486	486	769.0
YPR074C	chrXVI	-	692795	694838	2043	2043	2277.0
YPR075C	chrXVI	-	695736	696819	1083	1083	1253.0
YPR078C	chrXVI	-	697146	698265	1119	1119	1369.0
YPR079W	chrXVI	+	698868	700014	1146	1146	1338.0
YPR080W	chrXVI	+	700593	701970	1377	1377	1529.0
YPR081C	chrXVI	-	702113	703970	1857	1857	1964.0
YPR082C	chrXVI	-	704224	704656	432	432	612.0
YPR083W	chrXVI	+	704853	706593	1740	1740	1990.0
YPR084W	chrXVI	+	706971	708342	1371	1371	1653.0
YPR085C	chrXVI	-	708496	709828	1332	1332	1538.0
YPR086W	chrXVI	+	710100	711138	1038	1038	1359.0
YPR088C	chrXVI	-	711402	713028	1626	1626	1784.0
YPR089W	chrXVI	+	713274	715941	2667	2667	2949.0
YPR091C	chrXVI	-	716155	718468	2313	2313	2567.0
YPR093C	chrXVI	-	719557	720424	867	867	1882.0
YPR094W	chrXVI	+	720636	720960	324	324	447.0
YPR095C	chrXVI	-	721036	724717	3681	3681	3780.0
YPR096C	chrXVI	-	724841	725144	303	303	553.0
YPR097W	chrXVI	+	725393	728615	3222	3222	3625.0
YPR098C	chrXVI	-	728946	729528	582	486	731.0
YPR099C	chrXVI	-	729756	730113	357	357	607.0
YPR100W	chrXVI	+	729790	730213	423	423	557.0
YPR101W	chrXVI	+	730491	731019	528	528	763.0
YPR102C	chrXVI	-	731223	731748	525	525	640.0
YPR103W	chrXVI	+	732348	733212	864	864	1161.0
YPR104C	chrXVI	-	733622	736433	2811	2811	3480.0
YPR105C	chrXVI	-	736983	739569	2586	2586	2882.0
YPR106W	chrXVI	+	740060	741392	1332	1332	1425.0
YPR107C	chrXVI	-	741437	742064	627	627	901.0
YPR108W	chrXVI	+	742453	743743	1290	1290	1646.0
YPR109W	chrXVI	+	744688	745573	885	885	1224.0
YPR110C	chrXVI	-	745827	746835	1008	1008	1238.0
YPR111W	chrXVI	+	747305	749000	1695	1695	1976.0
YPR112C	chrXVI	-	749255	751919	2664	2664	2810.0
YPR113W	chrXVI	+	752256	752919	663	663	857.0
YPR114W	chrXVI	+	753300	754248	948	948	1150.0
YPR115W	chrXVI	+	754876	758128	3252	3252	3723.0
YPR116W	chrXVI	+	758647	759481	834	834	1121.0
YPR117W	chrXVI	+	760024	767494	7470	7470	7720.0
YPR118W	chrXVI	+	767751	768987	1236	1236	1373.0
YPR119W	chrXVI	+	771652	773128	1476	1476	2553.0
YPR120C	chrXVI	-	773874	775182	1308	1308	600.0
YPR121W	chrXVI	+	778582	780301	1719	1719	2706.0
YPR122W	chrXVI	+	782044	785671	3627	3627	3820.0
YPR124W	chrXVI	+	786207	787428	1221	1221	1623.0
YPR125W	chrXVI	+	787960	789325	1365	1365	1667.0
YPR127W	chrXVI	+	790082	791120	1038	1038	1298.0
YPR128C	chrXVI	-	791217	792204	987	987	1312.0
YPR129W	chrXVI	+	792686	793736	1050	1050	1157.0
YPR131C	chrXVI	-	793910	794498	588	588	819.0
YPR132W	chrXVI	+	794964	795767	803	438	602.0
YPR133C	chrXVI	-	795977	797210	1233	1233	1406.0
YPR133W-A	chrXVI	+	797556	797709	153	153	354.0
YPR134W	chrXVI	+	798050	798857	807	807	953.0
YPR135W	chrXVI	+	799233	802017	2784	2784	2898.0
YPR137W	chrXVI	+	802358	804080	1722	1722	1952.0
YPR138C	chrXVI	-	810983	812453	1470	1470	1841.0
YPR139C	chrXVI	-	813155	814058	903	903	1050.0
YPR140W	chrXVI	+	814390	815536	1146	1146	1328.0
YPR141C	chrXVI	-	815733	817923	2190	2190	2518.0
YPR143W	chrXVI	+	818322	819075	753	753	959.0
YPR144C	chrXVI	-	819764	821423	1659	1659	1834.0
YPR145W	chrXVI	+	822619	824338	1719	1719	1915.0
YPR145C-A	chrXVI	-	824689	824926	237	237	604.0
YPR147C	chrXVI	-	825644	826559	915	915	1186.0
YPR148C	chrXVI	-	826832	828140	1308	1308	1486.0
YPR149W	chrXVI	+	829917	830439	522	522	1070.0
YPR151C	chrXVI	-	831054	831675	621	621	871.0
YPR152C	chrXVI	-	832060	833458	1398	1398	1808.0
YPR153W	chrXVI	+	833688	834245	557	423	730.0
YPR154W	chrXVI	+	834564	835212	648	648	990.0
YPR155C	chrXVI	-	835562	837413	1851	1851	2002.0
YPR156C	chrXVI	-	837908	839777	1869	1869	2437.0
YPR157W	chrXVI	+	841265	842669	1404	1404	1654.0
YPR158W	chrXVI	+	843261	844020	759	759	984.0
YPR159W	chrXVI	+	857582	859745	2163	2163	2738.0
YPR159C-A	chrXVI	-	860313	860415	102	102	352.0
YPR160W	chrXVI	+	861305	864014	2709	2709	2959.0
YPR161C	chrXVI	-	864448	866422	1974	1974	2135.0
YPR162C	chrXVI	-	866714	868304	1590	1590	1651.0
YPR163C	chrXVI	-	868644	869955	1311	1311	1549.0
YPR164W	chrXVI	+	870702	874926	4224	4224	4542.0
YPR165W	chrXVI	+	875367	875997	630	630	1208.0
YPR166C	chrXVI	-	876281	876629	348	348	470.0
YPR167C	chrXVI	-	876846	877632	786	786	892.0
YPR168W	chrXVI	+	878075	878549	474	474	731.0
YPR169W	chrXVI	+	878689	880168	1479	1479	1729.0
YPR170W-B	chrXVI	+	883238	883595	357	258	508.0
YPR171W	chrXVI	+	883827	885558	1731	1731	1865.0
YPR172W	chrXVI	+	885795	886398	603	603	748.0
YPR173C	chrXVI	-	886523	887837	1314	1314	1490.0
YPR174C	chrXVI	-	888042	888708	666	666	806.0
YPR175W	chrXVI	+	888973	891043	2070	2070	2184.0
YPR176C	chrXVI	-	891100	892078	978	978	1169.0
YPR178W	chrXVI	+	892331	893729	1398	1398	1527.0
YPR179C	chrXVI	-	893796	895764	1968	1968	2091.0
YPR180W	chrXVI	+	895960	897004	1044	1044	1179.0
YPR181C	chrXVI	-	897360	899667	2307	2307	2694.0
YPR182W	chrXVI	+	900193	900454	261	261	400.0
YPR183W	chrXVI	+	900754	901558	804	804	921.0
YPR184W	chrXVI	+	902043	906654	4611	4611	4861.0
YPR185W	chrXVI	+	907217	909434	2217	2217	2838.0
YPR186C	chrXVI	-	909732	911022	1290	1290	1426.0
YPR187W	chrXVI	+	911256	911800	544	468	783.0
YPR188C	chrXVI	-	911987	912479	492	492	627.0
YPR189W	chrXVI	+	912663	916962	4299	4299	4463.0
YPR190C	chrXVI	-	917076	919041	1965	1965	2098.0
YPR191W	chrXVI	+	919380	920487	1107	1107	1437.0
YPR192W	chrXVI	+	921859	922777	918	918	1168.0
YPR193C	chrXVI	-	922908	923379	471	471	721.0
YPR194C	chrXVI	-	924303	926937	2634	2634	2884.0
YPR195C	chrXVI	-	927964	928294	330	330	580.0
YPR196W	chrXVI	+	931375	932788	1413	1413	1663.0
YPR198W	chrXVI	+	934033	935665	1632	1632	1880.0
YPR199C	chrXVI	-	938147	939032	885	885	1074.0
YPR200C	chrXVI	-	939278	939671	393	393	643.0
YPR201W	chrXVI	+	939921	941136	1215	1215	1465.0
YPR202W	chrXVI	+	943031	943896	865	717	967.0
YPR203W	chrXVI	+	943879	944188	309	309	559.0
YPR204W	chrXVI	+	944602	947701	3099	3099	3198.0
