{
  "n_control_sites": 5000,
  "n_bam_files": 112,
  "total_reads_analyzed": 4231184229,
  "total_polya_reads": 12458,
  "tail_length_mean": 2.539251886338096,
  "tail_length_median": 2.0,
  "tail_length_std": 1.6923734623515148,
  "length_distribution": {
    "1": 1179,
    "2": 8848,
    "3": 458,
    "4": 851,
    "5": 313,
    "6": 120,
    "7": 339,
    "8": 150,
    "9": 62,
    "10": 74,
    "11": 25,
    "12": 7,
    "13": 13,
    "14": 5,
    "15": 5,
    "16": 6,
    "17": 1,
    "18": 0,
    "19": 1,
    "20": 1
  }
}